{"type":"Feature","properties":{"name":"Icelandic glaciers","source":"OpenStreetMap"},"geometry":{"type":"MultiPolygon","coordinates":[[[[-16.7422876,64.0443766],[-16.742588,64.0444329],[-16.7429742,64.0441606],[-16.7435965,64.0445174],[-16.7442402,64.0445738],[-16.7447767,64.0448086],[-16.7449054,64.0447334],[-16.7445836,64.0443578],[-16.7437682,64.0440103],[-16.7437252,64.0437567],[-16.744841,64.0437661],[-16.7455706,64.0435783],[-16.7461285,64.0436158],[-16.7468366,64.0438976],[-16.7475876,64.0440009],[-16.747416,64.0447053],[-16.7478666,64.0447428],[-16.748918,64.044386],[-16.7499909,64.0444517],[-16.7506132,64.0442451],[-16.7506346,64.0440197],[-16.7499265,64.0437849],[-16.7492613,64.0436816],[-16.748918,64.0437098],[-16.7488536,64.0438319],[-16.747888,64.0437755],[-16.7467386,64.0432438],[-16.7459121,64.0427341],[-16.7458933,64.042397],[-16.7456679,64.0422408],[-16.74548,64.0416899],[-16.745743,64.0413528],[-16.7465132,64.041139],[-16.747659,64.0412459],[-16.7492368,64.0411883],[-16.7497816,64.0413363],[-16.7499694,64.0415337],[-16.7499506,64.0416981],[-16.7494247,64.0420106],[-16.7497252,64.0422572],[-16.7507771,64.0424545],[-16.7512655,64.0422901],[-16.7516224,64.041953],[-16.751998,64.0418132],[-16.7523362,64.0417803],[-16.7532941,64.0410568],[-16.7539891,64.0410157],[-16.7544212,64.0406539],[-16.7546841,64.0406375],[-16.755135,64.0408266],[-16.7556609,64.040843],[-16.7557736,64.0409581],[-16.7554355,64.0413363],[-16.7556985,64.0413857],[-16.755999,64.0413117],[-16.7565062,64.0413446],[-16.7566564,64.0414926],[-16.7571824,64.041509],[-16.7578398,64.0413939],[-16.7581216,64.0415255],[-16.75861,64.0416652],[-16.7591923,64.0415008],[-16.7592111,64.0411472],[-16.7596806,64.0411226],[-16.7600939,64.0412541],[-16.7606198,64.0412623],[-16.7614463,64.0402428],[-16.7622353,64.0400948],[-16.7627048,64.039807],[-16.7629303,64.0394616],[-16.7637192,64.0393383],[-16.7642639,64.0394123],[-16.7641136,64.0399714],[-16.7644142,64.0403415],[-16.7649026,64.0404566],[-16.7651655,64.0403415],[-16.7652782,64.0401277],[-16.7657103,64.0399961],[-16.7662174,64.0400537],[-16.76695,64.040325],[-16.7670064,64.0405306],[-16.7667622,64.0406539],[-16.7662362,64.0407608],[-16.7660296,64.041065],[-16.7661611,64.0412295],[-16.7651468,64.0415337],[-16.7642076,64.0415912],[-16.7638882,64.0418214],[-16.7639258,64.0420352],[-16.764433,64.0423065],[-16.7649777,64.0423148],[-16.7655224,64.0424545],[-16.7667622,64.0421668],[-16.7679831,64.0413117],[-16.7694483,64.0407772],[-16.7713266,64.0413446],[-16.7715145,64.041657],[-16.7713454,64.0419201],[-16.7707819,64.042175],[-16.7704062,64.042619],[-16.7695985,64.0428163],[-16.7686593,64.0429149],[-16.7681897,64.0431863],[-16.7682085,64.0434576],[-16.7677577,64.0435398],[-16.7673445,64.0435069],[-16.7665743,64.043696],[-16.7665368,64.0439098],[-16.7661611,64.0442139],[-16.7661235,64.0449703],[-16.7658605,64.0451594],[-16.7653909,64.0452662],[-16.7653346,64.0454635],[-16.7642451,64.04548],[-16.7640385,64.0454307],[-16.763907,64.0450772],[-16.763738,64.0449292],[-16.7632871,64.0449127],[-16.7623667,64.0452416],[-16.762348,64.0453731],[-16.7617844,64.04548],[-16.760864,64.0454635],[-16.7599248,64.0457431],[-16.7591735,64.0457102],[-16.7588542,64.0455375],[-16.7587602,64.04511],[-16.7591735,64.0448799],[-16.7591923,64.044699],[-16.7588917,64.0444441],[-16.7588354,64.0442715],[-16.7592486,64.044066],[-16.7602254,64.0438604],[-16.7604132,64.0436631],[-16.7598497,64.0432685],[-16.7591547,64.0431534],[-16.7581967,64.043252],[-16.7580652,64.0433425],[-16.7581779,64.0435316],[-16.7577083,64.0437124],[-16.7578586,64.0439015],[-16.7578398,64.0449374],[-16.7580465,64.045258],[-16.7580652,64.0458664],[-16.7585348,64.0461294],[-16.7588917,64.0462199],[-16.7593613,64.0462199],[-16.7602629,64.0459732],[-16.7609016,64.0459568],[-16.7617281,64.0461212],[-16.7624794,64.0464172],[-16.7624982,64.0466144],[-16.7621789,64.0468282],[-16.7610894,64.0468528],[-16.7606386,64.0470584],[-16.7608828,64.0472885],[-16.7614463,64.0473543],[-16.7613336,64.0475187],[-16.7603381,64.047716],[-16.7597182,64.048201],[-16.7593989,64.0482256],[-16.7581404,64.0485873],[-16.7577271,64.0487764],[-16.7581216,64.048949],[-16.7573327,64.049549],[-16.7559427,64.0498696],[-16.755304,64.0500669],[-16.754609,64.0501162],[-16.7535571,64.0505354],[-16.7535571,64.050634],[-16.7540831,64.0506998],[-16.7550786,64.0503299],[-16.757652,64.0498943],[-16.7594928,64.049212],[-16.7601127,64.0487517],[-16.760864,64.0484065],[-16.7617844,64.0483243],[-16.7619869,64.0484079],[-16.7624607,64.0486038],[-16.7629678,64.0489408],[-16.7630993,64.0495162],[-16.7643578,64.0496312],[-16.7653158,64.0496312],[-16.7661986,64.0494668],[-16.7664992,64.0495901],[-16.7665555,64.0499271],[-16.7667622,64.0499682],[-16.7669688,64.0496805],[-16.7674008,64.0493518],[-16.7667246,64.0491298],[-16.7661799,64.0491709],[-16.7660108,64.0489572],[-16.7660484,64.0488257],[-16.7665368,64.0487353],[-16.7667622,64.048127],[-16.7672505,64.0479215],[-16.7675323,64.0479215],[-16.7676074,64.0480859],[-16.7674008,64.0482092],[-16.7675323,64.0483736],[-16.7679268,64.0483983],[-16.768603,64.0481105],[-16.7689599,64.0478228],[-16.7694858,64.0477653],[-16.7701996,64.0473378],[-16.770256,64.047157],[-16.7700869,64.0469022],[-16.7702372,64.0466391],[-16.7707443,64.0465816],[-16.7715896,64.0467871],[-16.7722658,64.0467871],[-16.7735807,64.0462692],[-16.7735807,64.0460143],[-16.7742194,64.0452745],[-16.7742194,64.0447812],[-16.7743884,64.0445675],[-16.7756469,64.044255],[-16.7760038,64.0440906],[-16.7764546,64.0435233],[-16.7770369,64.0433836],[-16.7775629,64.0430547],[-16.7786711,64.0425203],[-16.779028,64.0422654],[-16.7797606,64.0423065],[-16.7797606,64.0424299],[-16.7786148,64.0430876],[-16.778859,64.0432356],[-16.7768303,64.0445592],[-16.7768679,64.0447154],[-16.7774126,64.0449538],[-16.7760602,64.045891],[-16.7762856,64.0460719],[-16.7766237,64.0461705],[-16.7772811,64.0459979],[-16.7775817,64.0457348],[-16.7802114,64.0445757],[-16.782334,64.0439591],[-16.7849262,64.0434822],[-16.7853018,64.0435398],[-16.7851891,64.04377],[-16.7840997,64.0439426],[-16.7831229,64.0443537],[-16.7812821,64.046113],[-16.7794225,64.0465651],[-16.7785396,64.0472228],[-16.7784833,64.0476584],[-16.7784457,64.0479872],[-16.7777132,64.0481763],[-16.7771121,64.0486284],[-16.776079,64.048801],[-16.7751961,64.0488421],[-16.7719841,64.0494422],[-16.7712515,64.0494011],[-16.7705189,64.0495819],[-16.7702184,64.0497299],[-16.7703311,64.0499271],[-16.7713266,64.0501408],[-16.771383,64.050445],[-16.7719841,64.0508642],[-16.7717587,64.05116],[-16.7714018,64.0512669],[-16.7716084,64.0513737],[-16.7722283,64.0513984],[-16.7734116,64.0510532],[-16.7740503,64.0508395],[-16.7743884,64.0506011],[-16.7744072,64.0503463],[-16.7745762,64.0501655],[-16.7750834,64.0501655],[-16.7817329,64.0513984],[-16.7830666,64.0513737],[-16.7838743,64.0514888],[-16.7859217,64.0514806],[-16.7863162,64.0517518],[-16.7868609,64.0518422],[-16.7871427,64.0519984],[-16.787631,64.0520559],[-16.7878564,64.0519162],[-16.7878189,64.0516861],[-16.7874244,64.0513573],[-16.7876686,64.0509217],[-16.788157,64.0508395],[-16.7889083,64.0508642],[-16.7892652,64.0506422],[-16.7899978,64.0505354],[-16.7903359,64.0506669],[-16.7904674,64.0511025],[-16.7911436,64.0511354],[-16.7914254,64.0509874],[-16.7914066,64.0507162],[-16.7917635,64.0504039],[-16.7923082,64.0501984],[-16.7931911,64.050297],[-16.7935292,64.0500997],[-16.7950694,64.0504121],[-16.795539,64.050445],[-16.7964219,64.0502477],[-16.7971357,64.0502888],[-16.798413,64.0507326],[-16.7992958,64.0507326],[-16.7998593,64.0508806],[-16.8003665,64.0508066],[-16.8009864,64.0504778],[-16.8014184,64.050445],[-16.802151,64.0506751],[-16.8024515,64.0510285],[-16.8035597,64.0513737],[-16.8035034,64.051645],[-16.8024139,64.0517189],[-16.8007422,64.0516121],[-16.8005919,64.0517107],[-16.8007422,64.0519326],[-16.8015311,64.0520313],[-16.8037476,64.0521792],[-16.8042547,64.0520806],[-16.8046304,64.0521217],[-16.8042172,64.052623],[-16.8035034,64.0529025],[-16.8034095,64.0530833],[-16.8041045,64.0534202],[-16.8045741,64.0534613],[-16.8051752,64.0533298],[-16.8075795,64.0535353],[-16.8085375,64.0536339],[-16.8099838,64.0542092],[-16.810491,64.0545133],[-16.8110733,64.0546612],[-16.8115241,64.0549817],[-16.812144,64.0558446],[-16.8119749,64.0559679],[-16.8111484,64.0557542],[-16.8101529,64.0556309],[-16.8088944,64.0557789],[-16.8071099,64.055861],[-16.8067718,64.0561487],[-16.8058514,64.0565431],[-16.8053818,64.0569129],[-16.8050061,64.0569376],[-16.8044238,64.0567075],[-16.8032404,64.0565185],[-16.8020946,64.0561158],[-16.7995776,64.0556638],[-16.7983754,64.0556309],[-16.7974926,64.0557624],[-16.7974362,64.0559679],[-16.7979434,64.056198],[-16.7989389,64.056313],[-16.7996151,64.056198],[-16.8007609,64.0562719],[-16.8021322,64.0565678],[-16.8029211,64.0568718],[-16.8031841,64.0571594],[-16.8031277,64.0575046],[-16.8023388,64.0578826],[-16.8000847,64.0584167],[-16.7991268,64.0587043],[-16.7979622,64.0596328],[-16.7982251,64.0603969],[-16.7985257,64.0605941],[-16.7985445,64.0608981],[-16.7982627,64.0610296],[-16.7979997,64.0617773],[-16.7969854,64.062032],[-16.7970042,64.0621798],[-16.7959147,64.0622949],[-16.7938861,64.062032],[-16.7926088,64.0617444],[-16.7916696,64.0617937],[-16.7905613,64.061769],[-16.7899978,64.0614158],[-16.7892277,64.0613007],[-16.7890398,64.0614568],[-16.7891901,64.0622045],[-16.7894906,64.0623852],[-16.790937,64.062796],[-16.7912939,64.0630754],[-16.7921955,64.0633301],[-16.7922706,64.0636669],[-16.7918762,64.0638805],[-16.7918762,64.0640612],[-16.792759,64.0648417],[-16.7930408,64.0649649],[-16.7931911,64.0651949],[-16.7935292,64.0653182],[-16.7936607,64.0654989],[-16.7932662,64.0657043],[-16.7928154,64.0657043],[-16.7927402,64.0658029],[-16.7935292,64.0666901],[-16.7939236,64.0670104],[-16.7934352,64.0672076],[-16.7918574,64.0674951],[-16.7902983,64.0675115],[-16.7895658,64.0676265],[-16.789284,64.0678319],[-16.7893779,64.0682015],[-16.7903923,64.0685794],[-16.7914817,64.0687354],[-16.7921579,64.0690065],[-16.7930596,64.0692036],[-16.7941302,64.069064],[-16.8010615,64.069524]]],[[[-16.8010615,64.069524],[-16.802151,64.0694418],[-16.8046116,64.0695404],[-16.8072414,64.0695815],[-16.8100214,64.0697868],[-16.8116368,64.0696554],[-16.8147737,64.0704521],[-16.8162955,64.070582],[-16.8212746,64.0699413],[-16.8246383,64.0692534],[-16.8255313,64.0692052],[-16.8271755,64.0686149],[-16.830717,64.0677062],[-16.8332441,64.0671425],[-16.8376222,64.0659495],[-16.8432901,64.0642097],[-16.8468167,64.0629053],[-16.8482922,64.0620566],[-16.851646,64.0601562],[-16.8524076,64.0598333],[-16.8528072,64.059409],[-16.8526313,64.0591311],[-16.8516042,64.0590332],[-16.8509715,64.0587381],[-16.8518346,64.0585551],[-16.8544257,64.0579777],[-16.8568467,64.0573076],[-16.8572312,64.0571319],[-16.8576158,64.0568658],[-16.8585351,64.056465],[-16.8601109,64.0554827],[-16.8607182,64.0544555],[-16.8609451,64.0541823],[-16.8615477,64.0540405],[-16.8624149,64.0540529],[-16.8631035,64.0538065],[-16.863842,64.0532973],[-16.8648811,64.0531498],[-16.8663334,64.0526571],[-16.8681894,64.0514258],[-16.8692564,64.051082],[-16.8712401,64.0485535],[-16.8722936,64.0479729],[-16.8740608,64.0460358],[-16.8744772,64.0450718],[-16.8739951,64.0439493],[-16.8762408,64.0400203],[-16.8769274,64.0397502],[-16.8770609,64.0381904],[-16.8802248,64.03466],[-16.882963,64.0295817],[-16.8836381,64.0291583],[-16.8844077,64.0279019],[-16.8845107,64.0268871],[-16.885459,64.0257242],[-16.8853606,64.0254173]]],[[[-16.8853606,64.0254173],[-16.8861888,64.0252905],[-16.8874624,64.0254998],[-16.8884642,64.0256538],[-16.8892074,64.0258578],[-16.8903311,64.0261676],[-16.8911505,64.0262334],[-16.89155,64.0265227],[-16.8923065,64.0268109],[-16.8931865,64.0269743],[-16.8938432,64.0270368],[-16.8948706,64.0271493],[-16.8957183,64.0270782],[-16.8962997,64.0271455],[-16.8970658,64.0271721],[-16.897985,64.0272912],[-16.8988284,64.0273847],[-16.8991854,64.0276449],[-16.9000834,64.0275458],[-16.9006493,64.0276566],[-16.9013815,64.0277683],[-16.9022889,64.0277948],[-16.9033748,64.0277162],[-16.9071661,64.027572],[-16.9101198,64.0279195],[-16.9130197,64.0283353],[-16.9155387,64.0288086],[-16.917456,64.0290377],[-16.9193757,64.0291737],[-16.920998,64.0292116],[-16.9229739,64.0288473],[-16.9253619,64.0285363],[-16.9269419,64.0283258],[-16.9278459,64.0279785],[-16.9301718,64.0276951]]],[[[-16.9301718,64.0276951],[-16.9315518,64.0274422],[-16.9322989,64.027225],[-16.9336897,64.0275153],[-16.9336818,64.0279078]]],[[[-16.9336818,64.0279078],[-16.9331288,64.0283629],[-16.9312255,64.0293412],[-16.9296055,64.0301739],[-16.9267891,64.031973],[-16.9238226,64.0354445],[-16.9224815,64.0384414],[-16.9214477,64.0394259],[-16.9215126,64.0398669],[-16.9194236,64.042977],[-16.9187939,64.0433821],[-16.9189934,64.0438918],[-16.917303,64.0467956],[-16.9168333,64.0469376],[-16.9159166,64.0475153],[-16.9156123,64.0477208],[-16.9153938,64.0480578],[-16.9147677,64.0485262],[-16.9142274,64.0490885],[-16.9139499,64.0497024],[-16.9135437,64.0498844],[-16.9138042,64.0500419],[-16.9135097,64.0503004],[-16.9132761,64.0507254],[-16.9112561,64.0518014],[-16.9105365,64.0524271],[-16.9106999,64.0526258],[-16.9107346,64.0529747],[-16.9103616,64.0533518],[-16.9101107,64.0535028],[-16.9101602,64.0537289],[-16.9098369,64.054342],[-16.9092454,64.0546356],[-16.9086634,64.0553733],[-16.9083818,64.0555478],[-16.908076,64.0559342],[-16.9081365,64.0562173],[-16.9077571,64.0564096],[-16.907685,64.0565878],[-16.9069434,64.0570051],[-16.9069527,64.0574319],[-16.906542,64.0575455],[-16.9064307,64.0576443],[-16.9065378,64.0578002],[-16.9061199,64.0579729],[-16.9053179,64.0587888],[-16.9049173,64.0590339],[-16.9039587,64.059448],[-16.9027282,64.0601635],[-16.9022414,64.0606371],[-16.9018328,64.0616379],[-16.9018819,64.0621977],[-16.9011938,64.0625823],[-16.9011403,64.0627035],[-16.9009175,64.0628307],[-16.8993276,64.0634068],[-16.8978235,64.0638703],[-16.8969181,64.0640465],[-16.8968429,64.0642875],[-16.896124,64.0644535],[-16.8930377,64.0656248],[-16.8928268,64.0658483],[-16.8925085,64.0659123],[-16.8919757,64.0662296],[-16.891089,64.0670487],[-16.8903315,64.0678558],[-16.8902972,64.068461],[-16.8904774,64.0688409],[-16.8898927,64.0692164],[-16.8899651,64.069451],[-16.8897653,64.0697091],[-16.8893221,64.0699695],[-16.8878559,64.0703061],[-16.8855314,64.0711118],[-16.8833987,64.0721583],[-16.8807081,64.0733737],[-16.879318,64.0742846],[-16.8795517,64.0745726],[-16.8795398,64.0749699],[-16.8785683,64.0752248],[-16.8778542,64.075536],[-16.8766931,64.0758616],[-16.8762741,64.075882],[-16.8758964,64.0758546],[-16.8755118,64.0759024],[-16.8749742,64.076112],[-16.8739311,64.0761934],[-16.8734654,64.0760922],[-16.8710686,64.0766476],[-16.8705664,64.0768766],[-16.8674207,64.0775858],[-16.8667212,64.0778073],[-16.8664808,64.0780062],[-16.8659572,64.0782165],[-16.8651791,64.0783274],[-16.8645726,64.0785884],[-16.8635051,64.0788604],[-16.8614988,64.0792919],[-16.8556516,64.0808226],[-16.854804,64.0809652],[-16.8539243,64.081347],[-16.8537741,64.0815519],[-16.8530767,64.0819827],[-16.8515639,64.0825822],[-16.8474548,64.0836062],[-16.8464355,64.0837188],[-16.8456971,64.084102],[-16.8445857,64.0844574],[-16.8404274,64.0855068],[-16.836844,64.0867508],[-16.8354385,64.0874057],[-16.8335609,64.0880043],[-16.8320911,64.0881809],[-16.8314366,64.0883763],[-16.8248219,64.090823],[-16.8238966,64.0915394],[-16.8161587,64.0939954],[-16.8124036,64.0950454],[-16.8115064,64.0952011],[-16.8063327,64.0966498],[-16.803548,64.0973212]]],[[[-16.8038726,64.0977085],[-16.8071529,64.097326],[-16.8081018,64.0972897],[-16.808755,64.0971235],[-16.8121405,64.0965712],[-16.8122595,64.0963852],[-16.8133558,64.0961256],[-16.813793,64.0961935],[-16.8144703,64.0960471],[-16.8153192,64.0959944],[-16.8159442,64.0963953],[-16.8153911,64.0970548],[-16.8154175,64.0972269],[-16.8158344,64.0972723],[-16.8160661,64.0975115],[-16.8159037,64.0976838],[-16.8160924,64.0978148],[-16.8163274,64.0978262],[-16.816917,64.0976632],[-16.8177641,64.0975564],[-16.8191546,64.0972063],[-16.8199228,64.096903],[-16.8211557,64.096782],[-16.8242805,64.0961047],[-16.8265657,64.096564],[-16.8276949,64.0970913],[-16.8283668,64.0970737],[-16.828867,64.0969061],[-16.829095,64.0965897],[-16.8296234,64.0965171],[-16.8304013,64.0955562],[-16.8312609,64.0953535],[-16.8317551,64.0955709],[-16.8323351,64.095582],[-16.8329816,64.0954109],[-16.8349256,64.0948152],[-16.8358396,64.0943601],[-16.836067,64.0938957],[-16.8366806,64.0937125],[-16.8387408,64.0935663],[-16.8391412,64.0932445],[-16.8396704,64.0932414],[-16.8415122,64.0935484],[-16.8432199,64.0934808],[-16.8451756,64.0936225],[-16.8468124,64.0935872],[-16.8471197,64.0934083],[-16.8474217,64.093433],[-16.8482424,64.0938856],[-16.8479987,64.0942215],[-16.8482409,64.0944057],[-16.8488049,64.0944118],[-16.8492402,64.0948867],[-16.8497796,64.0950237],[-16.8509444,64.0950353],[-16.8531272,64.0947031],[-16.8564716,64.0939464],[-16.8567062,64.0937836],[-16.8566303,64.0934585],[-16.8562541,64.0930772],[-16.8571101,64.0928059],[-16.8566343,64.0917878],[-16.8582587,64.0914266],[-16.859767,64.0914074],[-16.8608645,64.0917194],[-16.8610183,64.0920006],[-16.8608376,64.0925725],[-16.8609833,64.0931866],[-16.8607873,64.0933662],[-16.8600762,64.093452],[-16.8595982,64.0934175],[-16.8593074,64.093489],[-16.8592837,64.0938476],[-16.859672,64.0943517],[-16.859717,64.0948653],[-16.8594636,64.0950299],[-16.859429,64.0953592],[-16.8598599,64.0955927],[-16.8599904,64.0960512],[-16.8605929,64.0962378],[-16.8608092,64.0964619],[-16.8612628,64.0965032],[-16.8621524,64.0964444],[-16.863042,64.0967419],[-16.8642787,64.0978301],[-16.8643593,64.0980079],[-16.8642951,64.0982174],[-16.8644564,64.0983359],[-16.8647788,64.0983991],[-16.8661113,64.0982727],[-16.8681249,64.0979249],[-16.8702046,64.0981407],[-16.8712835,64.0984574],[-16.8716912,64.0996103],[-16.8632181,64.0995023],[-16.8615597,64.0993101],[-16.8598922,64.0994627],[-16.8584258,64.1000088],[-16.8575818,64.1006342],[-16.8567645,64.1006498],[-16.855622,64.1003598],[-16.8551141,64.099738],[-16.8537372,64.0988054],[-16.852938,64.0987052],[-16.8521271,64.0992285],[-16.8503141,64.0993106],[-16.8496789,64.0995038],[-16.8487128,64.1002913],[-16.8489574,64.1004156],[-16.8506297,64.1005814],[-16.850928,64.100761],[-16.8507451,64.1010995],[-16.8510965,64.1014207],[-16.8520472,64.1014846],[-16.8532184,64.1013231],[-16.8536301,64.1011526],[-16.8539785,64.1005814],[-16.8548276,64.1005049],[-16.8558044,64.1009286],[-16.8559591,64.1009957],[-16.8568935,64.1012448],[-16.8574497,64.1018053],[-16.8609784,64.1030884],[-16.8622295,64.1039571],[-16.8620005,64.1042768],[-16.86127,64.1043811],[-16.8601342,64.1044448],[-16.8598762,64.1046707],[-16.8603731,64.1051668],[-16.8611662,64.1056628],[-16.8610732,64.1060407],[-16.8602514,64.1063401],[-16.8600904,64.106534]]],[[[-16.866771,64.1107146],[-16.8659003,64.1103014],[-16.8643377,64.1095819],[-16.8637126,64.1091104],[-16.8628319,64.1086721],[-16.8620837,64.1084529],[-16.8614595,64.1084063],[-16.8612184,64.1082063],[-16.8613057,64.1079416]]],[[[-16.8716871,64.1116875],[-16.8714938,64.1116709],[-16.8712461,64.1115497],[-16.8711032,64.1115291],[-16.8709248,64.1115355],[-16.8708043,64.1116019],[-16.8705851,64.1116113],[-16.8690806,64.1113451],[-16.8687042,64.1112592],[-16.8685568,64.1112792],[-16.8678981,64.1112089],[-16.8674293,64.1111253],[-16.8671828,64.1111518],[-16.8667375,64.1110052],[-16.8666514,64.110854],[-16.866771,64.1107146]]],[[[-16.8716871,64.1116875],[-16.8716894,64.1119132],[-16.871623,64.1119816],[-16.8716436,64.1121449],[-16.8713488,64.1122751],[-16.8712448,64.1125064],[-16.8709016,64.1127852],[-16.8712878,64.1131599],[-16.8708874,64.1135171]]],[[[-16.8708874,64.1135171],[-16.8701935,64.1136564],[-16.8685413,64.114181],[-16.8682623,64.1148555]]],[[[-16.8682623,64.1148555],[-16.8700433,64.1156705],[-16.8708158,64.1161763],[-16.8708051,64.1167009],[-16.8713147,64.1167664],[-16.8718055,64.1166962],[-16.8725968,64.1167946],[-16.8739271,64.1164433],[-16.8754292,64.1169538],[-16.8758583,64.1171692],[-16.8764592,64.1172536],[-16.8772853,64.1171795]]],[[[-16.8772853,64.1171795],[-16.8780256,64.1171131],[-16.8788794,64.1165783],[-16.879038,64.1160244],[-16.8783272,64.1147933]]],[[[-16.8783272,64.1147933],[-16.8784738,64.1143254],[-16.8789053,64.1139281],[-16.8813782,64.1127682]]],[[[-16.8813782,64.1127682],[-16.882683,64.1128779],[-16.8838948,64.1131126],[-16.8864921,64.1130883],[-16.8878473,64.1128286],[-16.887922,64.1126556],[-16.8881637,64.1125421],[-16.8896228,64.1127179],[-16.8898979,64.112955],[-16.8905039,64.1130199],[-16.8910653,64.1131725],[-16.8925674,64.1132344],[-16.8927428,64.1135762],[-16.8935059,64.1138219],[-16.8942921,64.1139209],[-16.8957044,64.1137895],[-16.8959049,64.1134252],[-16.8955786,64.113402],[-16.8950645,64.1134495],[-16.8943398,64.1133585],[-16.8935715,64.113553],[-16.8930231,64.1133083],[-16.8926416,64.1128955],[-16.8915735,64.1125389],[-16.8914649,64.1122192],[-16.8906269,64.1118996],[-16.8869735,64.1120731],[-16.8843878,64.1114267],[-16.8831969,64.1109489]]],[[[-16.8831969,64.1109489],[-16.8837923,64.1103821],[-16.8848625,64.1103891],[-16.8872226,64.1107975],[-16.8890034,64.1104208],[-16.8898079,64.1099326],[-16.8906125,64.1082639],[-16.8915887,64.1067159],[-16.8920902,64.1053169],[-16.8928164,64.1026149],[-16.8948788,64.1006934],[-16.8971546,64.0999762],[-16.8992243,64.0990818],[-16.9013647,64.0976102],[-16.9072655,64.0959417],[-16.9082311,64.0952667],[-16.908553,64.0936074],[-16.9068364,64.0926512],[-16.9031242,64.0919293],[-16.9010428,64.092248],[-16.9005278,64.0919949],[-16.9011072,64.0916293],[-16.9052799,64.0902972]]],[[[-16.9052799,64.0902972],[-16.9063643,64.089951],[-16.9125012,64.0879725],[-16.9151842,64.0877634]]],[[[-16.9151842,64.0877634],[-16.9162823,64.0879226],[-16.9276405,64.0878722],[-16.9290548,64.0880302],[-16.9299987,64.0884137],[-16.9300414,64.0890784],[-16.9286461,64.0898359]]],[[[-16.9286461,64.0898359],[-16.9242211,64.0918525],[-16.9216191,64.093728],[-16.9122941,64.0954646],[-16.9067434,64.096858],[-16.8998251,64.0995317],[-16.897427,64.1016268],[-16.8969281,64.1024836],[-16.8970516,64.1027688],[-16.8974271,64.1030017],[-16.8975774,64.1033925],[-16.897406,64.1045677],[-16.8977488,64.1053226],[-16.8987353,64.1059558],[-16.8998929,64.1065473],[-16.8999348,64.107017],[-16.9009208,64.1083864],[-16.9004445,64.1089161],[-16.9003463,64.1092525],[-16.9005056,64.1095889],[-16.9019371,64.110783],[-16.9020811,64.111415],[-16.9031907,64.1118502],[-16.9035368,64.1120638],[-16.9035983,64.1123598],[-16.903767,64.112665],[-16.9046774,64.1127657],[-16.9056046,64.1126708],[-16.9062315,64.1126696],[-16.9070105,64.1124342],[-16.9078688,64.1124108],[-16.9082336,64.1123171],[-16.9085545,64.1121216],[-16.9090262,64.112141],[-16.9094978,64.1120479],[-16.9101397,64.1121442],[-16.9102925,64.1123431],[-16.9104417,64.1132404],[-16.9110404,64.1131801],[-16.9114833,64.1127848],[-16.9119349,64.1126716],[-16.9120746,64.1128885],[-16.9120638,64.1138814],[-16.9132976,64.1159237],[-16.9131465,64.1160663],[-16.9128349,64.1162313],[-16.9123516,64.116696],[-16.9112146,64.1173435],[-16.9101192,64.1187642],[-16.9100436,64.1193902],[-16.9098127,64.1196377],[-16.9096543,64.1200799],[-16.9091955,64.120597],[-16.9090554,64.1210224],[-16.9094228,64.1216232],[-16.9097786,64.1218995]]],[[[-16.9097786,64.1218995],[-16.9104619,64.1220297],[-16.9113688,64.1220786],[-16.9114688,64.1223065],[-16.9110353,64.1226484],[-16.9115097,64.1229419],[-16.9121517,64.1229834],[-16.9132923,64.1227522],[-16.9134528,64.1226284],[-16.9133282,64.122469],[-16.912831,64.1222933],[-16.9131105,64.1221176],[-16.9142243,64.1222758],[-16.914743,64.122189],[-16.9149699,64.120982],[-16.9144872,64.1207688],[-16.9137546,64.1206825],[-16.9138708,64.120406],[-16.9144343,64.1202127],[-16.9161154,64.1201821],[-16.9183385,64.1197834],[-16.9186988,64.1191978],[-16.9195926,64.1191836],[-16.9200768,64.1193717],[-16.9210453,64.119576],[-16.9209502,64.1202573],[-16.9229786,64.120093],[-16.9237942,64.1198945],[-16.9247216,64.1194725],[-16.9250176,64.1189199],[-16.9242303,64.118302],[-16.9246575,64.1181272],[-16.9256535,64.1181373],[-16.9260025,64.1179961],[-16.9263514,64.1180906],[-16.9267216,64.1185947],[-16.9263764,64.1190502],[-16.9265803,64.1191317],[-16.9297174,64.1183822],[-16.9308678,64.118425],[-16.9318425,64.1187118],[-16.9349191,64.1190179],[-16.9369153,64.1189277],[-16.9444635,64.1193176],[-16.9460464,64.1195952],[-16.9462272,64.1198838],[-16.9467513,64.1200694],[-16.9480999,64.1203094],[-16.9492092,64.1201339],[-16.9497821,64.12023],[-16.9505696,64.1202699],[-16.9511769,64.1201597],[-16.9518485,64.1204242],[-16.9519043,64.1206161],[-16.9522262,64.1208502],[-16.9523764,64.1210937],[-16.9521189,64.1212998],[-16.9516683,64.1212998],[-16.9515735,64.1214149],[-16.9517621,64.1216504],[-16.9515645,64.1218109],[-16.9499587,64.1218725],[-16.9495794,64.1219021],[-16.9494645,64.1221671],[-16.9488916,64.1223414],[-16.9477456,64.1224652],[-16.9475565,64.122563],[-16.9479937,64.1226648],[-16.9513572,64.122419],[-16.9526768,64.1228076],[-16.9532991,64.1228544],[-16.9540243,64.12263],[-16.9537831,64.1223167],[-16.9541845,64.1219004],[-16.9562818,64.1216792],[-16.9577275,64.1218191],[-16.9603748,64.1215656],[-16.9617642,64.1216206],[-16.9631053,64.1212342],[-16.9675341,64.1205507],[-16.9677723,64.1206608],[-16.9688044,64.1206117],[-16.9693786,64.1208069],[-16.9694808,64.1210771],[-16.9701573,64.1211678],[-16.9696219,64.1216115],[-16.970139,64.1218808],[-16.9716969,64.1218807],[-16.9728255,64.121562],[-16.9737911,64.121576],[-16.9758403,64.1212717],[-16.9769776,64.1212951],[-16.977911,64.1210844],[-16.9777286,64.121548],[-16.9765806,64.1225548],[-16.9758088,64.1226623],[-16.9760584,64.1228733],[-16.9775527,64.1231591],[-16.9778606,64.1230396],[-16.9783187,64.1227046],[-16.9781202,64.1223206],[-16.9784796,64.1218242],[-16.9791341,64.1216041],[-16.9799441,64.1218266],[-16.9807756,64.1214777],[-16.9813657,64.1214356],[-16.984021,64.1214519],[-16.9845521,64.122063],[-16.9858557,64.1220256],[-16.9867408,64.1220794],[-16.9870949,64.1219812],[-16.9881205,64.1216559],[-16.9891763,64.1218055],[-16.9901795,64.1218453],[-16.989981,64.1223534],[-16.9897986,64.1226577],[-16.9904638,64.1229059],[-16.9913006,64.1231541],[-16.9914723,64.1233882],[-16.9908714,64.1236692],[-16.9910002,64.1238283],[-16.9921374,64.1237534],[-16.9936395,64.1235287],[-16.9937361,64.1234023],[-16.9933981,64.1232642],[-16.992521,64.1233449],[-16.9920289,64.1232308],[-16.991365,64.122817],[-16.9908929,64.1224611],[-16.9913757,64.1223159],[-16.9914293,64.1218991],[-16.9935279,64.1209348],[-16.9949699,64.1204194],[-16.9963517,64.1204335],[-16.9969761,64.1198938],[-16.9998321,64.1183988],[-17.0040636,64.1176941],[-17.0047191,64.1177245],[-17.0063617,64.1176612],[-17.0078874,64.1176938],[-17.0087135,64.1174924],[-17.0097918,64.1175791],[-17.0107386,64.1171353],[-17.0114923,64.1172067],[-17.0129729,64.117469],[-17.0146466,64.1183026],[-17.0148397,64.1187054],[-17.0138032,64.1188815],[-17.0115866,64.1195447],[-17.0089129,64.1200392],[-17.0077457,64.1202847],[-17.0077137,64.1204347],[-17.0079372,64.1206188],[-17.0076138,64.1208218],[-17.0084919,64.121156],[-17.0105618,64.120733],[-17.01143,64.1209844],[-17.0134191,64.1211222],[-17.0151187,64.1216557],[-17.0155263,64.1219179],[-17.0155263,64.1221521],[-17.0135737,64.1225548],[-17.0130158,64.1224143],[-17.0124364,64.1224986],[-17.012179,64.1226391],[-17.0122648,64.1230324],[-17.0126939,64.1231448],[-17.0142603,64.1230886],[-17.0156336,64.1234257],[-17.0164061,64.1233321],[-17.0171571,64.1229481],[-17.020762,64.1224986],[-17.023058,64.1226203],[-17.0237661,64.1227702],[-17.0242811,64.1226953],[-17.0247531,64.1224143],[-17.0267273,64.1218805],[-17.0272852,64.1218337],[-17.0277572,64.1219273],[-17.028873,64.1225173]]],[[[-17.028873,64.1225173],[-17.0312548,64.1230043],[-17.0318771,64.1230886],[-17.0319629,64.1233133],[-17.0324994,64.1234351],[-17.033465,64.1234164],[-17.0350743,64.1237535],[-17.037263,64.1239782],[-17.0392585,64.1243154],[-17.0402027,64.1246244],[-17.0407177,64.1245214],[-17.0452667,64.1256638],[-17.0461035,64.1258418],[-17.0474339,64.1262538],[-17.0477558,64.1265909],[-17.0482922,64.1266283],[-17.0513392,64.1276958],[-17.0516396,64.1276864],[-17.051704,64.1275085],[-17.051425,64.1272276],[-17.0494724,64.1266377],[-17.0485497,64.1261508],[-17.0460606,64.1252331],[-17.0418335,64.1238378],[-17.0413185,64.1238003],[-17.0408464,64.1240063],[-17.0397306,64.1238003],[-17.0384861,64.1237816],[-17.0365978,64.1234538],[-17.0360399,64.1229013],[-17.0337225,64.1229668],[-17.0325637,64.1227327],[-17.0314694,64.1227234],[-17.0309115,64.1225735],[-17.030654,64.1223206],[-17.03089,64.1219554],[-17.0305896,64.1217119],[-17.0307613,64.1214684],[-17.0313192,64.1213279],[-17.0315338,64.1211781],[-17.0312334,64.1206349],[-17.031405,64.1200354],[-17.0323436,64.1190829],[-17.033438,64.118624],[-17.0337813,64.1182962],[-17.035691,64.1176873],[-17.037236,64.1175187],[-17.0386736,64.1176217],[-17.0401113,64.1180807],[-17.0407336,64.1180526],[-17.0408408,64.1178185],[-17.0406263,64.1172002],[-17.0406263,64.1168256],[-17.0424716,64.1155235],[-17.044317,64.1148584],[-17.0474927,64.1142682],[-17.0482652,64.1142308],[-17.0489733,64.1146898],[-17.0507328,64.1155891],[-17.052664,64.1164134],[-17.0548313,64.1169005],[-17.058243,64.1180152],[-17.0591657,64.1188956],[-17.06129,64.1195512],[-17.062792,64.1205534],[-17.062792,64.1207126],[-17.062556,64.1208531],[-17.0608394,64.1210873],[-17.0598523,64.1213682],[-17.0594447,64.1216398],[-17.0588653,64.1216773],[-17.0584147,64.1215274],[-17.0584147,64.1210123],[-17.0580714,64.1207314],[-17.0572774,64.1206377],[-17.0558183,64.1207876],[-17.0545523,64.121415],[-17.0541875,64.1219582],[-17.0542948,64.1221643],[-17.0550673,64.1223141],[-17.0554321,64.1227168],[-17.05599,64.124056],[-17.0567624,64.124852],[-17.0572989,64.1254981],[-17.0588868,64.1262192],[-17.0607536,64.126472],[-17.0641224,64.127296],[-17.068414,64.1276705],[-17.0691017,64.1281642],[-17.0724706,64.128183],[-17.0776848,64.1280332],[-17.0846371,64.1273777],[-17.0877914,64.1271436],[-17.0899586,64.1271811],[-17.0932201,64.1274714],[-17.0959453,64.1276212],[-17.1035413,64.1274901],[-17.1041636,64.1276024],[-17.104185,64.1277242],[-17.1034984,64.1278459],[-17.0997433,64.1279957],[-17.0997648,64.1281456],[-17.1060519,64.1280426],[-17.1070819,64.1280988],[-17.110837,64.1280707],[-17.1110301,64.12808],[-17.110837,64.1281643],[-17.1097641,64.1282767],[-17.108541,64.1283328],[-17.1082191,64.1284171],[-17.1085839,64.1285014],[-17.1112661,64.1284919],[-17.1140127,64.1283046],[-17.1205573,64.1277054],[-17.1244197,64.1271998],[-17.127016,64.1265537],[-17.1288614,64.1257109],[-17.130063,64.1253925],[-17.130578,64.1255611],[-17.131844,64.1250367],[-17.1326165,64.1249618],[-17.1331529,64.1250835],[-17.1332388,64.1252618],[-17.1330457,64.1256644],[-17.1332602,64.1257955],[-17.134419,64.1257206],[-17.1353416,64.1254584],[-17.1357708,64.1248778],[-17.1355777,64.124419],[-17.1359425,64.1242223],[-17.1393542,64.123932],[-17.1415214,64.123623],[-17.1447401,64.1239976],[-17.1458774,64.1238009],[-17.1474867,64.1238103],[-17.1476798,64.1237354],[-17.1467142,64.1223868],[-17.1460919,64.122059],[-17.1437101,64.1213472],[-17.1424227,64.1203638],[-17.1396546,64.1200173],[-17.1391826,64.1196895],[-17.1371012,64.1193429],[-17.1358995,64.1193617],[-17.1349769,64.1196333],[-17.1335177,64.1196427],[-17.1314149,64.1202327],[-17.1305137,64.1200454]]],[[[-17.1188407,64.1148093],[-17.1195273,64.1149498],[-17.1204071,64.1154838],[-17.1210937,64.1155681],[-17.1233897,64.1173666],[-17.1248274,64.1182939],[-17.1265011,64.1182377],[-17.1296339,64.1186498],[-17.1304064,64.1193523],[-17.1305137,64.1200454]]],[[[-17.1188407,64.1148093],[-17.1187502,64.1145121],[-17.1191318,64.1143086],[-17.1190709,64.1141032],[-17.1179677,64.1138038],[-17.1182497,64.1134292],[-17.1182344,64.1131716],[-17.1177041,64.1129327],[-17.1176735,64.1127923],[-17.1182866,64.112605],[-17.118256,64.1117993],[-17.1177656,64.1116121],[-17.1176519,64.111142]]],[[[-17.1176519,64.111142],[-17.1180243,64.1110702],[-17.1183535,64.1107993],[-17.1175739,64.1104015],[-17.1173468,64.1102036],[-17.1177206,64.1099871],[-17.1176956,64.109835],[-17.1166802,64.1090496],[-17.1136408,64.1081439],[-17.1117602,64.1078754],[-17.1107224,64.1079794],[-17.1086002,64.1085911],[-17.1078943,64.1087344]]],[[[-17.1073634,64.1082487],[-17.1070439,64.1079565],[-17.1074341,64.1077737],[-17.1071356,64.1071201],[-17.1073093,64.1068226],[-17.1091793,64.1049395]]],[[[-17.1202653,64.1018588],[-17.1197461,64.1026187],[-17.1180938,64.1039557],[-17.1174558,64.1042034],[-17.1147635,64.104716],[-17.1120712,64.1048913],[-17.1091793,64.1049395]]],[[[-17.1202653,64.1018588],[-17.1234298,64.1015655],[-17.1247545,64.10155],[-17.1255027,64.1022358],[-17.1270234,64.1028654]]],[[[-17.1270234,64.1028654],[-17.1314921,64.1036176],[-17.1335004,64.1038487],[-17.1367532,64.10348],[-17.1378432,64.1039001],[-17.1392937,64.1040838],[-17.1391564,64.1043987],[-17.1402121,64.1046537],[-17.1408644,64.1043952],[-17.1425293,64.1046732],[-17.1427185,64.1043844],[-17.1426501,64.104283]]],[[[-17.1426501,64.104283],[-17.142936,64.1041818],[-17.1445166,64.1043467],[-17.1455823,64.104343],[-17.1463687,64.1041687],[-17.1468547,64.1043411],[-17.1476985,64.1043524],[-17.1501302,64.1042699],[-17.1543059,64.103704],[-17.1557478,64.1032468],[-17.1576768,64.1031006],[-17.1583147,64.1030523],[-17.1596799,64.1032889],[-17.1607662,64.1030101],[-17.161595,64.10305],[-17.1623782,64.1032655],[-17.1630756,64.103228],[-17.1662621,64.1039028],[-17.1683381,64.1038723],[-17.1686975,64.1038044],[-17.1691803,64.1033967],[-17.1716265,64.1027033],[-17.1734933,64.1017051],[-17.1757893,64.1010256],[-17.1771197,64.1005242],[-17.1783642,64.0996854],[-17.1803008,64.097581],[-17.1815936,64.0969764],[-17.1831493,64.095786],[-17.1843275,64.0954988],[-17.1855818,64.0945303],[-17.1857202,64.0941054],[-17.1867247,64.0937186],[-17.1869138,64.0933224],[-17.1863646,64.0925243],[-17.1863046,64.091994],[-17.186811,64.0913914],[-17.1886478,64.0908637],[-17.1911503,64.0893963],[-17.1922795,64.0884728],[-17.1929655,64.0882674],[-17.1938939,64.0871419],[-17.1936206,64.0861852],[-17.1974186,64.0822839],[-17.1992544,64.0810348],[-17.1996073,64.0805487],[-17.1996502,64.0801266],[-17.1990419,64.0791089],[-17.1967599,64.0778847],[-17.195157,64.0775939],[-17.1898914,64.0771623],[-17.1874323,64.0771343],[-17.1860203,64.0766466],[-17.1804456,64.0762715],[-17.1721201,64.0761871],[-17.1681757,64.076004],[-17.1653547,64.0753654],[-17.1644879,64.0751692],[-17.1632228,64.0748828],[-17.1627817,64.0743838],[-17.1624452,64.0742968],[-17.1590008,64.0734062],[-17.1537584,64.0715891],[-17.152894,64.0709239],[-17.1528685,64.0703276],[-17.1532313,64.07002],[-17.1538532,64.0695396],[-17.1534519,64.0692819],[-17.1515422,64.0686158],[-17.150362,64.0673957],[-17.1482377,64.0630603],[-17.1480982,64.0609435],[-17.1446542,64.0545654],[-17.1423497,64.052787],[-17.1363415,64.0501674],[-17.1253209,64.047608],[-17.1204028,64.0467654],[-17.1184225,64.0463758],[-17.1178217,64.0462068],[-17.1168131,64.0460284],[-17.1164054,64.0457748],[-17.1139807,64.0454086]]],[[[-17.1139807,64.0454086],[-17.1132512,64.0449672],[-17.1126933,64.04477],[-17.1120495,64.0447794],[-17.1114058,64.0444976],[-17.1106119,64.0444225],[-17.1102471,64.0440844],[-17.1095819,64.0439435],[-17.1094317,64.0433518],[-17.1089811,64.0430231],[-17.108273,64.0428259],[-17.1075005,64.0424126],[-17.1061487,64.0420275],[-17.1055693,64.0416706],[-17.104196,64.041464],[-17.1023936,64.0403745],[-17.1003766,64.03998],[-17.0979304,64.040149],[-17.0970292,64.0399142],[-17.0937247,64.0398391],[-17.0929951,64.0396512],[-17.0926518,64.0391534],[-17.0906348,64.0375283],[-17.0904684,64.0368341],[-17.0905489,64.0360534],[-17.0912356,64.0349449],[-17.0908279,64.0330565],[-17.0896263,64.0321827],[-17.0871372,64.0313465],[-17.0869226,64.0310364],[-17.087223,64.030219],[-17.0880169,64.0296082],[-17.0891327,64.0295048],[-17.0925016,64.0286591],[-17.0967717,64.0287249],[-17.0980377,64.0285558],[-17.0987243,64.0280671],[-17.098145,64.0274939],[-17.0981235,64.027306],[-17.098896,64.027118],[-17.1010203,64.0269959],[-17.102179,64.0264132],[-17.1071572,64.0257084],[-17.1074791,64.0249096],[-17.1090455,64.0241483],[-17.1111912,64.0238288],[-17.1121997,64.0233401],[-17.1143026,64.0235938],[-17.1169204,64.023716],[-17.1205897,64.023575],[-17.1214051,64.023669],[-17.121963,64.0235938],[-17.1222205,64.0234434],[-17.1220917,64.0231897],[-17.1216411,64.0229735],[-17.1217484,64.02256],[-17.1212763,64.0218738],[-17.1205682,64.0206613],[-17.1177787,64.0193454],[-17.1173281,64.0186404],[-17.1190018,64.0181516],[-17.1191306,64.0169107],[-17.119946,64.0158672],[-17.1179075,64.0139681],[-17.1187658,64.0131031],[-17.1186585,64.0129715],[-17.118916,64.012445],[-17.1202035,64.0118338],[-17.1208257,64.0117492],[-17.1213407,64.011768],[-17.1216626,64.0117116],[-17.1223278,64.0117868],[-17.1238513,64.011627],[-17.1251173,64.0117774],[-17.1259541,64.0117398],[-17.1270484,64.0121535],[-17.1278424,64.0122287],[-17.1288294,64.0120313],[-17.1295805,64.0115706],[-17.1306963,64.0115706],[-17.1305031,64.0110722],[-17.1309323,64.0108654],[-17.1318764,64.0107149],[-17.132606,64.0097746],[-17.1334428,64.0093327],[-17.1359105,64.0089189],[-17.1363611,64.0089942],[-17.1364255,64.0094643],[-17.1390218,64.009596],[-17.1407814,64.0091822],[-17.141468,64.0092104],[-17.1424121,64.0089283],[-17.1429271,64.0090788],[-17.1440215,64.0088813],[-17.145502,64.0089754],[-17.1468968,64.0089001],[-17.1471114,64.0090976],[-17.145781,64.0096524],[-17.1460599,64.009831],[-17.1468539,64.009784],[-17.1487636,64.0091446],[-17.1503515,64.0082137],[-17.1503515,64.0078375],[-17.1488065,64.0067937],[-17.1497721,64.0052514],[-17.1541924,64.0027684],[-17.1552331,64.0025662]]],[[[-17.1552331,64.0025662],[-17.1557588,64.0025333],[-17.1572609,64.0026273],[-17.1590848,64.003361],[-17.1631617,64.0041886],[-17.1680541,64.0047623],[-17.1690849,64.0046709],[-17.1716813,64.0036175],[-17.1748785,64.0030908],[-17.1759084,64.0031661],[-17.1761015,64.003674],[-17.1803716,64.0037868],[-17.1831182,64.0040784],[-17.1873024,64.004464],[-17.1892766,64.0043511],[-17.1921733,64.0045298],[-17.1943191,64.0048543]]],[[[-17.1943191,64.0048543],[-17.1947912,64.0052352],[-17.196379,64.0055361],[-17.1975378,64.0056114],[-17.1990183,64.0054045],[-17.20022,64.0053669],[-17.2011641,64.0055738],[-17.2017005,64.0055738],[-17.2021082,64.0054609],[-17.2036317,64.0044546],[-17.206035,64.0029592],[-17.2116354,64.0013226],[-17.2138027,64.0011721],[-17.2193602,63.9988957],[-17.2222141,63.9986794],[-17.2237805,63.9983689],[-17.2243813,63.9980397],[-17.2268781,63.9977418]]],[[[-17.2268781,63.9977418],[-17.2280076,63.997607],[-17.2301534,63.9977763],[-17.2304324,63.9977104],[-17.2291449,63.997146],[-17.2295526,63.996892],[-17.2306684,63.9973436],[-17.2331575,63.9965722],[-17.2329644,63.9946812],[-17.2342947,63.9945777],[-17.2353033,63.9947188],[-17.2350672,63.9951704],[-17.235196,63.9952551],[-17.235432,63.9952174],[-17.2356895,63.9950199],[-17.2369126,63.9950293],[-17.2371486,63.9951328],[-17.2373847,63.9951233],[-17.2375778,63.9953209],[-17.2380284,63.9972589],[-17.2390369,63.9974094],[-17.2390369,63.9975599],[-17.2388223,63.9976352],[-17.2389296,63.9978139],[-17.239466,63.9980021],[-17.2396592,63.9982278],[-17.2395304,63.9984066],[-17.2388652,63.998416],[-17.23923,63.998717],[-17.2405389,63.999065],[-17.2416333,63.9991215],[-17.2439936,63.9990274],[-17.2453454,63.9990274],[-17.2456673,63.9991309],[-17.2457317,63.9993096],[-17.2453669,63.9995636],[-17.2456244,63.9996671],[-17.2462681,63.9996765],[-17.2467617,63.9993943],[-17.2473839,63.999225]]],[[[-17.2473839,63.999225],[-17.2478131,63.9997423],[-17.2483495,63.9997423],[-17.249122,63.9999963],[-17.2518471,64.0000621],[-17.2530058,63.9999116],[-17.2536067,63.999573],[-17.2542933,63.9996389],[-17.2556666,63.9995918],[-17.2563318,63.9999305],[-17.2556237,64.0004384],[-17.2553447,64.0016518],[-17.2559885,64.0022255],[-17.2571043,64.0024325],[-17.2591213,64.0022161],[-17.2601512,64.0013038],[-17.2614816,64.0011439],[-17.2627262,64.0013602],[-17.2636703,64.0012003],[-17.2645501,64.0011909],[-17.2655586,64.0015671],[-17.2661808,64.0015765],[-17.2665885,64.0012755],[-17.2675541,64.0012944],[-17.2683695,64.0015953],[-17.2696784,64.0023102],[-17.2702149,64.0023666],[-17.2708372,64.0028463],[-17.2724465,64.0028839],[-17.2756651,64.0030344],[-17.2770813,64.0029592],[-17.2803,64.0024513],[-17.2827891,64.0023196],[-17.2847846,64.0024325],[-17.2852138,64.0028651],[-17.2860292,64.003025],[-17.2869733,64.0028463],[-17.291179,64.0025077],[-17.2957066,64.0033072],[-17.2977451,64.0034577],[-17.3017304,64.0032109],[-17.305228,64.0029475],[-17.3062579,64.0024961],[-17.3078458,64.0024867],[-17.3088329,64.0025525],[-17.3096053,64.0024208],[-17.3105924,64.0027218],[-17.311322,64.0027594],[-17.312588,64.0026372],[-17.314605,64.0033238],[-17.3158066,64.0036435],[-17.3164289,64.0036718],[-17.3170297,64.0035025],[-17.3188751,64.0035307],[-17.320935,64.0031827],[-17.3213427,64.0034648],[-17.3218362,64.0035777],[-17.321686,64.0037658],[-17.3218362,64.0038975],[-17.3226302,64.0040856],[-17.3227374,64.0042549],[-17.3229949,64.0043207],[-17.3243897,64.0042643],[-17.3245828,64.0044053],[-17.3243468,64.0047439],[-17.3250978,64.0048944],[-17.3262136,64.0049226],[-17.3269217,64.0047815],[-17.3274796,64.0048474],[-17.3276298,64.0049884],[-17.3279302,64.0049508],[-17.3282306,64.0045934],[-17.3291533,64.0045652],[-17.3299901,64.0050261],[-17.3299687,64.0054587],[-17.3306768,64.0061358],[-17.331342,64.0063051],[-17.3319213,64.0061922],[-17.3325651,64.0063051],[-17.3334877,64.0067471],[-17.3337667,64.0070198],[-17.333595,64.0074242],[-17.3344319,64.0073301],[-17.3349683,64.0073583],[-17.3351614,64.0076028],[-17.3357408,64.0078379],[-17.3350541,64.0083457],[-17.335376,64.0086467],[-17.3359768,64.0087219],[-17.3367708,64.0084492],[-17.3371999,64.0085056],[-17.337157,64.0089664],[-17.3389594,64.0093049],[-17.3419206,64.0097092],[-17.342186,64.0107638],[-17.3447395,64.0111211]]],[[[-17.3447395,64.0111211],[-17.3460699,64.0111963],[-17.3506404,64.0111681],[-17.3525072,64.0115442],[-17.3543096,64.0117699],[-17.3549748,64.012099],[-17.3561335,64.0122024],[-17.3566271,64.0124281],[-17.3569489,64.0123434],[-17.3574854,64.0119673],[-17.3580433,64.0118263],[-17.3585797,64.0119203],[-17.3587514,64.0122306],[-17.3589659,64.012381],[-17.360189,64.0124187],[-17.3611065,64.0125776],[-17.3614069,64.012822],[-17.3613854,64.0131981],[-17.3617073,64.0132733],[-17.3621794,64.0130947],[-17.3626514,64.0130853],[-17.3630591,64.0133767],[-17.3632523,64.013734],[-17.3636837,64.0138352]]],[[[-17.3636837,64.0138352],[-17.3641749,64.0139503],[-17.3656984,64.0140913],[-17.3667284,64.0144956],[-17.3678442,64.0142417],[-17.3716851,64.014693],[-17.3752686,64.0148434],[-17.3758694,64.0151161],[-17.3788949,64.0151819],[-17.3794528,64.0154357],[-17.3832508,64.0154827],[-17.3841306,64.0153229],[-17.3861261,64.0156331],[-17.3874351,64.0156425],[-17.3882934,64.0154169],[-17.392027,64.0157365],[-17.3950525,64.0156613],[-17.3980781,64.015022],[-17.4001165,64.0141289]]],[[[-17.4001165,64.0141289],[-17.4024983,64.0136306],[-17.4070259,64.0140443],[-17.4113389,64.0146648],[-17.414579,64.0159246],[-17.4155939,64.0174398],[-17.4156304,64.0179645],[-17.4152013,64.0189609],[-17.4147605,64.0192382]]],[[[-17.4147605,64.0192382],[-17.4129053,64.0194967],[-17.411296,64.0198163],[-17.4101158,64.0204649],[-17.4096443,64.0205424]]],[[[-17.4067255,64.0209443],[-17.4058457,64.0209443],[-17.405202,64.0209913],[-17.4045797,64.0211793],[-17.4045797,64.0213766],[-17.4039789,64.0219876],[-17.4033137,64.0223165]]],[[[-17.4033137,64.0223165],[-17.4021336,64.0225327],[-17.4014684,64.0225421],[-17.4010821,64.0227395],[-17.4009748,64.0229369],[-17.4006315,64.0230966],[-17.4006315,64.0232282],[-17.4002238,64.0234632],[-17.400138,64.0236136],[-17.4002667,64.0237733],[-17.4006101,64.0239707],[-17.4005886,64.0242057],[-17.3992214,64.0245063],[-17.398127,64.0252769],[-17.3973975,64.0254179],[-17.3967537,64.0257656],[-17.3964319,64.0261979],[-17.3963246,64.0265644],[-17.3951015,64.0271752],[-17.3951659,64.0274477],[-17.3955736,64.0276451],[-17.3954663,64.0278612],[-17.3946938,64.0282183],[-17.3927412,64.0288761],[-17.38978,64.0295902],[-17.3883209,64.0298533],[-17.3848018,64.0309151],[-17.3794803,64.0330479],[-17.3767123,64.0344008],[-17.3757252,64.0347484],[-17.3754677,64.0349269],[-17.3748884,64.0351054],[-17.3743734,64.0353778],[-17.3736867,64.0354624],[-17.3738584,64.0355939],[-17.3737726,64.0357066],[-17.3730216,64.0360166],[-17.3720131,64.0362891],[-17.370747,64.0368339],[-17.3707825,64.0370011],[-17.3691517,64.0375741],[-17.3682076,64.0381847],[-17.3680574,64.0384759],[-17.3673708,64.0388235],[-17.3668987,64.0393495],[-17.3665339,64.039434],[-17.3658902,64.0397158],[-17.3639804,64.0409838],[-17.3633153,64.0415098],[-17.3631436,64.0418198],[-17.3624784,64.0422706],[-17.3617918,64.0429844],[-17.361148,64.0433507],[-17.3609978,64.0436888],[-17.3603756,64.0442617],[-17.3601395,64.0449285],[-17.3594743,64.0452666],[-17.3589808,64.0455765],[-17.358616,64.045614],[-17.3585087,64.0457267],[-17.3579938,64.0458488],[-17.3574359,64.0461869],[-17.3572427,64.0466376],[-17.3571354,64.0473837],[-17.357473,64.0484802],[-17.3577396,64.048768],[-17.3575974,64.0500277],[-17.3572775,64.0512719],[-17.3568333,64.051684],[-17.3565134,64.0523683],[-17.3563712,64.0528426],[-17.3565312,64.0532236],[-17.3558737,64.0545609],[-17.3552161,64.0551129],[-17.3548252,64.0559059],[-17.3546119,64.0570643],[-17.3547897,64.0580594],[-17.3546475,64.0589844],[-17.3537945,64.059653],[-17.3537412,64.0598473],[-17.3538123,64.0599561],[-17.3534213,64.0601427],[-17.3532436,64.0603837],[-17.3531725,64.0609822],[-17.3532614,64.0611144],[-17.353137,64.0622414],[-17.352675,64.063042],[-17.3524795,64.064169],[-17.3526394,64.0643245],[-17.3524795,64.0645265],[-17.3525506,64.0646276],[-17.3522485,64.0646975],[-17.352053,64.0648296],[-17.3519641,64.0650162],[-17.3519997,64.0652182],[-17.3517331,64.0668425],[-17.3517864,64.0678062]]],[[[-17.3517864,64.0678062],[-17.3519997,64.0679305],[-17.3524262,64.0679927],[-17.3526572,64.0682724],[-17.3524972,64.0685522],[-17.3519108,64.0688164],[-17.3516265,64.0690962],[-17.3510401,64.0692827],[-17.3508446,64.0694459],[-17.3504892,64.0702929],[-17.3503648,64.0708212],[-17.3507024,64.0710388],[-17.3511289,64.0711631],[-17.3513955,64.0713496],[-17.3515909,64.0714273],[-17.3519819,64.0718391],[-17.3523018,64.0719479],[-17.3522485,64.0724219],[-17.3524617,64.0724918],[-17.3540255,64.0721655],[-17.3543276,64.0721888],[-17.3544342,64.0723597],[-17.3542921,64.0725928],[-17.3544165,64.0729891],[-17.3542565,64.07323],[-17.3534569,64.0734786],[-17.3527105,64.0735796],[-17.3515909,64.0736806],[-17.3503648,64.0742089],[-17.3499383,64.0745896],[-17.3493518,64.0748382],[-17.3489964,64.0751723],[-17.3489609,64.0754054],[-17.3492985,64.0756307],[-17.3493163,64.0758016],[-17.3491741,64.0759648],[-17.348641,64.0765008],[-17.3489609,64.0770058],[-17.3494229,64.0773321],[-17.3497961,64.0774175],[-17.3499205,64.0775807],[-17.3497783,64.0776972],[-17.3493874,64.0778603],[-17.3491564,64.0791343],[-17.3494407,64.0794761],[-17.3495118,64.0801208],[-17.349263,64.0804704],[-17.3496539,64.0808277],[-17.3495651,64.0811306],[-17.348641,64.0815268],[-17.3484989,64.0817287],[-17.3486588,64.0819151],[-17.3484811,64.0823113],[-17.3478769,64.0830025],[-17.3478058,64.083585],[-17.3476103,64.0837637],[-17.3475392,64.0843229],[-17.347948,64.0849287],[-17.3479835,64.0862101],[-17.3478058,64.0862955],[-17.3478413,64.0864043],[-17.3481434,64.0865751],[-17.3481434,64.0867304],[-17.3479302,64.0868236],[-17.3478413,64.0870721],[-17.3476636,64.0872197],[-17.3477347,64.0874216],[-17.3473438,64.0878798],[-17.3474148,64.0884932],[-17.3474504,64.0890135],[-17.3473082,64.0891766],[-17.3465974,64.0892232],[-17.3462775,64.0894717],[-17.3463131,64.0896891],[-17.3466329,64.08979],[-17.3465974,64.0901162],[-17.3463131,64.0901317],[-17.3462242,64.0903957],[-17.3464197,64.0906364],[-17.3462064,64.0916691],[-17.3464552,64.0918865],[-17.3464019,64.0919642],[-17.3458866,64.0919564],[-17.3455667,64.0928416],[-17.3448559,64.0929114],[-17.3442339,64.0931055],[-17.3439,64.0932714],[-17.3437541,64.0934006],[-17.3437719,64.093618],[-17.3440207,64.0939363],[-17.343914,64.094177],[-17.3433098,64.0947204],[-17.3431321,64.0951164],[-17.3431499,64.0954036],[-17.3428478,64.0957064],[-17.3428656,64.0959471],[-17.3426346,64.0961256],[-17.3419415,64.0962887],[-17.3411418,64.0966458],[-17.3410352,64.0968088],[-17.3411063,64.0969951],[-17.3414439,64.0971038],[-17.3417283,64.0973833],[-17.3416394,64.0976006],[-17.341053,64.0980121],[-17.3401111,64.098276],[-17.3394181,64.0984778],[-17.3390093,64.0984778],[-17.338725,64.0985477],[-17.3384407,64.0986874],[-17.338103,64.0987728],[-17.338032,64.0989125],[-17.3381951,64.0990226],[-17.338494,64.0990911],[-17.3388494,64.0991221],[-17.3390271,64.0992463],[-17.3389383,64.0993395],[-17.3381741,64.09965],[-17.337872,64.0999139],[-17.3378009,64.1001933],[-17.3379431,64.1005193],[-17.337872,64.1007211],[-17.3379076,64.1009307],[-17.3377121,64.1010782],[-17.3373922,64.1011403],[-17.3371258,64.1012541],[-17.3370546,64.1013421],[-17.337179,64.101443],[-17.3374633,64.1015129],[-17.3379964,64.1014896],[-17.338103,64.1016293],[-17.3379609,64.1019087],[-17.3376232,64.1020872],[-17.3375699,64.1022347],[-17.3377299,64.1025762],[-17.3384585,64.1028401],[-17.3389205,64.1033368],[-17.338725,64.1043613],[-17.3388672,64.1052848],[-17.3387606,64.1054944],[-17.3386006,64.1056884],[-17.3387428,64.1058358],[-17.3391771,64.1058574],[-17.3395247,64.1057738],[-17.3399334,64.1057738],[-17.3401644,64.1059755],[-17.3412662,64.1060299],[-17.3411063,64.1068059],[-17.3401822,64.1071086],[-17.3390449,64.1074966],[-17.3386362,64.1079001],[-17.3386184,64.1085597],[-17.3379076,64.1090563],[-17.3375699,64.1100185],[-17.3371257,64.110422],[-17.3368236,64.1109962],[-17.3366103,64.11171],[-17.3362371,64.1120436],[-17.3359173,64.1126721],[-17.3357929,64.1135333],[-17.3360239,64.1141695],[-17.3362136,64.1141972],[-17.3365037,64.1142238],[-17.3370368,64.1145419],[-17.3371434,64.114922],[-17.3371079,64.1153255],[-17.3373332,64.115836],[-17.3372259,64.1159297],[-17.3365375,64.115983],[-17.3362389,64.1160421],[-17.3357239,64.1163324],[-17.3353162,64.116754],[-17.3352518,64.1176251],[-17.3350372,64.1177562],[-17.3349943,64.1178593],[-17.3352518,64.1180185],[-17.3356595,64.1181403],[-17.3365178,64.1182433],[-17.336668,64.1183651],[-17.3371587,64.1184764],[-17.3372278,64.1186798],[-17.3369242,64.1190788],[-17.3355007,64.1198702],[-17.3330935,64.1210346],[-17.3330313,64.1211713],[-17.3331414,64.1212307],[-17.3332698,64.1213],[-17.3337142,64.1213723],[-17.3337306,64.1215864],[-17.333037,64.1224848],[-17.3319356,64.12476],[-17.3320012,64.125046],[-17.3322784,64.1252542],[-17.3320039,64.1265409],[-17.3319869,64.1275467],[-17.332281,64.1282059],[-17.3330472,64.1287341],[-17.3330166,64.1290223],[-17.3327304,64.1293625],[-17.3330164,64.1298322],[-17.3333526,64.1299547],[-17.3337567,64.1299411],[-17.3339673,64.1300198],[-17.334034,64.130179],[-17.3338944,64.1302994],[-17.3339033,64.1305454],[-17.3337807,64.1308676],[-17.3327521,64.1311814],[-17.3330728,64.1314246],[-17.3340802,64.1319113],[-17.3347623,64.1317337],[-17.3352433,64.1317898],[-17.3354064,64.1320237],[-17.3350893,64.1322297],[-17.3347823,64.1327259],[-17.334243,64.1329968],[-17.3338632,64.13366],[-17.3335133,64.1337401],[-17.3333017,64.1338176]]],[[[-17.3333017,64.1338176],[-17.3328321,64.1337779],[-17.3325216,64.1338682],[-17.3324871,64.1340638],[-17.3326021,64.1343949],[-17.3334415,64.1348012],[-17.3337267,64.1347964]]],[[[-17.3322474,64.1492777],[-17.3323385,64.1492269],[-17.3328689,64.1487905],[-17.3328358,64.1485489],[-17.3320593,64.1479611],[-17.3318541,64.1476742],[-17.3318559,64.146936],[-17.3315604,64.146633],[-17.330911,64.146598],[-17.3308048,64.1461342],[-17.3312116,64.1458221],[-17.3316184,64.1457105],[-17.3318591,64.1454464],[-17.3322567,64.145317],[-17.3322693,64.1451688],[-17.3319682,64.1450032],[-17.3320131,64.144775],[-17.33238,64.144617],[-17.3328127,64.1441855],[-17.3330801,64.143443],[-17.332833,64.1431716],[-17.3329804,64.1425848],[-17.3339141,64.1410591],[-17.334666,64.1395076],[-17.3349155,64.1392033],[-17.3353852,64.1390061],[-17.3356479,64.1386483],[-17.3359698,64.1385484],[-17.3360387,64.1383932],[-17.3359812,64.13815],[-17.3361997,64.1379269],[-17.3364158,64.1368704],[-17.3372402,64.136526],[-17.3371235,64.1363638],[-17.3367662,64.1362476],[-17.3360639,64.1362718],[-17.3358499,64.1362051],[-17.3358352,64.1357699],[-17.3337267,64.1347964]]],[[[-17.3347147,64.1669525],[-17.3357563,64.1658819],[-17.3395114,64.1636096],[-17.3389386,64.1616809],[-17.3413939,64.1605451],[-17.3421754,64.160008],[-17.3435028,64.1596721],[-17.3437527,64.159436],[-17.3436069,64.1592034],[-17.3431012,64.1588379],[-17.3426982,64.1581594],[-17.3421533,64.1577453],[-17.3417307,64.1576318],[-17.3397631,64.156396],[-17.3390905,64.1552526],[-17.3391212,64.1549388],[-17.3384084,64.1539909],[-17.3359391,64.1520144],[-17.3343723,64.1505071],[-17.3336,64.1503073],[-17.3325499,64.1501377],[-17.3314218,64.1497381],[-17.331366,64.1494928],[-17.3322474,64.1492777]]],[[[-17.3055866,64.1713058],[-17.3078774,64.1715221],[-17.3093204,64.1713889],[-17.3184185,64.1723331],[-17.3243193,64.1722396],[-17.3321085,64.1696312],[-17.3347147,64.1669525]]],[[[-17.3181858,64.1901794],[-17.3124961,64.1875013],[-17.3073892,64.1841094],[-17.3062752,64.1818458],[-17.302715,64.1784047],[-17.3005942,64.1746061],[-17.3009016,64.1720935],[-17.3029904,64.1707625],[-17.3049323,64.171244],[-17.3055866,64.1713058]]],[[[-17.4138622,64.2264819],[-17.4137162,64.2257793],[-17.4146644,64.2255153],[-17.4184559,64.2250087],[-17.4190254,64.2247029],[-17.4194233,64.2238933],[-17.4194779,64.2223651],[-17.41979,64.2220314],[-17.4204668,64.2217676],[-17.421487,64.2217464],[-17.4217678,64.2214242],[-17.4214748,64.2206204],[-17.4195012,64.220858],[-17.4173345,64.2204778],[-17.41325,64.2205238],[-17.4110537,64.2207191],[-17.4094507,64.2208112],[-17.4044788,64.2207446],[-17.3940353,64.2199501],[-17.3892202,64.2187983],[-17.3805406,64.2169829],[-17.3755785,64.2158045],[-17.3738351,64.2149063],[-17.3729553,64.2138792],[-17.3673226,64.2108453],[-17.3646297,64.2089784],[-17.3611857,64.2071998],[-17.3587289,64.2062896],[-17.3525105,64.204298],[-17.3442965,64.2017555],[-17.3363463,64.1979729],[-17.3290453,64.1947552],[-17.3254136,64.1925649],[-17.3209071,64.1914603],[-17.3181858,64.1901794]]],[[[-17.4569206,64.2249533],[-17.4554744,64.2252744],[-17.4528898,64.2252075],[-17.4500898,64.2236153],[-17.4483359,64.2233209],[-17.4454128,64.223254],[-17.4420898,64.2240568],[-17.4402436,64.2251941],[-17.4399359,64.2267996],[-17.4401915,64.2275603],[-17.4401178,64.2278154],[-17.4396701,64.2280644],[-17.4388175,64.2281893],[-17.4302988,64.2274476],[-17.422338,64.2273963],[-17.4168448,64.2270044],[-17.4138622,64.2264819]]],[[[-17.4637687,64.2046221],[-17.4642043,64.2050354],[-17.4642437,64.2061752],[-17.4633206,64.2063358],[-17.4634129,64.2067643],[-17.4644283,64.207099],[-17.4643975,64.207929],[-17.4636591,64.2083307],[-17.4653206,64.2099773],[-17.4666437,64.2143545],[-17.4657514,64.2172589],[-17.4626129,64.2213807],[-17.458059,64.2227589],[-17.456736,64.2237624],[-17.4569206,64.2249533]]],[[[-17.458606,64.2007332],[-17.4590908,64.2010074],[-17.4602601,64.2014627],[-17.4615831,64.2022661],[-17.4641985,64.2034445],[-17.4666909,64.2049575],[-17.4699832,64.2079432],[-17.4726601,64.211223],[-17.4727832,64.2117853],[-17.4701986,64.2088937],[-17.468137,64.2071131],[-17.465337,64.2053592],[-17.4637687,64.2046221]]],[[[-17.4575476,64.197855],[-17.4574293,64.1980076],[-17.4575831,64.1984361],[-17.4584139,64.1997352],[-17.458606,64.2007332]]],[[[-17.5442011,64.2150127],[-17.5438938,64.214779],[-17.5439678,64.2145485],[-17.5435548,64.2139288],[-17.543038,64.2137458],[-17.5417522,64.213469],[-17.5415594,64.2132026],[-17.5412281,64.2131169],[-17.5399029,64.213015],[-17.5397546,64.2127249],[-17.5389141,64.2121638],[-17.5386557,64.2119563],[-17.5387343,64.2114084],[-17.5387216,64.2109687],[-17.5383282,64.2106797],[-17.5352152,64.2093913],[-17.5342511,64.2088178],[-17.5340281,64.2081176],[-17.5342275,64.2071499],[-17.5336522,64.2051672],[-17.5327281,64.2045326],[-17.532266,64.2044589],[-17.532008,64.2045202],[-17.5317957,64.2047065],[-17.5316207,64.2048684],[-17.5315515,64.2049549],[-17.5315361,64.2050856],[-17.5314635,64.2052304],[-17.531439,64.205187],[-17.5314468,64.2049754],[-17.5314791,64.2048734],[-17.5315787,64.2047379],[-17.531804,64.2044855],[-17.531828,64.2039001],[-17.5316831,64.203807],[-17.5314577,64.2037928],[-17.530267,64.2044219],[-17.5298936,64.2050926],[-17.5297697,64.2059068],[-17.529799,64.2064957],[-17.5292041,64.2054259],[-17.5286726,64.2045285],[-17.5274844,64.203241],[-17.5265017,64.2032652],[-17.5258556,64.2034125],[-17.5255787,64.2041623],[-17.5250863,64.2039749],[-17.5237633,64.2038544],[-17.5236094,64.2040016],[-17.5224094,64.2038276],[-17.5223479,64.203292],[-17.5214248,64.203292],[-17.5208709,64.2034259],[-17.5201325,64.2031715],[-17.5200094,64.2026358],[-17.5205017,64.2017654],[-17.5199171,64.201578],[-17.5183786,64.2014708],[-17.5171479,64.200654],[-17.5146248,64.2006942],[-17.5106555,64.2007611],[-17.5095786,64.2006004],[-17.5087478,64.199663],[-17.5072401,64.1996228],[-17.5056401,64.199047],[-17.5034555,64.1990202],[-17.5000401,64.1994889],[-17.4966862,64.1996764],[-17.4924401,64.1991675],[-17.4820708,64.1955246],[-17.4777631,64.19452],[-17.4712092,64.1943995],[-17.4677323,64.1947477],[-17.4672854,64.1950256],[-17.4666554,64.1954174],[-17.4652707,64.1957389],[-17.4638246,64.1955648],[-17.4628092,64.1958862],[-17.4618881,64.1959281],[-17.4607477,64.19598],[-17.4602246,64.1962211],[-17.4607281,64.1964004],[-17.4609015,64.1964621],[-17.4607784,64.1966898],[-17.4597938,64.1969577],[-17.4575476,64.197855]]],[[[-17.5570599,64.211405],[-17.5547318,64.2125953],[-17.5539009,64.2128365],[-17.5525998,64.2129306],[-17.5520994,64.2132016],[-17.551824,64.2137961],[-17.5514503,64.2140187],[-17.5511624,64.2146146],[-17.550483,64.2149262],[-17.5501969,64.215232],[-17.5504338,64.2156141],[-17.5509045,64.2157264],[-17.5510896,64.2158176],[-17.5511082,64.2158792],[-17.5509122,64.2159262],[-17.5498761,64.2157078],[-17.5494103,64.2154515],[-17.5490486,64.2154156],[-17.5480152,64.2154457],[-17.546737,64.2150467],[-17.5455786,64.2151559],[-17.544801,64.2151596],[-17.5442011,64.2150127]]],[[[-17.6705893,64.2024635],[-17.6717745,64.2019193],[-17.6731032,64.2018059],[-17.6743798,64.2012673],[-17.6758389,64.2009725],[-17.6798511,64.200689],[-17.681727,64.2008761],[-17.6828734,64.2008421],[-17.6839416,64.2004736],[-17.6852443,64.1996515],[-17.6853224,64.1992262],[-17.6862604,64.1992149],[-17.6865167,64.1990262],[-17.6871462,64.1985629],[-17.6876199,64.1980735],[-17.6881232,64.1975536],[-17.6884359,64.1962494],[-17.6897255,64.1947297],[-17.6896604,64.1938847],[-17.6890221,64.1932722],[-17.6895432,64.1926427],[-17.688501,64.1912249],[-17.6888658,64.190947],[-17.6873937,64.1899374],[-17.6830037,64.1878728],[-17.6826576,64.1873455],[-17.6820136,64.186364],[-17.6796427,64.1840892],[-17.6755132,64.181627],[-17.6735092,64.1806081],[-17.6671108,64.1773546],[-17.6667591,64.1768779],[-17.6626817,64.1775816],[-17.6602717,64.1788015],[-17.6588648,64.1791136],[-17.6566893,64.1791817],[-17.6546702,64.1789263],[-17.6530548,64.1784894],[-17.6507491,64.1773092],[-17.6500326,64.1761856],[-17.6508533,64.1743186],[-17.650723,64.1740462],[-17.6501238,64.1741711],[-17.6488341,64.1747102],[-17.6491207,64.1742335],[-17.6488602,64.1741995],[-17.6479743,64.1748521],[-17.6476226,64.1748124],[-17.6479222,64.1738873],[-17.6457076,64.1737511],[-17.6447958,64.1731836],[-17.6427115,64.172531],[-17.636198,64.172128],[-17.6348269,64.1721609],[-17.6335926,64.1721905],[-17.6296064,64.1721337],[-17.6254378,64.1739498],[-17.622611,64.1759814],[-17.6208393,64.1762935],[-17.6187029,64.1772468],[-17.6175956,64.1773035],[-17.6162669,64.1772298],[-17.6141826,64.1766907],[-17.6116293,64.1775702],[-17.6096492,64.1775135],[-17.6073565,64.1777177],[-17.6048553,64.1781603],[-17.6043994,64.178427],[-17.601557,64.1792934],[-17.6006291,64.1798111],[-17.5945787,64.1814369],[-17.591993,64.1831563],[-17.5917731,64.1835768],[-17.5914244,64.18396],[-17.590491,64.1844739],[-17.5890855,64.1850625],[-17.5851266,64.1863519],[-17.5833617,64.1870154],[-17.5829701,64.187847],[-17.5833563,64.1894819],[-17.5814037,64.1898509],[-17.5808351,64.190596],[-17.5814305,64.1921083],[-17.5831444,64.1939293],[-17.5867594,64.1969999],[-17.5906672,64.1996727],[-17.5957318,64.2030257],[-17.6003211,64.2064064],[-17.6006525,64.2066809],[-17.6006546,64.2067023],[-17.6006109,64.2067145],[-17.6005619,64.2067056],[-17.5996546,64.2061453],[-17.5961128,64.2036805],[-17.5944767,64.2024678],[-17.5927924,64.201387],[-17.5919988,64.2009997],[-17.5865069,64.1978626],[-17.5820488,64.1949518],[-17.5797085,64.1936859],[-17.5786786,64.1930553],[-17.5727348,64.1904349],[-17.5706641,64.1897623],[-17.5695805,64.1901453],[-17.5655035,64.1906778],[-17.5623922,64.190533],[-17.5613868,64.190725],[-17.5579568,64.1929745],[-17.5582294,64.1932935],[-17.5581736,64.1936837],[-17.5571179,64.1944087],[-17.5564267,64.1946701],[-17.5554183,64.1952942],[-17.5538949,64.1965908],[-17.552586,64.1978704],[-17.5514059,64.1998549],[-17.5515768,64.2001202],[-17.5527681,64.2008397],[-17.5542864,64.2009007],[-17.5546164,64.2011179],[-17.554745,64.2013842],[-17.5569057,64.2017146],[-17.5578647,64.2021289],[-17.5593459,64.2032076],[-17.5594262,64.203888],[-17.560153,64.2043683],[-17.5607524,64.2044964],[-17.5610514,64.2048486],[-17.5609704,64.2050674],[-17.5603745,64.2051742],[-17.5600852,64.2059253],[-17.5592002,64.2064175],[-17.5586934,64.2070278],[-17.559028,64.2073297],[-17.5597489,64.2075383],[-17.5602766,64.2079616],[-17.5603752,64.2081422],[-17.5601713,64.2085437],[-17.5590233,64.2091412],[-17.5578431,64.2098601],[-17.5577949,64.2107913],[-17.5570599,64.211405]]],[[[-17.663966,64.2081197],[-17.6635434,64.2076808],[-17.6628955,64.2069665],[-17.6627003,64.2062732],[-17.6629772,64.2055613],[-17.6636834,64.2044338],[-17.6646938,64.2038806],[-17.6657043,64.2035564],[-17.6677877,64.2033256],[-17.6693367,64.2029573],[-17.6705893,64.2024635]]],[[[-17.7286462,64.1915279],[-17.7278268,64.1920733],[-17.7264495,64.1924878],[-17.7247249,64.1926069],[-17.7226917,64.1924715],[-17.717338,64.1918269],[-17.7150556,64.1918702],[-17.7125844,64.193214],[-17.7118389,64.1951408],[-17.7131721,64.1968882],[-17.7175864,64.1996596],[-17.7215312,64.2003947],[-17.7224955,64.2008908],[-17.7239926,64.2009443],[-17.725379,64.2008636],[-17.7266282,64.2010259],[-17.7284493,64.2020149],[-17.7279477,64.2023809],[-17.7266771,64.2026493],[-17.7261594,64.2028348],[-17.7265952,64.2038851],[-17.7255694,64.2049886],[-17.7270732,64.2073806],[-17.7267744,64.2083069],[-17.7269854,64.2090625],[-17.7259555,64.2114524],[-17.7252688,64.2126473],[-17.7247188,64.2139156],[-17.7212755,64.2166505],[-17.7182354,64.2178057],[-17.7170599,64.2179856],[-17.7152569,64.2179438],[-17.7143419,64.2181693],[-17.7137183,64.2185816],[-17.712706,64.2185089],[-17.7119862,64.2185603],[-17.7114483,64.2187925],[-17.7111911,64.2191565],[-17.7108608,64.2193643],[-17.7105134,64.2194275],[-17.7101423,64.219346],[-17.7094341,64.2189944],[-17.7093234,64.2187462],[-17.7094382,64.2184155],[-17.7092535,64.2178285],[-17.7093091,64.2170326],[-17.7089785,64.2164607],[-17.7088384,64.215391],[-17.7095409,64.2153508],[-17.7109396,64.2159241],[-17.7112741,64.2158281],[-17.7107504,64.2149294],[-17.7095996,64.2140226],[-17.7080319,64.2133019],[-17.7078149,64.2125513],[-17.7074477,64.2121275],[-17.7069208,64.2119809],[-17.706308,64.2119837],[-17.7064963,64.2133575],[-17.7056658,64.213399],[-17.7047495,64.2148407],[-17.7057065,64.2154278],[-17.7064187,64.2155939],[-17.7066194,64.2157689],[-17.7062124,64.2159075],[-17.7045193,64.2157276],[-17.702926,64.2161476],[-17.7016332,64.2162876],[-17.6995626,64.2162503],[-17.6970544,64.2170002],[-17.6961334,64.2168811],[-17.6954447,64.2165377],[-17.6951003,64.2161233],[-17.6950569,64.2145813],[-17.696666,64.2131756],[-17.6965693,64.2128928],[-17.695727,64.2127793],[-17.6955523,64.212504],[-17.6956332,64.2122042],[-17.6961185,64.2116046],[-17.6961834,64.2107721],[-17.6961463,64.2103039],[-17.6962881,64.2100347],[-17.6961446,64.2098082],[-17.6957223,64.2098581],[-17.6954317,64.2097943],[-17.6941095,64.2100524],[-17.6933534,64.2100252],[-17.6933913,64.2099703],[-17.6937866,64.2097541],[-17.6938217,64.2096918],[-17.6936728,64.2096487],[-17.6930951,64.2097286],[-17.692805,64.2098058],[-17.6928611,64.2100365],[-17.692512,64.21029],[-17.6925776,64.2105065],[-17.6928518,64.210614],[-17.6935351,64.2108088],[-17.6935583,64.2109352],[-17.6946838,64.2109346],[-17.6947634,64.211093],[-17.6949772,64.2111247],[-17.6951329,64.2110419],[-17.6953285,64.2110465],[-17.6950256,64.2114893],[-17.6947413,64.2115694],[-17.6945512,64.2117768],[-17.6942878,64.2118543],[-17.6940845,64.2123397],[-17.6944022,64.2124613],[-17.6943403,64.212788],[-17.6920376,64.2144445],[-17.6888551,64.2158303],[-17.6854649,64.2185182],[-17.6860335,64.2189335],[-17.6859101,64.2194585],[-17.6833834,64.2208607],[-17.6801709,64.2223741],[-17.6794377,64.2223497],[-17.6787475,64.2226425],[-17.6787439,64.222842],[-17.6778391,64.2230229],[-17.6766567,64.2227294],[-17.6762467,64.2227532],[-17.6756739,64.2227109],[-17.6743124,64.2216964],[-17.6739809,64.2213164],[-17.6742421,64.2208313],[-17.6748466,64.2205888],[-17.6749827,64.220309],[-17.674783,64.2201042],[-17.6748555,64.2198065],[-17.6750435,64.2197336],[-17.6752908,64.2193267],[-17.6751417,64.2189234],[-17.6771393,64.2180703],[-17.6776221,64.2174029],[-17.6777575,64.2165681],[-17.6786225,64.2163867],[-17.6792367,64.2160612],[-17.6793923,64.2154756],[-17.679195,64.2152396],[-17.6785427,64.2150075],[-17.6784994,64.2148008],[-17.6794823,64.213556],[-17.6804459,64.2127842],[-17.6806272,64.2112035],[-17.6820995,64.2104979],[-17.6831701,64.2101619],[-17.6842407,64.2096019],[-17.6861229,64.2093485],[-17.6868939,64.2090377],[-17.6871284,64.2086336],[-17.6867177,64.2082175],[-17.685467,64.2074413],[-17.6844739,64.2072065],[-17.6834747,64.2070265],[-17.6831897,64.2068151],[-17.6832775,64.2065156],[-17.682978,64.2062258],[-17.682485,64.2061462],[-17.6808332,64.2063095],[-17.6803348,64.2061365],[-17.6793775,64.2061621],[-17.6787272,64.206343],[-17.6787635,64.2066545],[-17.67914,64.2069996],[-17.6804079,64.2071296],[-17.6808447,64.2074441],[-17.6807962,64.2077884],[-17.6796262,64.2081595],[-17.6792603,64.208547],[-17.6799875,64.2091167],[-17.6801072,64.2096026],[-17.679617,64.2099397],[-17.6790656,64.2099976],[-17.6775041,64.2094079],[-17.6750794,64.2089738],[-17.6735451,64.2089435],[-17.6713833,64.2092084],[-17.6709129,64.2093406],[-17.6691785,64.2094453],[-17.6685175,64.209359],[-17.6679422,64.2092353],[-17.6661481,64.2090441],[-17.665057,64.2086846],[-17.663966,64.2081197]]],[[[-17.7335337,64.1765679],[-17.733573,64.1769655],[-17.7332017,64.1784722],[-17.7318649,64.1798014],[-17.7299337,64.1808294],[-17.7251701,64.1819602],[-17.7197199,64.1829975],[-17.7148812,64.1847962],[-17.7148275,64.1863147],[-17.7162544,64.1880338],[-17.7192692,64.1887813],[-17.7208838,64.1888465],[-17.7221551,64.1886128],[-17.7238823,64.1885378],[-17.7255772,64.1886493],[-17.7278082,64.1891713],[-17.7281849,64.1895847],[-17.7286462,64.1915279]]],[[[-17.7311466,64.1738243],[-17.7321353,64.1744604],[-17.7331009,64.1755353],[-17.7335337,64.1765679]]],[[[-17.7263202,64.1429222],[-17.7261914,64.1434088],[-17.7258052,64.1436147],[-17.7236594,64.1436334],[-17.7220715,64.1440264],[-17.7217711,64.1443633],[-17.7220286,64.1447002],[-17.7218999,64.1450745],[-17.7205266,64.1450558],[-17.7201833,64.1452429],[-17.7215566,64.1460103],[-17.7207412,64.1468524],[-17.7219857,64.1473577],[-17.7228011,64.1474699],[-17.7228011,64.1475635],[-17.7228011,64.1476571],[-17.7222432,64.1477694],[-17.7224149,64.1482746],[-17.7236165,64.1483308],[-17.7241315,64.1486114],[-17.7240886,64.1489857],[-17.7235736,64.1491915],[-17.7233161,64.1495284],[-17.7236165,64.1504827],[-17.7248181,64.1517737],[-17.7244748,64.1522228],[-17.7225007,64.1524099],[-17.7207841,64.1526905],[-17.7173938,64.1542247],[-17.7134885,64.1566568],[-17.7119864,64.1582842],[-17.7117719,64.1598368],[-17.7120293,64.1608095],[-17.7131022,64.1622871],[-17.7134885,64.1637085],[-17.7143897,64.1647558],[-17.7143897,64.1652047],[-17.7155055,64.1656909],[-17.7161063,64.1662333],[-17.7173079,64.1665325],[-17.7193679,64.1674675],[-17.7212561,64.1689821],[-17.7251829,64.1713007],[-17.7284016,64.1725535],[-17.7311466,64.1738243]]],[[[-17.7359332,64.1334874],[-17.735547,64.1344048],[-17.7354611,64.1360711],[-17.7358044,64.1365017],[-17.7357615,64.1370071],[-17.7317275,64.1398712],[-17.7295388,64.1405825],[-17.7282513,64.1414061],[-17.7276076,64.1421735],[-17.7263202,64.1429222]]],[[[-17.9254197,64.1071528],[-17.9198255,64.1062322],[-17.9159631,64.105595],[-17.9107015,64.1039796],[-17.9072942,64.1029335],[-17.9057492,64.1018651],[-17.9040755,64.1018276],[-17.8988399,64.1019963],[-17.8829612,64.0985472],[-17.8815879,64.0977973],[-17.8803434,64.0976286],[-17.8785409,64.0980785],[-17.8751506,64.1004405],[-17.873434,64.1010591],[-17.8699578,64.1016214],[-17.8683271,64.1016027],[-17.8666104,64.1010216],[-17.8633918,64.0987909],[-17.8538217,64.0955101],[-17.8464402,64.0944602],[-17.8406037,64.0944789],[-17.8345098,64.0953226],[-17.8309907,64.0953414],[-17.8282012,64.0948539],[-17.8243388,64.0951539],[-17.8227939,64.0946851],[-17.8142537,64.0956976],[-17.8115071,64.0965037],[-17.8106488,64.0970849],[-17.8112497,64.0977411],[-17.8109063,64.0983597],[-17.8098764,64.0985097],[-17.8052415,64.098116],[-17.7980746,64.0987534],[-17.7918519,64.1000094],[-17.7894487,64.1007029],[-17.7884616,64.1008342],[-17.7852,64.1004405],[-17.7810372,64.1008904],[-17.7788915,64.1014527],[-17.7764024,64.1035146],[-17.7738704,64.1050327],[-17.7646007,64.106682],[-17.7620258,64.1079188],[-17.7586784,64.1094742],[-17.7541293,64.1108047],[-17.7518119,64.1124161],[-17.7504815,64.1146457],[-17.7511253,64.1155638],[-17.7509965,64.1164443],[-17.7495374,64.1174747],[-17.7449025,64.1195728],[-17.742113,64.1240682],[-17.7425851,64.1262407],[-17.7441729,64.1275142],[-17.7458466,64.1281322],[-17.7476062,64.1294055],[-17.7479066,64.1319708],[-17.7469624,64.1339555],[-17.7460183,64.1344236],[-17.7451171,64.1345921],[-17.742628,64.1346295],[-17.739066,64.1344423],[-17.7371348,64.1335062],[-17.7359332,64.1334874]]],[[[-17.9621551,64.1181437],[-17.9603283,64.1174993],[-17.9503812,64.11399],[-17.9407252,64.1118353],[-17.9318847,64.1094555],[-17.9287089,64.107694],[-17.9254197,64.1071528]]],[[[-17.9949631,64.1373382],[-17.9939832,64.1366514],[-17.9928674,64.1361272],[-17.9924382,64.135809],[-17.9922237,64.135135],[-17.9904641,64.1317274],[-17.987503,64.1273082],[-17.9842414,64.1247237],[-17.9784049,64.1220828],[-17.9766025,64.1221765],[-17.9757012,64.1220266],[-17.9719676,64.1202097],[-17.9651441,64.1191981],[-17.9621551,64.1181437]]],[[[-17.9984115,64.1451085],[-17.998111,64.1439668],[-17.9979823,64.1434802],[-17.9981969,64.1431059],[-17.9990472,64.1423232],[-17.996601,64.138486],[-17.9949631,64.1373382]]],[[[-18.0006119,64.154659],[-17.9997847,64.1543148],[-17.9984544,64.1543522],[-17.9966948,64.1547825],[-17.9959224,64.1562791],[-17.9950641,64.1567655],[-17.9934762,64.1569713],[-17.9919742,64.1565598],[-17.9906009,64.1544083],[-17.9888842,64.1542025],[-17.9885409,64.1537909],[-17.9888413,64.1531174],[-17.9918883,64.1516767],[-17.9916308,64.1495249],[-17.9930041,64.1468676],[-17.9948924,64.1460068],[-17.9984115,64.1451085]]],[[[-18.0034325,64.1575886],[-18.0019973,64.1564625],[-18.0012868,64.155905],[-18.0010293,64.1548948],[-18.0006119,64.154659]]],[[[-17.999656,64.1827377],[-18.0003856,64.1809435],[-18.0017159,64.1796164],[-18.0042479,64.1789622],[-18.0051492,64.1784014],[-18.0048917,64.178121],[-18.003733,64.1780649],[-18.0002568,64.1789435],[-17.9998277,64.1780088],[-18.0002997,64.1776724],[-18.0040763,64.1774854],[-18.0056641,64.1764947],[-18.0060504,64.1754665],[-18.0080245,64.1732604],[-18.0088399,64.1683242],[-18.0094836,64.1673144],[-18.0090545,64.1659493],[-18.0081532,64.1651077],[-18.0080674,64.1637612],[-18.0087111,64.1630879],[-18.006222,64.1602823],[-18.0051492,64.1597585],[-18.0038617,64.1584491],[-18.0034325,64.1575886]]],[[[-17.9925818,64.1864627],[-17.9927895,64.1857279],[-17.9917596,64.1844384],[-17.9926608,64.1838217],[-17.999656,64.1827377]]],[[[-17.985014,64.1988471],[-17.9851427,64.1982867],[-17.9866018,64.1974461],[-17.9863872,64.1970538],[-17.9847135,64.1960451],[-17.9835119,64.1946627],[-17.9838552,64.1930373],[-17.9844131,64.192234],[-17.9873743,64.191524],[-17.987503,64.190814],[-17.9923096,64.1886092],[-17.9929104,64.1876001],[-17.9924462,64.1869426],[-17.9925818,64.1864627]]],[[[-18.012866,64.2103882],[-18.0120506,64.2101642],[-18.0120935,64.2092866],[-18.0138531,64.2070832],[-18.0163422,64.2033296],[-18.0157413,64.2025452],[-18.0124798,64.2017235],[-18.0108919,64.2016861],[-18.0086174,64.2009951],[-18.0076733,64.2002479],[-18.005785,64.2000798],[-18.0038538,64.2003413],[-18.0028238,64.2003227],[-18.0000343,64.199837],[-17.9960432,64.2002853],[-17.9947557,64.200304],[-17.9936399,64.1999678],[-17.992095,64.2002479],[-17.9884043,64.1999865],[-17.9859152,64.1995008],[-17.985014,64.1988471]]],[[[-18.0650816,64.2270947],[-18.0643644,64.2265713],[-18.0633643,64.2252221],[-18.0626907,64.2243133],[-18.0632915,64.2219805],[-18.0648365,64.2203941],[-18.0673256,64.2189569],[-18.0673256,64.2174263],[-18.0679693,64.216381],[-18.0707159,64.2146075],[-18.0708446,64.212666],[-18.0702438,64.2121059],[-18.0684414,64.2117138],[-18.0657806,64.2098281],[-18.0632915,64.2075874],[-18.0602016,64.2067284],[-18.0570259,64.2068405],[-18.052434,64.2058508],[-18.0478849,64.2056827],[-18.0457821,64.2059441],[-18.04428,64.2071019],[-18.0419197,64.2072513],[-18.0386581,64.2066724],[-18.0339374,64.2065043],[-18.0301609,64.2068218],[-18.027586,64.2064857],[-18.0264273,64.2070272],[-18.0239811,64.2074007],[-18.0223503,64.2072326],[-18.0220928,64.2070085],[-18.0224361,64.2062616],[-18.0222216,64.2059815],[-18.021492,64.2058881],[-18.0205479,64.2062616],[-18.0168571,64.2086517],[-18.0140676,64.2102762],[-18.012866,64.2103882]]],[[[-18.0603304,64.2325419],[-18.0644932,64.2306016],[-18.0657806,64.2295941],[-18.0655661,64.2274483],[-18.0650816,64.2270947]]],[[[-18.0548372,64.2436214],[-18.0539789,64.2428941],[-18.0537214,64.2419803],[-18.0543652,64.2417192],[-18.0542364,64.2413462],[-18.0538502,64.2410478],[-18.0539789,64.2405629],[-18.0535927,64.240022],[-18.0524769,64.239276],[-18.0523481,64.2389402],[-18.0549231,64.2378957],[-18.0558243,64.2371869],[-18.0559959,64.2366833],[-18.0552235,64.2361983],[-18.0552664,64.2358439],[-18.0556955,64.2354894],[-18.0587425,64.2343515],[-18.0603304,64.2325419]]],[[[-18.075112,64.2479194],[-18.0749095,64.2484649],[-18.0743852,64.2485908],[-18.0738809,64.249043],[-18.0735912,64.249085],[-18.0731621,64.2489172],[-18.0718317,64.2487866],[-18.0694284,64.2489731],[-18.0677118,64.2495324],[-18.0641928,64.2500358],[-18.0626049,64.2501291],[-18.0611458,64.2483951],[-18.0617895,64.2476306],[-18.0618753,64.2462694],[-18.0613174,64.2452811],[-18.0604162,64.2447403],[-18.0607595,64.2443487],[-18.0604591,64.2439758],[-18.0593433,64.2437893],[-18.0589571,64.243435],[-18.0567684,64.243379],[-18.055438,64.2437333],[-18.0548372,64.2436214]]],[[[-18.0988254,64.2531679],[-18.0979671,64.2522171],[-18.096508,64.2516206],[-18.0892124,64.2500731],[-18.0868521,64.2492901],[-18.0836763,64.249085],[-18.0815306,64.248768],[-18.0788698,64.2479476],[-18.0781924,64.247826],[-18.0768957,64.2475933],[-18.0761661,64.2477238],[-18.075112,64.2479194]]],[[[-18.1031105,64.2581285],[-18.1023874,64.2578654],[-18.1008425,64.2577349],[-18.0992975,64.2583313],[-18.0984821,64.2583872],[-18.0963793,64.2580145],[-18.0953064,64.2580331],[-18.0935898,64.2587414],[-18.0923023,64.258555],[-18.0957785,64.2562624],[-18.0961647,64.2549389],[-18.098525,64.2535967],[-18.0988254,64.2531679]]],[[[-18.1197791,64.263251],[-18.1170216,64.2626552],[-18.113245,64.2619656],[-18.1123867,64.2616302],[-18.1128588,64.2610525],[-18.1116142,64.2608661],[-18.1080952,64.261127],[-18.1069794,64.2609593],[-18.107151,64.2602138],[-18.1039753,64.2584432],[-18.1031105,64.2581285]]],[[[-17.9907647,64.390795],[-17.9919439,64.3901342],[-17.9929095,64.3898559],[-17.9947978,64.3897632],[-17.9969864,64.3895313],[-17.9995828,64.3880658],[-18.0036598,64.3871661],[-18.0090242,64.3865538],[-18.0187874,64.3865075],[-18.0214267,64.3872774],[-18.0258685,64.3866095],[-18.027907,64.3864147],[-18.0294519,64.3860065],[-18.0299883,64.385116],[-18.0313187,64.3848284],[-18.0340653,64.3848006],[-18.0342584,64.3851067],[-18.0425411,64.3826483],[-18.0462318,64.3822308],[-18.0471545,64.3823978],[-18.0482274,64.3821845],[-18.048163,64.381368],[-18.0484849,64.3811361],[-18.0496007,64.3808392],[-18.0509096,64.381099],[-18.0517464,64.380301],[-18.0530553,64.3803289],[-18.0539995,64.3796608],[-18.0536776,64.3790299],[-18.0552226,64.3783433],[-18.0571108,64.3782041],[-18.0614453,64.3788258],[-18.062089,64.3786866],[-18.0625611,64.3777865],[-18.0650287,64.3771648],[-18.0640846,64.3762276],[-18.0649,64.3757636],[-18.0710154,64.3749284],[-18.0714231,64.3742324],[-18.0734342,64.3723797],[-18.0735689,64.3722557],[-18.075028,64.3719308],[-18.0751138,64.3712255],[-18.0768948,64.3701674],[-18.0791908,64.3697033],[-18.0799418,64.3685616],[-18.0818301,64.3677262],[-18.0829673,64.367522],[-18.0838686,64.3666401],[-18.0838042,64.365981],[-18.0843406,64.3655169],[-18.0856281,64.3652198],[-18.0886322,64.3628246],[-18.0910998,64.3623883],[-18.0923873,64.3628246],[-18.0929881,64.3626854],[-18.0931383,64.3623233],[-18.0941682,64.3619426],[-18.0950051,64.3619519],[-18.0956059,64.3615805],[-18.0949193,64.3604199],[-18.0953913,64.3603457],[-18.0955201,64.3600857],[-18.0960994,64.3599093],[-18.0963784,64.3601785],[-18.0986958,64.359965],[-18.0993181,64.3600021],[-18.0993825,64.3597978],[-18.0987387,64.3595193],[-18.0987816,64.3592872],[-18.1004553,64.3588879],[-18.1000262,64.3586093],[-18.1004553,64.35834],[-18.1016355,64.3582472],[-18.1027728,64.3575972],[-18.1026655,64.3565293],[-18.1041461,64.3554613],[-18.1074291,64.3546255],[-18.1083947,64.353994],[-18.1103259,64.3515978],[-18.110283,64.3509105],[-18.1106907,64.3496752],[-18.1138664,64.3486256],[-18.1165486,64.3484212],[-18.1165271,64.3474458],[-18.1158405,64.3466562],[-18.1184154,64.3465448],[-18.1220632,64.3467956],[-18.1223422,64.3464519],[-18.1216341,64.345848],[-18.1218057,64.3453835],[-18.1203895,64.3451327],[-18.1203251,64.3446218],[-18.1226211,64.3429959],[-18.1239086,64.3429959],[-18.1253248,64.3421969],[-18.1251102,64.3419274],[-18.1259471,64.3411098],[-18.1251102,64.3403014],[-18.124445,64.3389727],[-18.1236511,64.3382479],[-18.1241232,64.337932],[-18.1250458,64.3379041],[-18.1250458,64.3371142],[-18.1230074,64.336789],[-18.1223851,64.3364637],[-18.1232434,64.33546],[-18.1283718,64.3336478],[-18.1290799,64.3326254],[-18.1355172,64.3304876],[-18.143993,64.3287494],[-18.1455379,64.327606],[-18.1453233,64.3267973],[-18.1494003,64.32544],[-18.150795,64.3244731],[-18.151074,64.3226322],[-18.1504303,64.3213584],[-18.1493788,64.3208191],[-18.1474906,64.3209958],[-18.1468468,64.3209586],[-18.1471687,64.3207447],[-18.1487995,64.3203728],[-18.1486922,64.3185781],[-18.1466323,64.3182062],[-18.1430059,64.3187641],[-18.1402593,64.3186246],[-18.1400447,64.3180667],[-18.1430488,64.3165137],[-18.1481987,64.3157418],[-18.1507092,64.3124401],[-18.1491213,64.3098822],[-18.1469112,64.3091845],[-18.1428342,64.3096031],[-18.1416755,64.3096496],[-18.1389933,64.3088775],[-18.1378775,64.3084589],[-18.1336289,64.3074356],[-18.1323414,64.3059006],[-18.1323629,64.3049703],[-18.1354099,64.3037887],[-18.13762,64.3012021],[-18.1380492,64.3001041],[-18.1406026,64.2992293],[-18.1408387,64.2988013],[-18.1413751,64.2986896],[-18.1430917,64.2989409],[-18.1442719,64.2994341],[-18.1462031,64.2994527],[-18.1482416,64.2983918],[-18.1492715,64.2967167],[-18.1489077,64.2954349],[-18.1471052,64.2942808],[-18.1465473,64.29335],[-18.1469336,64.2918422],[-18.1486073,64.2904832],[-18.1498518,64.2885283],[-18.149708,64.2870207],[-18.1485064,64.2860525],[-18.1450303,64.2844325],[-18.1426699,64.2820117],[-18.1409533,64.2813599],[-18.1380351,64.2814902],[-18.1371339,64.2817137],[-18.1361897,64.2817509],[-18.1347735,64.280857],[-18.1346877,64.2800003],[-18.1361468,64.2785104],[-18.136061,64.2775232],[-18.1349452,64.2768713],[-18.1336577,64.2767409],[-18.1327136,64.2764056],[-18.1325848,64.2757723],[-18.1334002,64.2750272],[-18.1377347,64.2739282],[-18.1397946,64.271376],[-18.1394942,64.2692707],[-18.1374772,64.2683764],[-18.1361897,64.2683578],[-18.1337435,64.2678547],[-18.1322844,64.2669231],[-18.1308253,64.2656374],[-18.1197791,64.263251]]],[[[-17.9897431,64.3979372],[-17.9895071,64.397462],[-17.990623,64.3957813],[-17.9894642,64.3949352],[-17.9888763,64.394041],[-17.9906144,64.3926592],[-17.9904642,64.3918616]]],[[[-18.0054288,64.3979395],[-18.0006222,64.3986071],[-17.9955153,64.3987184],[-17.99058,64.3983939],[-17.9897431,64.3979372]]],[[[-17.9526482,64.4729398],[-17.9566109,64.4724791],[-17.9611315,64.4690912],[-17.9632001,64.4655066],[-17.9714398,64.4610665],[-17.9795181,64.4555305],[-17.982039,64.4533704],[-17.9850725,64.4514487],[-17.9920306,64.4489002],[-17.9946506,64.4471665],[-17.9976595,64.4437453],[-17.9979705,64.4411989],[-17.9986813,64.4395304],[-18.0008321,64.4379306],[-18.0030921,64.437119],[-18.0051516,64.4357827],[-18.0064791,64.4328558],[-18.0059237,64.4292188],[-18.0077723,64.4258007],[-18.008952,64.4158188],[-18.0104099,64.4144745],[-18.0108894,64.4139955],[-18.0120321,64.4123264],[-18.0078477,64.4098227],[-18.0070724,64.4088098],[-18.0061819,64.4080683],[-18.0064019,64.4070765],[-18.007523,64.4060848],[-18.0132737,64.4031925],[-18.0182948,64.4013754],[-18.0165288,64.3998522],[-18.0135183,64.3987184],[-18.0102997,64.3981806],[-18.0054288,64.3979395]]],[[[-17.9236811,64.4827031],[-17.9245032,64.4821096],[-17.9264304,64.4817261],[-17.9388456,64.4815219],[-17.9501538,64.4782308],[-17.9532099,64.4743541],[-17.9523106,64.4734666],[-17.9526482,64.4729398]]],[[[-17.8990659,64.4835798],[-17.9003848,64.4833483],[-17.9072909,64.4830257],[-17.911107,64.4832854],[-17.9145187,64.4832577],[-17.9203659,64.4825274],[-17.9228175,64.4824766],[-17.9236811,64.4827031]]],[[[-17.8469961,64.4756882],[-17.8474789,64.477029],[-17.8484538,64.4801753],[-17.8490185,64.4807668],[-17.8506775,64.4812382],[-17.8519142,64.4813398],[-17.853733,64.4810283],[-17.8588736,64.4804422],[-17.8640111,64.4808127],[-17.86902,64.4809428],[-17.871615,64.4809176],[-17.87414,64.4810252],[-17.8751022,64.4808294],[-17.8753347,64.4806521],[-17.876737,64.480516],[-17.8777531,64.4804908],[-17.8794842,64.480737],[-17.881251,64.4808694],[-17.8816874,64.4807614],[-17.8832854,64.4811656],[-17.8841488,64.4818021],[-17.8853101,64.4819447],[-17.8860838,64.4822009],[-17.8883596,64.4827344],[-17.8990659,64.4835798]]],[[[-17.8038477,64.4530163],[-17.8058175,64.4532259],[-17.8076156,64.4535835],[-17.8246409,64.4612659],[-17.8295832,64.4638719],[-17.8316309,64.4644147],[-17.8327717,64.4651604],[-17.8347887,64.4673341],[-17.8391104,64.4704268],[-17.8444372,64.4736031],[-17.8469961,64.4756882]]],[[[-17.8259697,64.4970897],[-17.8255985,64.4965789],[-17.8265576,64.4947931],[-17.8267293,64.4927234],[-17.8200903,64.4809692],[-17.8161514,64.4720696],[-17.8121136,64.4687139],[-17.8079824,64.462823],[-17.8065641,64.4588483],[-17.8051957,64.4573262],[-17.798704,64.4552764],[-17.7978495,64.4540423],[-17.7998079,64.4531373],[-17.8038477,64.4530163]]],[[[-17.6390029,64.6313731],[-17.6425255,64.6310877],[-17.6483655,64.6310229],[-17.6494857,64.6320806],[-17.6485281,64.6338408],[-17.6467216,64.6343453],[-17.648663,64.6348139],[-17.6544547,64.6350891],[-17.6586565,64.6346282],[-17.6601938,64.6344234],[-17.6602996,64.6341168],[-17.6582566,64.6335092],[-17.6584925,64.6333253],[-17.6618185,64.6332289],[-17.6689081,64.6322629],[-17.6699319,64.6317631],[-17.6711803,64.6299005],[-17.670755,64.6293251],[-17.6711021,64.6289704],[-17.6778436,64.6275491],[-17.6846396,64.6278309],[-17.6865141,64.627411],[-17.6910922,64.6274692],[-17.6949025,64.6278572],[-17.6995282,64.6293117],[-17.7053561,64.6309351],[-17.720119,64.6341711],[-17.7276721,64.6369654],[-17.7442588,64.6407888],[-17.7630343,64.6409358],[-17.764277,64.6407766],[-17.7701487,64.6400243],[-17.7712202,64.6402971],[-17.7725521,64.6403658],[-17.7742728,64.6402784],[-17.7745718,64.6398871],[-17.7777484,64.640465],[-17.7781709,64.6404506],[-17.7782748,64.6403056],[-17.7789706,64.6403342],[-17.7795804,64.6405098],[-17.7831291,64.6401682],[-17.7846422,64.6401823],[-17.7895441,64.6394765],[-17.7912918,64.6389545],[-17.7917876,64.638413],[-17.7962937,64.6373974],[-17.8010629,64.6359809],[-17.8041472,64.6344836],[-17.8080553,64.6319672],[-17.8118437,64.6305298],[-17.8191414,64.6286577],[-17.8203906,64.6281863],[-17.8288617,64.6251975],[-17.8402724,64.6203052],[-17.8435924,64.6181943],[-17.8457566,64.6162927],[-17.8466885,64.6157834],[-17.8471545,64.6156852],[-17.8476879,64.6153141],[-17.8476327,64.6149722],[-17.8480496,64.6145935],[-17.849101,64.6144738],[-17.853929,64.6116956],[-17.8594219,64.6080331],[-17.8599154,64.6077755],[-17.8623256,64.6060225],[-17.8658302,64.6041314],[-17.8648035,64.6019182],[-17.8652789,64.5999443],[-17.8669253,64.5993436],[-17.8671555,64.5989269],[-17.8716847,64.5975234],[-17.8743779,64.5959465],[-17.8789054,64.5951733],[-17.8790986,64.5948603],[-17.8791586,64.5944884],[-17.8792359,64.5940101],[-17.8792488,64.5939305],[-17.8800427,64.5930375],[-17.8814589,64.5929178],[-17.882167,64.5921261],[-17.8839909,64.5919143],[-17.8842913,64.5910581],[-17.8843342,64.5907635],[-17.8855144,64.5899901],[-17.8856217,64.5895849],[-17.8854286,64.5893547],[-17.8856861,64.589143],[-17.8860723,64.5891706],[-17.8861796,64.5890509],[-17.8861152,64.5889404],[-17.885965,64.5889128],[-17.8860723,64.588655],[-17.8863298,64.5885905],[-17.8868448,64.5886181],[-17.8875314,64.5870528],[-17.8878962,64.5867213],[-17.8879637,64.5862205],[-17.8875775,64.5859995],[-17.8869552,64.5859351],[-17.8864188,64.5858982],[-17.8862257,64.5856588],[-17.8864617,64.585493],[-17.8876848,64.585401],[-17.8883285,64.5852076],[-17.8899378,64.5851155],[-17.8923782,64.5842353],[-17.8943738,64.5835169],[-17.8950604,64.5830472],[-17.8964981,64.5823473],[-17.8974423,64.5820986],[-17.9024419,64.5799342],[-17.9027638,64.5796302],[-17.902871,64.5790776],[-17.907463,64.577005],[-17.910231,64.5755864],[-17.917076,64.5719012],[-17.9171404,64.571717],[-17.916604,64.5713761],[-17.9167756,64.5712102],[-17.9176339,64.5712471],[-17.918621,64.570768],[-17.9194364,64.5707495],[-17.919694,64.5706557],[-17.9225477,64.5696162],[-17.9231056,64.5691278],[-17.9228696,64.5687777],[-17.9232987,64.5683907],[-17.9251441,64.5678747],[-17.9253372,64.56746],[-17.9260024,64.567202],[-17.9276547,64.5669347],[-17.9293069,64.5670269],[-17.9304656,64.5662067],[-17.9307231,64.5654787],[-17.9306158,64.5641608],[-17.9313883,64.5634604],[-17.9323539,64.5632576],[-17.9330191,64.5622991],[-17.9358729,64.5617461],[-17.9367098,64.5613037],[-17.9366883,64.5609627],[-17.9360446,64.5609903],[-17.9357442,64.5608613],[-17.9356154,64.5606769],[-17.9357227,64.560511],[-17.93686,64.5606216],[-17.9373321,64.5604189],[-17.9375565,64.5602413],[-17.9377398,64.5600962],[-17.9385552,64.5589164],[-17.938641,64.558391],[-17.9393062,64.5581513],[-17.9382333,64.557718],[-17.9385552,64.5574876],[-17.9385337,64.5572663],[-17.9384049,64.5571557],[-17.9385122,64.5570082],[-17.9398426,64.5569437],[-17.9405722,64.5565749],[-17.9405722,64.5555056],[-17.9402074,64.5549985],[-17.9402503,64.554851],[-17.9405293,64.5546021],[-17.9406365,64.5541964],[-17.9412588,64.5539567],[-17.9417309,64.5534958],[-17.941924,64.5525092],[-17.9427394,64.5521957],[-17.9430613,64.5515688],[-17.9427394,64.5511907],[-17.9442414,64.5507943],[-17.944692,64.5505084],[-17.944735,64.5502871],[-17.9456362,64.5500105],[-17.946001,64.5487933],[-17.9448208,64.5471703],[-17.9448422,64.5468752],[-17.9459695,64.5429624],[-17.9494135,64.5419847],[-17.9482173,64.5408594],[-17.9451328,64.5406381],[-17.9449181,64.5377692],[-17.9447895,64.5358504],[-17.9426651,64.5339037],[-17.9262285,64.5128966],[-17.9202488,64.5102409],[-17.9132251,64.5081409],[-17.908762,64.5078085],[-17.898591,64.506848],[-17.8913168,64.5065617],[-17.8856949,64.5074206],[-17.8808133,64.5069819],[-17.8785495,64.5073836],[-17.877747,64.5080262],[-17.8745541,64.5080651],[-17.8730006,64.507752],[-17.8718375,64.5067551],[-17.8714899,64.505555],[-17.8670053,64.5036338],[-17.8643232,64.5012138],[-17.8598384,64.499431],[-17.8586368,64.4987242],[-17.8572743,64.4983801],[-17.8551124,64.4984945],[-17.8537659,64.4989968],[-17.8480965,64.4992349],[-17.8426765,64.5001578],[-17.840754,64.5003046],[-17.8381576,64.4999121],[-17.8358187,64.4989652],[-17.8347973,64.4980267],[-17.8291711,64.4972118],[-17.8272571,64.4968403],[-17.8267099,64.497062],[-17.8259697,64.4970897]]],[[[-17.640135,64.6504675],[-17.6416602,64.6498467],[-17.6425185,64.649764],[-17.6440635,64.6498742],[-17.6454797,64.6503336],[-17.6477971,64.6501774],[-17.6502004,64.6504989],[-17.6533332,64.6511236],[-17.6541486,64.651041],[-17.6547065,64.6506276],[-17.6543417,64.6501774],[-17.6532903,64.6501039],[-17.6524749,64.6498834],[-17.650372,64.6495711],[-17.6491275,64.6490658],[-17.6490846,64.6489096],[-17.6471534,64.6485329],[-17.6474752,64.6484043],[-17.6497068,64.6485145],[-17.6522603,64.6491668],[-17.6529469,64.6490841],[-17.6543632,64.6490474],[-17.6548781,64.6487442],[-17.6538696,64.6484043],[-17.6537623,64.6482481],[-17.654449,64.6482205],[-17.6547065,64.6481011],[-17.6539769,64.647853],[-17.6541486,64.6474763],[-17.6547065,64.6473844],[-17.6547923,64.6471455],[-17.6542344,64.6469618],[-17.6512947,64.646438],[-17.6502218,64.6460705],[-17.6509728,64.6459235],[-17.6541915,64.6461073],[-17.6561441,64.6459235],[-17.6580539,64.6458776],[-17.6590195,64.6459603],[-17.6591911,64.6458132],[-17.6585903,64.6454825],[-17.6591053,64.6453354],[-17.6603175,64.6452983],[-17.6611924,64.6446654],[-17.6606727,64.6443634],[-17.6594186,64.6442004],[-17.6598715,64.6440581],[-17.6617216,64.6437001],[-17.6622778,64.6428732],[-17.6619129,64.6424101],[-17.6601137,64.641615],[-17.6602915,64.6413015],[-17.6618925,64.6408692],[-17.6638067,64.6403522],[-17.6637744,64.6399023],[-17.6637523,64.6395934],[-17.6633077,64.639166],[-17.6593188,64.6387321],[-17.657248,64.6385923],[-17.655279,64.6384658],[-17.6542541,64.6367585],[-17.6483421,64.6361747],[-17.6467379,64.6363354],[-17.6457274,64.6364773],[-17.6443735,64.6357368],[-17.6438115,64.6347704],[-17.6413507,64.6338685],[-17.6389327,64.6337203],[-17.6362815,64.6328883],[-17.6361072,64.6317939],[-17.6390029,64.6313731]]],[[[-17.6249198,64.6641389],[-17.6243855,64.6639289],[-17.6226797,64.6637728],[-17.6204267,64.6627259],[-17.6194213,64.662016],[-17.6178151,64.6615999],[-17.6167253,64.6606914],[-17.6160922,64.659746],[-17.6154055,64.6592639],[-17.6139059,64.6587939],[-17.6125505,64.6580623],[-17.6119713,64.6574815],[-17.6119881,64.6570052],[-17.6123371,64.6556543],[-17.611895,64.6539315],[-17.6104285,64.6517865],[-17.6084375,64.650379],[-17.6047763,64.6484815],[-17.6044875,64.6482851],[-17.6041599,64.6480623],[-17.6041872,64.6478636],[-17.6046282,64.6477602],[-17.6083425,64.6477923],[-17.6105966,64.6479646],[-17.6129795,64.6482654],[-17.6146982,64.6483527],[-17.6166276,64.6486741],[-17.6185547,64.6491006],[-17.6195014,64.6496645],[-17.6208429,64.6501191],[-17.6216497,64.6507399],[-17.6264378,64.6514178],[-17.6286294,64.6514434],[-17.6317324,64.6511398],[-17.6319192,64.6508654],[-17.6321159,64.6505762],[-17.6314341,64.6498384],[-17.6319494,64.6497247],[-17.6365628,64.6501887],[-17.640135,64.6504675]]],[[[-17.5237664,64.6775906],[-17.5233672,64.6772461],[-17.523511,64.6766923],[-17.524613,64.6765792],[-17.5248997,64.675842],[-17.5255622,64.6755696],[-17.5235479,64.6741059],[-17.5234862,64.6735693],[-17.5242319,64.6734494],[-17.5267947,64.6740124],[-17.5321229,64.674451],[-17.5375034,64.6764989],[-17.5394239,64.6782633],[-17.5402607,64.6805805],[-17.5425503,64.6831976],[-17.5459127,64.6845026],[-17.54754,64.6867455],[-17.5488462,64.6893147],[-17.5502228,64.6902589],[-17.5501427,64.6904798],[-17.5505569,64.6908954],[-17.5512151,64.6912925],[-17.5513832,64.6928232],[-17.5517588,64.6931271],[-17.552815,64.6932893],[-17.5544821,64.6945546],[-17.5556888,64.6947639],[-17.5562065,64.6949732],[-17.5565229,64.695486],[-17.5568027,64.6956353],[-17.5564779,64.6958965],[-17.5573588,64.696575],[-17.5585466,64.6965576],[-17.5600966,64.6969297],[-17.5610721,64.697404],[-17.5612522,64.6975991],[-17.561859,64.6977089],[-17.5621787,64.6975365],[-17.5647462,64.6974407],[-17.5650041,64.6972504],[-17.5658929,64.697152],[-17.5671263,64.6972193],[-17.5676138,64.6968848],[-17.5673408,64.6967973],[-17.5674339,64.696637],[-17.5688585,64.6964157],[-17.5691635,64.6967957],[-17.5702844,64.6968299],[-17.5706301,64.6969132],[-17.5714633,64.6968046],[-17.5732579,64.6969036],[-17.57333,64.6966346],[-17.5720677,64.6961606],[-17.5719457,64.6955303],[-17.5700848,64.6954062],[-17.5690955,64.6950122],[-17.5688324,64.6943142],[-17.5648446,64.6923378],[-17.5624299,64.6893273],[-17.5603699,64.6878017],[-17.5595436,64.6872822],[-17.5583326,64.6867626],[-17.558257,64.6865587],[-17.5584722,64.6864775],[-17.5601081,64.687143],[-17.5611141,64.6876878],[-17.5625423,64.6886706],[-17.5640655,64.689933],[-17.5648461,64.6909773],[-17.5662157,64.6918831],[-17.5685273,64.6926345],[-17.5687899,64.6931871],[-17.570448,64.6936526],[-17.5708571,64.693944],[-17.5726585,64.6939602],[-17.5730752,64.6936815],[-17.5736691,64.6916606],[-17.5734172,64.6914271],[-17.5735522,64.6907786],[-17.5721769,64.689659],[-17.5711314,64.6896798],[-17.5674552,64.6879435],[-17.5663256,64.687058],[-17.5663899,64.6859228],[-17.5673992,64.6850828],[-17.5702028,64.6833464],[-17.5701943,64.6818102],[-17.5687244,64.6816404],[-17.5656237,64.68092],[-17.5626626,64.6795801],[-17.5620524,64.6790656],[-17.5616138,64.6784777],[-17.5621959,64.6784949],[-17.5638749,64.6790433],[-17.5643309,64.6783894],[-17.5648727,64.6779007],[-17.5622441,64.6760836],[-17.561418,64.6759827],[-17.5604564,64.6756142],[-17.5590609,64.6754553],[-17.5588972,64.6759802],[-17.5584661,64.6760099],[-17.5562046,64.6750865],[-17.555733,64.6745516],[-17.5557626,64.6740463],[-17.556442,64.6734276],[-17.5575498,64.6729912],[-17.5586702,64.6729366],[-17.5596697,64.6723201],[-17.5597373,64.6717531],[-17.5599778,64.6714079],[-17.5614582,64.6710931],[-17.5613948,64.6705208],[-17.5610862,64.6700465],[-17.561162,64.6698884],[-17.5618774,64.6700113],[-17.5626513,64.6702866],[-17.5631274,64.6705858],[-17.5641142,64.6708885],[-17.5668828,64.6712425],[-17.5678535,64.671583],[-17.5680591,64.6717857],[-17.5695079,64.6721169],[-17.5719112,64.6719924],[-17.5726248,64.6721917],[-17.5726856,64.6724161],[-17.5721802,64.672654],[-17.5723596,64.6736825],[-17.5733686,64.6747405],[-17.5735997,64.6752672],[-17.5728345,64.675541],[-17.5720064,64.6757053],[-17.5714189,64.6756962],[-17.5715633,64.6755004],[-17.5710792,64.6754575],[-17.5702555,64.6759433],[-17.5698007,64.6765749],[-17.5702047,64.6769804],[-17.5710474,64.6769485],[-17.5716611,64.6767222],[-17.5725603,64.6766154],[-17.5730451,64.6760321],[-17.5735322,64.675917],[-17.5747311,64.6763225],[-17.5754101,64.67678],[-17.5747551,64.6774034],[-17.5753269,64.6779292],[-17.576389,64.678388],[-17.5772233,64.6783445],[-17.577938,64.6787906],[-17.5783392,64.6793135],[-17.5798805,64.6799759],[-17.5812123,64.6801978],[-17.5813348,64.6800238],[-17.5811419,64.6798499],[-17.5790734,64.6784797],[-17.5791358,64.6782175],[-17.5795761,64.678128],[-17.580096,64.6784378],[-17.5812234,64.6790572],[-17.5813737,64.6793233],[-17.5828757,64.6797271],[-17.5850537,64.6805484],[-17.5858154,64.6811311],[-17.5877875,64.6814051],[-17.5883004,64.6816333],[-17.5887898,64.6821813],[-17.5897686,64.6826351],[-17.5909967,64.6829922],[-17.5914373,64.6833701],[-17.5922152,64.6835765],[-17.5929192,64.6836075],[-17.5933142,64.6834211],[-17.5932371,64.6831613],[-17.593744,64.682948],[-17.5937548,64.6826635],[-17.5927784,64.6820624],[-17.5925102,64.6815532],[-17.590461,64.6802272],[-17.589816,64.6798672],[-17.5897296,64.6794945],[-17.5899438,64.6793173],[-17.5897718,64.6790484],[-17.5899839,64.6789617],[-17.5902364,64.6789811],[-17.5921146,64.6796438],[-17.5924378,64.6802352],[-17.5923975,64.6804267],[-17.5941624,64.6811769],[-17.5948276,64.6814064],[-17.5970163,64.6813238],[-17.5974347,64.6814752],[-17.5975098,64.681801],[-17.5982072,64.6820854],[-17.5998219,64.682191],[-17.6001062,64.6819478],[-17.6013293,64.6820212],[-17.6017692,64.6821772],[-17.6016592,64.6824571],[-17.6022802,64.6827943],[-17.6027408,64.6826968],[-17.6029869,64.6821772],[-17.6028099,64.6818928],[-17.6030888,64.6817276],[-17.603754,64.6818836],[-17.6040222,64.6816404],[-17.6036467,64.6811953],[-17.6043763,64.6807961],[-17.6043333,64.6804405],[-17.6036467,64.6802501],[-17.6032857,64.6794017],[-17.6023238,64.6789296],[-17.6021597,64.6786644],[-17.6027895,64.6784451],[-17.603033,64.6782075],[-17.6028399,64.6766427],[-17.602797,64.675445],[-17.6034965,64.6743764],[-17.6045051,64.6732657],[-17.6046907,64.6728433],[-17.6046834,64.6725908],[-17.6043329,64.6724301],[-17.6037605,64.6723841],[-17.6026082,64.6724847],[-17.6018283,64.6721953],[-17.6010539,64.6721918],[-17.6009662,64.6724821],[-17.6013916,64.6727505],[-17.6013766,64.6729061],[-17.6007587,64.6729229],[-17.5998233,64.6724241],[-17.5997549,64.6718853],[-17.6008197,64.6708446],[-17.6019275,64.6699966],[-17.6022688,64.6700278],[-17.602654,64.6702087],[-17.6035547,64.6700237],[-17.603404,64.6698296],[-17.6029631,64.6695606],[-17.6017234,64.669036],[-17.601168,64.6686084],[-17.600926,64.6681976],[-17.6013623,64.6683395],[-17.6027583,64.6690438],[-17.6050522,64.6700482],[-17.6071014,64.6705026],[-17.6097407,64.6717419],[-17.6138605,64.6710627],[-17.61592,64.6710175],[-17.6186514,64.6706183],[-17.6236247,64.6705756],[-17.6261455,64.6706358],[-17.6300504,64.6711727],[-17.6313915,64.6714665],[-17.6331512,64.6712119],[-17.633827,64.6703432],[-17.6333441,64.6691991],[-17.6323034,64.6684462],[-17.6289292,64.6679045],[-17.6287736,64.6677393],[-17.6302435,64.6678311],[-17.6318924,64.6678196],[-17.631889,64.6673399],[-17.6310495,64.6670415],[-17.6289721,64.6663896],[-17.6281514,64.6663621],[-17.6263417,64.6655986],[-17.6258339,64.6644982],[-17.6249198,64.6641389]]],[[[-17.5081172,64.7110034],[-17.5134387,64.7108833],[-17.5170878,64.7112482],[-17.5230195,64.7126385],[-17.5264634,64.7137889],[-17.5284097,64.7142032],[-17.5315361,64.7143061],[-17.5351195,64.7150026],[-17.5362692,64.7157823],[-17.5381055,64.7164703],[-17.5391603,64.717333],[-17.5392958,64.7179955],[-17.5412833,64.7190087],[-17.5431883,64.7193902],[-17.5436459,64.719275],[-17.5437961,64.71911],[-17.5441394,64.7189909],[-17.5449333,64.7189909],[-17.5457916,64.7193024],[-17.5472508,64.7194124],[-17.5480447,64.7192016],[-17.5489459,64.7192383],[-17.5497184,64.7189542],[-17.5502763,64.718157],[-17.5509629,64.718047],[-17.5517998,64.7183494],[-17.5525079,64.7183769],[-17.5527243,64.7182946],[-17.5528083,64.7181936],[-17.5526366,64.7175338],[-17.5538597,64.7169015],[-17.5540528,64.7165074],[-17.5533877,64.7151877],[-17.5526581,64.7141612],[-17.5508557,64.7126489],[-17.5500617,64.7122181],[-17.5488815,64.7119431],[-17.5483022,64.7115948],[-17.5482164,64.7113381],[-17.5482593,64.7110356],[-17.5488309,64.7110154],[-17.5500969,64.7112629],[-17.5504188,64.7116112],[-17.5547103,64.7127845],[-17.5558047,64.7132978],[-17.5568346,64.7140218],[-17.5573711,64.713976],[-17.5584851,64.7137055],[-17.5594096,64.7134811],[-17.558959,64.7127203],[-17.5595598,64.7126103],[-17.5609331,64.7137011],[-17.5621132,64.7131695],[-17.5620703,64.7127753],[-17.5577573,64.7093563],[-17.5573925,64.7086687],[-17.5560622,64.7075412],[-17.555912,64.7070644],[-17.5551524,64.7065472],[-17.551675,64.7040909],[-17.5496998,64.7030099],[-17.5482067,64.700609],[-17.5484791,64.6999822],[-17.5476128,64.6984246],[-17.5459889,64.6973598],[-17.5440917,64.6976013],[-17.5427585,64.6972808],[-17.5402264,64.6953585],[-17.5400977,64.694667],[-17.5379061,64.6930106],[-17.5372104,64.6923794],[-17.5377373,64.6916605],[-17.5364499,64.6899749],[-17.5361066,64.6881266],[-17.5363501,64.6868591],[-17.5359692,64.6857832],[-17.5360711,64.6852647],[-17.5364735,64.6848565],[-17.5384369,64.6840399],[-17.5385995,64.683575],[-17.5363375,64.6824495],[-17.5353255,64.6823791],[-17.5333514,64.6813422],[-17.5329766,64.6801385],[-17.5323444,64.6796138],[-17.5323114,64.678638],[-17.5313773,64.6779008],[-17.5260548,64.6781133],[-17.5237664,64.6775906]]],[[[-17.5032631,64.7250449],[-17.4997417,64.7254919],[-17.4982671,64.7250141],[-17.4971703,64.7241473],[-17.4951306,64.7211815],[-17.4947998,64.720134],[-17.491937,64.7195446],[-17.4893227,64.7197102],[-17.4888362,64.7195402],[-17.4913934,64.7162989],[-17.4935474,64.7149346],[-17.4964693,64.7137635],[-17.4998443,64.7126787],[-17.5042977,64.711617],[-17.5081172,64.7110034]]],[[[-17.5113915,64.7266686],[-17.5094189,64.7254531],[-17.5084347,64.7254555],[-17.5049185,64.7248347]]],[[[-17.5084762,64.7323581],[-17.5079975,64.7321934],[-17.5081908,64.7320299],[-17.5084485,64.7316283],[-17.5088245,64.7314844],[-17.510445,64.7314505],[-17.5111334,64.729886],[-17.5119935,64.7296497],[-17.5122957,64.7293583],[-17.5122331,64.7291861],[-17.5113981,64.7288856],[-17.5112986,64.7287031],[-17.5120642,64.7287629],[-17.5127731,64.7289699],[-17.5132041,64.7289259],[-17.5135116,64.7283802],[-17.512227,64.727677],[-17.5113915,64.7266686]]],[[[-17.4956856,64.7333965],[-17.4960089,64.7341118],[-17.497392,64.7344116],[-17.4987751,64.7340703],[-17.5000588,64.7334287],[-17.5009954,64.7324019],[-17.5018815,64.7322899],[-17.5031047,64.7323189],[-17.5057764,64.7327783],[-17.5074234,64.732669],[-17.5082254,64.7326144],[-17.5084762,64.7323581]]],[[[-17.2125705,64.7648282],[-17.2149764,64.7649151],[-17.2191016,64.765217],[-17.222846,64.7656743],[-17.2332316,64.7682356],[-17.2397761,64.7693058],[-17.2440462,64.7694156],[-17.2471254,64.7700787],[-17.2483216,64.7708858],[-17.2549681,64.7709064],[-17.2597317,64.7701381],[-17.2657399,64.7727722],[-17.2715764,64.7755522],[-17.278357,64.7772531],[-17.2813182,64.7786063],[-17.2831635,64.780179],[-17.2852342,64.7811023],[-17.2861032,64.7823548],[-17.2901158,64.7827937],[-17.2967677,64.7831685],[-17.3050074,64.7851157],[-17.308033,64.7856367],[-17.3132794,64.7861623],[-17.3188047,64.7860206],[-17.3345761,64.7853534],[-17.3464207,64.78294],[-17.3526741,64.7784096],[-17.3550665,64.7776335],[-17.357686,64.7770519],[-17.380238,64.774967],[-17.3833279,64.77226],[-17.3871045,64.7707235],[-17.393456,64.7696259],[-17.3992314,64.7635345],[-17.4059872,64.7598191],[-17.4118151,64.7605106],[-17.4173083,64.7605106],[-17.4193682,64.759193],[-17.4220075,64.7577382],[-17.4243894,64.7566583],[-17.430081,64.7544294],[-17.4313605,64.7521848],[-17.4330925,64.749276],[-17.4297647,64.7470659],[-17.4286787,64.7454043],[-17.4293676,64.7448968],[-17.430891,64.7444024],[-17.4338663,64.7437382],[-17.4356185,64.7420854],[-17.4367228,64.7416087],[-17.4389162,64.7414269],[-17.4474348,64.7416193],[-17.4546017,64.7431298],[-17.4560759,64.7435666],[-17.4636011,64.7446901],[-17.4641276,64.7452302],[-17.4649566,64.7455163],[-17.4669872,64.7455277],[-17.4678728,64.7445436],[-17.4685396,64.7443971],[-17.4693583,64.7431887],[-17.4699624,64.7429049],[-17.4709511,64.7428363],[-17.4721114,64.7417056],[-17.473738,64.7412799],[-17.4738862,64.7407375],[-17.4733477,64.7400852],[-17.4723927,64.7396072],[-17.4723235,64.7390546],[-17.473257,64.7377132],[-17.4746681,64.7363372],[-17.4754999,64.7359593],[-17.4746582,64.734744],[-17.474493,64.733872],[-17.4756447,64.7328636],[-17.4786343,64.7311701],[-17.4837627,64.7298969],[-17.4912184,64.7292658],[-17.4936912,64.7295179],[-17.4953792,64.729944],[-17.497071,64.7313638],[-17.4979732,64.7324519],[-17.4956856,64.7333965]]],[[[-17.1240204,64.8056486],[-17.1239912,64.8054905],[-17.1246915,64.805095],[-17.1293478,64.8037978],[-17.132781,64.8032041],[-17.1359997,64.8019434],[-17.1370296,64.8011668],[-17.1390037,64.8004634],[-17.1435098,64.7996594],[-17.1470074,64.7984716],[-17.1503334,64.7965072],[-17.1504407,64.7942501],[-17.1525435,64.7925869],[-17.1565776,64.7897812],[-17.1573715,64.7850921],[-17.1591525,64.7808228],[-17.1597318,64.7788113],[-17.1580152,64.7762053],[-17.1584444,64.7740838],[-17.1596889,64.7724833],[-17.1612983,64.7721632],[-17.1711044,64.7728674],[-17.1746449,64.7725474],[-17.1764116,64.7720039],[-17.1785372,64.7709664],[-17.1832951,64.7697304],[-17.1846198,64.7693267],[-17.1870116,64.7690497],[-17.1911651,64.7681998],[-17.195855,64.7674687],[-17.2012438,64.7661713],[-17.2048543,64.7655888],[-17.2096066,64.7649974],[-17.2125705,64.7648282]]],[[[-17.0867048,64.809824],[-17.0880448,64.8097319],[-17.0901066,64.809175],[-17.0936588,64.808042],[-17.0973898,64.8077934],[-17.0992854,64.8079448],[-17.1048717,64.8081327],[-17.1153324,64.8072422],[-17.1188353,64.8067193],[-17.1205359,64.8061599],[-17.1221494,64.8061143],[-17.1240204,64.8056486]]],[[[-17.082263,64.8106916],[-17.08355,64.810505],[-17.0839792,64.8102767],[-17.085095,64.8100758],[-17.0859104,64.8099845],[-17.0867048,64.809824]]],[[[-16.9997531,64.8270102],[-17.0045237,64.8260941],[-17.016531,64.8262683],[-17.0209389,64.8253101],[-17.0267634,64.8234544],[-17.0302754,64.8228302],[-17.0323733,64.8198463],[-17.031865,64.8171491],[-17.0321979,64.816493],[-17.0334779,64.8159496],[-17.0379667,64.8145711],[-17.0416788,64.813215],[-17.058094,64.8108727],[-17.068917,64.8092125],[-17.0715705,64.8099921],[-17.077025,64.8101674],[-17.0791011,64.8105713],[-17.081018,64.810779],[-17.082263,64.8106916]]],[[[-16.7150515,64.7248471],[-16.7132713,64.7256996],[-16.7113329,64.7276708],[-16.7088009,64.729283],[-16.7070843,64.7301716],[-16.7059256,64.7316371],[-16.7058183,64.7329835],[-16.7027928,64.7363263],[-16.7018915,64.7370498],[-16.7000247,64.7377274],[-16.6995526,64.7383226],[-16.6994883,64.7415915],[-16.6987802,64.742617],[-16.6951538,64.74356],[-16.6936518,64.7443657],[-16.690755,64.7463705],[-16.6896821,64.7485858],[-16.6878797,64.7492906],[-16.6781164,64.7589641],[-16.6763265,64.7624319],[-16.6766269,64.7635023],[-16.6778285,64.7640512],[-16.6818411,64.7644629],[-16.6831715,64.7652222],[-16.682914,64.7657985],[-16.6792233,64.7686799],[-16.6794379,64.7696769],[-16.6826565,64.772247],[-16.6896732,64.7735639],[-16.6905744,64.7748259],[-16.6890294,64.7764445],[-16.6849096,64.7775966],[-16.6815836,64.7801019],[-16.6815622,64.7821316],[-16.6827424,64.7836217],[-16.6867549,64.7858797],[-16.6891797,64.7888229],[-16.6895015,64.7905412],[-16.6879995,64.7918115],[-16.6877849,64.7932737],[-16.6885788,64.7936941],[-16.6914756,64.7938951],[-16.6935785,64.7945622],[-16.6945226,64.7958141],[-16.6940505,64.8009307],[-16.6949089,64.8052791],[-16.6963555,64.8070966],[-16.6991449,64.8077725],[-16.7020417,64.8102658],[-16.7042948,64.8110604],[-16.705696,64.8113566],[-16.710457,64.8123631],[-16.7262014,64.8156913],[-16.741486,64.8162695],[-16.7692952,64.8175842],[-16.7952161,64.8199945],[-16.8160729,64.8192003],[-16.8229545,64.8184078],[-16.833095,64.8166764],[-16.841797,64.8146433],[-16.8484542,64.8132835],[-16.8517801,64.8121603],[-16.8530461,64.8104434],[-16.856049,64.8086608],[-16.8589243,64.806697],[-16.8610057,64.8029884],[-16.8637094,64.7992427],[-16.8659839,64.7973605],[-16.8704042,64.7958985],[-16.8731507,64.7930566],[-16.8743152,64.7906371],[-16.8746586,64.7889189],[-16.8757744,64.7880414],[-16.8788857,64.7871639],[-16.8795724,64.7866063],[-16.8805165,64.7861127],[-16.8829412,64.7855094],[-16.8847222,64.7853632],[-16.8872542,64.7857197],[-16.8883486,64.7860853],[-16.8886704,64.7878312],[-16.8880911,64.7889554],[-16.885602,64.7909844],[-16.881804,64.7948866],[-16.8816967,64.7955719],[-16.8820829,64.7959466],[-16.8829198,64.7963304],[-16.8831987,64.7966502],[-16.8827696,64.797171],[-16.8815465,64.7978837],[-16.8760533,64.8002957],[-16.8721266,64.8030821],[-16.8700881,64.8062792],[-16.8694443,64.8075854],[-16.869817,64.8091955],[-16.8723324,64.8104835],[-16.8756633,64.8116071],[-16.882282,64.8135074],[-16.8917541,64.8154294],[-16.9008359,64.8173081],[-16.9113312,64.8185674],[-16.9249649,64.8189988],[-16.9285966,64.8197813],[-16.938266,64.8194706],[-16.9457277,64.8185802],[-16.9545413,64.8176352],[-16.9577917,64.8174039],[-16.9657564,64.817919],[-16.9726483,64.8192557],[-16.9750165,64.8205323],[-16.9820635,64.824257],[-16.9927067,64.8270079]]],[[[-16.7330001,64.7150265],[-16.7286915,64.7183338],[-16.7247923,64.7206862],[-16.7203458,64.7221382],[-16.7199881,64.7223674],[-16.7170653,64.7242396],[-16.7158124,64.7246979],[-16.7154012,64.7247785],[-16.7150515,64.7248471]]],[[[-16.7432118,64.6612807],[-16.7435551,64.6612991],[-16.7437697,64.6614827],[-16.7437697,64.6616388],[-16.7434478,64.6617307],[-16.7434693,64.661997],[-16.743362,64.662199],[-16.7437482,64.6623643],[-16.7437697,64.6625388],[-16.7435336,64.6627041],[-16.7430616,64.6630346],[-16.7429176,64.6632704],[-16.7430187,64.6634228],[-16.7438725,64.6641763],[-16.7450696,64.6648196],[-16.74529,64.6655315],[-16.7462298,64.6665019],[-16.7484679,64.6665773],[-16.7491417,64.6667538],[-16.7502729,64.6687531],[-16.7512922,64.6718927],[-16.7514582,64.6736622],[-16.7506586,64.6765148],[-16.7488246,64.67818],[-16.7483265,64.6793677],[-16.747803,64.6797466],[-16.7474126,64.6796516],[-16.7465951,64.6797142],[-16.7460779,64.6799237],[-16.7445598,64.6808643],[-16.740853,64.6823095],[-16.7398338,64.6830345],[-16.7392394,64.6840137],[-16.7404688,64.6863875],[-16.7417689,64.68741],[-16.7456207,64.6891501],[-16.7499741,64.6909494],[-16.7516882,64.6921433],[-16.754111,64.6945442],[-16.7543451,64.6955234],[-16.7530108,64.6975735],[-16.753089,64.6993994],[-16.7508114,64.7017734],[-16.7511087,64.7020935],[-16.7523471,64.7022387],[-16.75521,64.7020704],[-16.7598631,64.7011837],[-16.7683498,64.6985098],[-16.7721773,64.6969818],[-16.7776189,64.6941601],[-16.7831957,64.6907715],[-16.7891925,64.686718],[-16.7932345,64.6832225],[-16.7978089,64.6810801],[-16.8015513,64.68049],[-16.8030576,64.6804886],[-16.8035831,64.6808262],[-16.8034858,64.6815352],[-16.8028753,64.6823881],[-16.80156,64.6831851],[-16.8013628,64.6836568],[-16.8017058,64.6838102],[-16.8029395,64.6833898],[-16.8033941,64.6833023],[-16.803272,64.6835383],[-16.8025638,64.6841288],[-16.8010959,64.6849846],[-16.7936874,64.6884991],[-16.7855109,64.6925565],[-16.7791122,64.6962727],[-16.773902,64.6986451],[-16.7675979,64.7016827],[-16.7609257,64.7040489],[-16.7585235,64.7041503],[-16.7484551,64.7064316],[-16.7411262,64.7074643],[-16.7381754,64.7082127],[-16.7378622,64.7110577],[-16.7368839,64.7118586],[-16.7363207,64.7130196],[-16.7355429,64.7133375],[-16.7340276,64.7140206],[-16.7330001,64.7150265]]],[[[-16.711093,64.6821632],[-16.7116965,64.6822126],[-16.7128029,64.6820242],[-16.7149085,64.6811886],[-16.716181,64.6813591],[-16.7178182,64.6809974],[-16.7170238,64.6800939],[-16.7175984,64.6794973],[-16.7187076,64.6793466],[-16.7191731,64.6791408],[-16.7192868,64.6783786],[-16.718964,64.67788],[-16.7176326,64.6779503],[-16.7156565,64.6770079],[-16.716111,64.6763843],[-16.7190675,64.6763288],[-16.7209642,64.6749827],[-16.7192948,64.6735049],[-16.7182883,64.673424],[-16.7177251,64.6731239],[-16.7174623,64.672218],[-16.7177974,64.6715962],[-16.7193416,64.6711076],[-16.7226437,64.670627],[-16.7250857,64.6706575],[-16.7267017,64.6710482],[-16.7276082,64.6721988],[-16.7310452,64.6731315],[-16.7320215,64.6740259],[-16.7328002,64.6773354],[-16.7333107,64.6799236],[-16.7338738,64.6802568],[-16.7363895,64.6803973],[-16.7379448,64.6801461],[-16.7404561,64.6793272],[-16.7418959,64.6785061],[-16.7422198,64.6772079],[-16.7414086,64.6745746],[-16.7395287,64.6728876],[-16.7376236,64.6723333],[-16.736432,64.67126],[-16.734382,64.6704621],[-16.7335007,64.66916],[-16.7330642,64.6674688],[-16.7320698,64.667265],[-16.7324961,64.6668733],[-16.7326732,64.6664748],[-16.7319517,64.6658591],[-16.7311193,64.6657382],[-16.7307979,64.6654381],[-16.7310374,64.6640163],[-16.7316492,64.6637689],[-16.7322209,64.6638463],[-16.7338425,64.6648372],[-16.7386904,64.664132],[-16.7394813,64.6636581],[-16.7416638,64.6633146],[-16.7424302,64.6630079],[-16.7424178,64.6626306],[-16.7428255,64.6620153],[-16.7425895,64.6617123],[-16.7426968,64.6615286],[-16.7432118,64.6612807]]],[[[-16.7057375,64.6806028],[-16.7066273,64.6811323],[-16.7077746,64.6812764],[-16.7084927,64.6816316],[-16.7094254,64.6819867],[-16.7105763,64.6819874],[-16.711093,64.6821632]]],[[[-16.643838,64.6774324],[-16.6464773,64.6774049],[-16.6483012,64.6774783],[-16.6492668,64.6777261],[-16.6499106,64.6777352],[-16.6510907,64.6769184],[-16.6511766,64.6765146],[-16.651949,64.6761934],[-16.652743,64.6758446],[-16.6533223,64.6759272],[-16.6541806,64.6759639],[-16.6543094,64.6762209],[-16.6542021,64.6765238],[-16.6536227,64.6765421],[-16.6524211,64.6771112],[-16.6516915,64.6771938],[-16.651477,64.6775976],[-16.6501998,64.6781111],[-16.6495131,64.6781937],[-16.6484832,64.6785424],[-16.6482686,64.6787535],[-16.6484617,64.6789646],[-16.6492127,64.6789646],[-16.6500496,64.6792307],[-16.6506933,64.6795702],[-16.6502427,64.6799924],[-16.6498994,64.680231],[-16.649835,64.6804329],[-16.6505002,64.6804788],[-16.6505002,64.6805889],[-16.6500925,64.680699],[-16.6492556,64.6807357],[-16.6491913,64.6811854],[-16.6488265,64.6816166],[-16.6476678,64.6822406],[-16.6471313,64.6822957],[-16.6457151,64.6822406],[-16.6443204,64.6824609],[-16.6426467,64.6830665],[-16.6426038,64.6834886],[-16.6423892,64.6835711],[-16.6418528,64.6836078],[-16.6415309,64.6837455],[-16.6416382,64.6839932],[-16.6415523,64.6842868],[-16.6417669,64.6846722],[-16.6423892,64.6848373],[-16.6437625,64.6847548],[-16.6454147,64.6851126],[-16.6454576,64.6852319],[-16.6452001,64.6854337],[-16.6452001,64.6856539],[-16.6458653,64.6862503],[-16.645801,64.6865164],[-16.6454147,64.6867824],[-16.6427325,64.687498],[-16.642475,64.6877549],[-16.6419815,64.6879017],[-16.6418742,64.6880852],[-16.6428398,64.6888008],[-16.6448568,64.6896998],[-16.645758,64.6896631],[-16.6460227,64.6898099],[-16.6460236,64.6900441],[-16.6456728,64.6903456],[-16.6450701,64.6903938],[-16.6447071,64.690638],[-16.6445472,64.6912819],[-16.6455241,64.691195],[-16.6470962,64.6913896],[-16.6476431,64.6916288],[-16.6479543,64.6920719],[-16.6488609,64.6919725],[-16.6491526,64.6920464],[-16.6493099,64.6923633],[-16.6485231,64.692736],[-16.6480796,64.6932739],[-16.6481367,64.6935241],[-16.6478501,64.6937494],[-16.646399,64.6935267],[-16.6458881,64.6936262],[-16.6455039,64.6946758],[-16.6460638,64.6947531],[-16.6459861,64.6953925],[-16.6467667,64.695555],[-16.6465254,64.6966688],[-16.6482153,64.6968654],[-16.6485534,64.6974472],[-16.6486769,64.6983592],[-16.6493101,64.6988992],[-16.6499953,64.6989334],[-16.6502216,64.6990252],[-16.6502758,64.6994206],[-16.6499355,64.7000571],[-16.6495765,64.7002513],[-16.6495608,64.7008123],[-16.6490809,64.701079],[-16.6491589,64.7012357],[-16.6496152,64.7014391],[-16.6511403,64.7016289],[-16.6515273,64.7018991],[-16.6515488,64.7022202],[-16.6507395,64.7034676],[-16.6508069,64.703798],[-16.6520759,64.7044034],[-16.6522305,64.7046254],[-16.6527585,64.7045524],[-16.6528873,64.7043965],[-16.6534667,64.7042751],[-16.6561703,64.7040711],[-16.6565566,64.7033331],[-16.6575973,64.7024298],[-16.6582517,64.7012424],[-16.6595178,64.7010168],[-16.6599148,64.7010599],[-16.6602287,64.7012562],[-16.6606682,64.7012723],[-16.6607356,64.7010264],[-16.6610414,64.7008646],[-16.6619642,64.7006481],[-16.6613849,64.7000466],[-16.6611218,64.6994575],[-16.6613738,64.6992869],[-16.6616933,64.6993231],[-16.6615992,64.6996564],[-16.6618914,64.7000079],[-16.6623181,64.7002953],[-16.6625435,64.700467],[-16.6630514,64.70057],[-16.6648425,64.6998329],[-16.6664008,64.6987264],[-16.6672275,64.6984868],[-16.6676979,64.6983898],[-16.6681429,64.6984474],[-16.6687396,64.6983918],[-16.6690323,64.6984745],[-16.6692249,64.6988511],[-16.6692513,64.6992846],[-16.6697315,64.6999036],[-16.6715461,64.7003349],[-16.6715307,64.6998628],[-16.6718235,64.6997826],[-16.6724204,64.6998985],[-16.6725043,64.6996079],[-16.6722878,64.6992623],[-16.6724838,64.6989511],[-16.6730473,64.6989341],[-16.6737904,64.6975935],[-16.6742761,64.697436],[-16.6749469,64.696103],[-16.6747205,64.6954875],[-16.6756707,64.6950171],[-16.6767236,64.6947803],[-16.676542,64.6945885],[-16.6761028,64.6943967],[-16.6760415,64.6942166],[-16.6772062,64.6940214],[-16.6775771,64.6937162],[-16.6788028,64.6933574],[-16.6795351,64.6929253],[-16.6797953,64.6926032],[-16.6802047,64.6924155],[-16.6803781,64.6921453],[-16.6807017,64.6921319],[-16.6813785,64.6922903],[-16.6820387,64.6921035],[-16.6823986,64.6916965],[-16.6824055,64.6915328],[-16.6826768,64.6914073],[-16.6833151,64.6914766],[-16.684211,64.6911239],[-16.684701,64.6910496],[-16.685422,64.6911363],[-16.6867046,64.6907319],[-16.6864968,64.6905361],[-16.6860704,64.6903715],[-16.6859083,64.6901761],[-16.6855412,64.6901065],[-16.6849032,64.6901551],[-16.6845112,64.6900523],[-16.684513,64.6898383],[-16.6851035,64.6897023],[-16.6851306,64.6895307],[-16.6846692,64.6894324],[-16.6841491,64.6894378],[-16.683399,64.689496],[-16.6811495,64.6888754],[-16.6810849,64.6885433],[-16.6803768,64.6884149],[-16.6791966,64.6884241],[-16.6780808,64.6886351],[-16.6774371,64.6889195],[-16.6769864,64.6888369],[-16.6762354,64.6889837],[-16.6756775,64.6893231],[-16.6757204,64.6895433],[-16.6761067,64.6898277],[-16.6760208,64.6900019],[-16.6752269,64.6900937],[-16.6745188,64.6904698],[-16.6744544,64.6906349],[-16.6748192,64.6907817],[-16.6755059,64.6913596],[-16.6755488,64.6917449],[-16.6759136,64.6925154],[-16.675699,64.6929098],[-16.6752269,64.6931483],[-16.6744544,64.693295],[-16.6737892,64.6932033],[-16.6730382,64.6926805],[-16.6715791,64.6917999],[-16.6715147,64.6914146],[-16.6718581,64.6908184],[-16.6717722,64.6904973],[-16.6714504,64.6903505],[-16.6708925,64.6903047],[-16.6701844,64.690479],[-16.6700127,64.6908367],[-16.6691973,64.6913504],[-16.668618,64.6911945],[-16.6683605,64.6909193],[-16.6685321,64.6906716],[-16.6686609,64.6903597],[-16.6703989,64.6895891],[-16.6723087,64.687892],[-16.6744964,64.6869297],[-16.674933,64.6862032],[-16.6758207,64.6856221],[-16.676074,64.6850704],[-16.6765766,64.6847503],[-16.6764244,64.6845523],[-16.6765512,64.6841432],[-16.6772768,64.6836003],[-16.6786891,64.683397],[-16.6806408,64.6834379],[-16.6818741,64.6836143],[-16.682,64.6834015],[-16.6826323,64.6832382],[-16.6825837,64.6830556],[-16.6812905,64.6826528],[-16.6800661,64.6823996],[-16.6792665,64.6818271],[-16.6794908,64.6815744],[-16.6792597,64.6811636],[-16.6789745,64.6810875],[-16.6788569,64.6808996],[-16.6793664,64.6807144],[-16.6791063,64.680475],[-16.6787602,64.6803823],[-16.677977,64.6803239],[-16.6777838,64.6806475],[-16.6774832,64.6807258],[-16.6771257,64.6805225],[-16.6779124,64.679344],[-16.67849,64.679016],[-16.678658,64.6786664],[-16.6783766,64.6784547],[-16.6776661,64.6784633],[-16.6771463,64.678297],[-16.6765836,64.6773413],[-16.6767958,64.6772489],[-16.6772023,64.6773037],[-16.6775128,64.6777166],[-16.6781401,64.6777945],[-16.6784671,64.6780927],[-16.6792203,64.678033],[-16.6799971,64.6776381],[-16.6807354,64.6774358],[-16.6819457,64.6764993],[-16.682684,64.6761869],[-16.684249,64.6760486],[-16.6848864,64.675515],[-16.6845388,64.6750614],[-16.6852117,64.6745011],[-16.6851318,64.6740728],[-16.685604,64.6734456],[-16.685073,64.6729059],[-16.6851763,64.6726241],[-16.6848417,64.6724282],[-16.6843354,64.6725259],[-16.6839411,64.6727518],[-16.6836515,64.6730677],[-16.6825143,64.6733508],[-16.6822402,64.6730259],[-16.681451,64.6731967],[-16.681246,64.6735016],[-16.680793,64.6737809],[-16.6793383,64.6740939],[-16.6792841,64.6739568],[-16.6804685,64.673163],[-16.6803698,64.6728802],[-16.6800994,64.6727626],[-16.6795587,64.6727477],[-16.6791209,64.6724977],[-16.6795828,64.6719288],[-16.6781967,64.6712326],[-16.6778835,64.6704447],[-16.676197,64.6698219],[-16.6761828,64.6694089],[-16.6765119,64.6693539],[-16.6778567,64.6696204],[-16.6790015,64.6694922],[-16.6802182,64.6687769],[-16.6801439,64.6682366],[-16.6806374,64.6679703],[-16.6870747,64.6663544],[-16.6893063,64.6663728],[-16.6904221,64.6665656],[-16.6905938,64.6667676],[-16.6904436,64.6670339],[-16.6900788,64.6672634],[-16.6895424,64.6674011],[-16.6890274,64.6673644],[-16.6886841,64.6673827],[-16.6879974,64.667851],[-16.6872249,64.6682366],[-16.6873819,64.6685417],[-16.6878895,64.6685749],[-16.6883113,64.6681858],[-16.6890544,64.667933],[-16.6895963,64.6678591],[-16.6902218,64.6675751],[-16.6909912,64.6679107],[-16.6916119,64.6677847],[-16.6923856,64.6678411],[-16.6928679,64.6676862],[-16.6931593,64.6677139],[-16.6929901,64.6679369],[-16.6923943,64.6682542],[-16.6914172,64.6683932],[-16.6906384,64.6687707],[-16.6904542,64.6689933],[-16.6906652,64.6693006],[-16.6904444,64.6701698],[-16.6895934,64.6704288],[-16.688441,64.6705954],[-16.6882327,64.6709732],[-16.6886896,64.6711306],[-16.6883532,64.6714431],[-16.6877479,64.6715269],[-16.6870996,64.671831],[-16.6879919,64.6720353],[-16.6892184,64.6716362],[-16.6903735,64.6716478],[-16.6909278,64.6713656],[-16.6903197,64.6711317],[-16.6904768,64.6709209],[-16.691446,64.6706694],[-16.6920185,64.6707834],[-16.6927771,64.6704974],[-16.6944259,64.670338],[-16.6955597,64.6706743],[-16.6961966,64.6710898],[-16.6960103,64.671326],[-16.6951662,64.6716828],[-16.6946368,64.6722467],[-16.6937964,64.6728466],[-16.6931012,64.6731006],[-16.6929211,64.6732628],[-16.6931187,64.6737341],[-16.6928227,64.6741502],[-16.6928035,64.6745052],[-16.692987,64.6746643],[-16.6934221,64.6747163],[-16.6942434,64.6745664],[-16.6949712,64.6745864],[-16.6967289,64.6744229],[-16.6975836,64.6742151],[-16.6981538,64.6737571],[-16.7026764,64.6724369],[-16.7032179,64.6719315],[-16.7035307,64.671891],[-16.7040036,64.6720541],[-16.7045038,64.6725387],[-16.7046607,64.6729131],[-16.7043744,64.6731544],[-16.7037476,64.6730329],[-16.7035071,64.6736091],[-16.7040989,64.6737333],[-16.704596,64.6737799],[-16.7048176,64.6741484],[-16.7051245,64.6744528],[-16.7077619,64.6731689],[-16.7085284,64.6731349],[-16.7097684,64.6737487],[-16.7099432,64.6739365],[-16.7096443,64.6741497],[-16.7077783,64.6748805],[-16.7078967,64.6750899],[-16.7088734,64.6752625],[-16.709223,64.6760053],[-16.7096648,64.6763711],[-16.7073777,64.6786069],[-16.7055615,64.6800068],[-16.7057375,64.6806028]]],[[[-16.6129258,64.6816109],[-16.6129843,64.6816886],[-16.6127559,64.6819946],[-16.6125,64.6821036],[-16.6124889,64.6821629],[-16.6125533,64.6823832],[-16.6125104,64.6825208],[-16.6126391,64.6827043],[-16.6128537,64.6827777],[-16.6130959,64.6830102],[-16.6132676,64.6834047],[-16.6140186,64.6839186],[-16.6149735,64.6842351],[-16.6152569,64.6841357],[-16.6153428,64.6839706],[-16.6152999,64.6836219],[-16.6156861,64.6832732],[-16.6152355,64.6830714],[-16.6148707,64.6827135],[-16.6149995,64.6823648],[-16.6157719,64.6821721],[-16.6161796,64.6822088],[-16.6162655,64.6824566],[-16.6168019,64.6827043],[-16.616995,64.6830163],[-16.6168663,64.6832732],[-16.6164586,64.68342],[-16.6164586,64.6835852],[-16.6168234,64.6836586],[-16.6166946,64.6838054],[-16.6159436,64.6839981],[-16.6159221,64.6841357],[-16.6163084,64.6842],[-16.616759,64.684411],[-16.616759,64.6845486],[-16.6163513,64.6845761],[-16.6160723,64.684466],[-16.6160509,64.6843284],[-16.6157505,64.6842642],[-16.6155421,64.6843682],[-16.6160802,64.6849155],[-16.6161875,64.6852549],[-16.6165952,64.6853834],[-16.616402,64.6860256],[-16.6162518,64.6861633],[-16.6155437,64.6862],[-16.6150502,64.6865119],[-16.6148786,64.686778],[-16.6151146,64.6869339],[-16.6153935,64.6872183],[-16.6152648,64.6875211],[-16.615136,64.6877321],[-16.6152219,64.6878789],[-16.6156296,64.687989],[-16.6158012,64.6881725],[-16.6161875,64.6890623],[-16.6167668,64.6894935],[-16.617432,64.6894843],[-16.6183886,64.6898014],[-16.6193756,64.6905719],[-16.619676,64.691104],[-16.6192039,64.6917002],[-16.617659,64.6923056],[-16.6172942,64.6921405],[-16.6166719,64.692113],[-16.6159424,64.6922414],[-16.614612,64.6928101],[-16.6147622,64.6932229],[-16.6163868,64.6932111],[-16.6166023,64.6933492],[-16.6164002,64.6942012],[-16.616306,64.6943912],[-16.6159019,64.6944776],[-16.6143262,64.6952317],[-16.6139222,64.6956404],[-16.6139357,64.6959282],[-16.61337,64.6967513],[-16.6131007,64.697114],[-16.6123734,64.6972982],[-16.6116327,64.6980522],[-16.61069,64.6984378],[-16.6103398,64.6991573],[-16.6104745,64.6994739],[-16.6098954,64.7002739],[-16.6076598,64.7021846],[-16.6074308,64.7029846],[-16.6065285,64.7040377],[-16.6064477,64.7059424],[-16.6058955,64.7068055],[-16.6063534,64.7076168],[-16.606512,64.7086188],[-16.6074548,64.7098616],[-16.6076433,64.7099536],[-16.608613,64.7098846],[-16.609685,64.7096161],[-16.6103853,64.7092939],[-16.6110182,64.7091501],[-16.6115569,64.7091443],[-16.6121226,64.7092249],[-16.6124593,64.7093745],[-16.6124458,64.7095586],[-16.6122573,64.709829],[-16.6110586,64.7107898],[-16.6104795,64.7110257],[-16.6105199,64.7115319],[-16.6107489,64.7118138],[-16.6106412,64.7120497],[-16.6108028,64.7125387],[-16.6114492,64.7134879],[-16.6120148,64.7139539],[-16.6124593,64.7147132],[-16.6123515,64.7151734],[-16.6126478,64.7167207],[-16.6130384,64.7173649],[-16.6140081,64.7179861],[-16.6144121,64.7186763],[-16.615274,64.719562],[-16.6162437,64.7199876],[-16.6174423,64.7204017],[-16.6189103,64.7206835],[-16.6199338,64.7207755],[-16.6217789,64.7207697],[-16.6236239,64.720925],[-16.6271659,64.7216439],[-16.6301422,64.7222075],[-16.6318392,64.7229436],[-16.6334687,64.7231908],[-16.6342095,64.7233404],[-16.6354754,64.7238234],[-16.6362296,64.7242259],[-16.6365663,64.7245307],[-16.6372531,64.7247894],[-16.6378188,64.724916],[-16.6380343,64.7248757],[-16.6384248,64.7246802],[-16.6386134,64.7246629],[-16.6386134,64.7247607],[-16.638775,64.7248585],[-16.6388154,64.725031],[-16.6384248,64.7251977],[-16.6384114,64.725307],[-16.6397985,64.725445],[-16.6415897,64.725537],[-16.6418052,64.7255197],[-16.6416571,64.7253242],[-16.641051,64.7250252],[-16.6404584,64.7244904],[-16.6405527,64.7243007],[-16.6408355,64.7241512],[-16.64128,64.7241282],[-16.6415762,64.7242719],[-16.6423708,64.7245192],[-16.6428422,64.7245882],[-16.6434617,64.7247894],[-16.6437984,64.7248297],[-16.6439735,64.7247434],[-16.644162,64.7244732],[-16.6444179,64.7244962],[-16.6446469,64.7245997],[-16.6448758,64.7246112],[-16.644997,64.7245019],[-16.644997,64.7241109],[-16.6451856,64.7238809],[-16.6454684,64.7237831],[-16.6467074,64.7236451],[-16.6477444,64.7236796],[-16.6489296,64.7232023],[-16.649374,64.7227193],[-16.6490912,64.722403],[-16.6480003,64.7220637],[-16.6472865,64.7216899],[-16.6473134,64.7212758],[-16.6481215,64.721063],[-16.6487545,64.7210285],[-16.6491854,64.7210861],[-16.649374,64.7210803],[-16.6483774,64.7203269],[-16.6473538,64.7199473],[-16.6453606,64.7196368],[-16.643354,64.7189236],[-16.6431116,64.7186475],[-16.6432193,64.7183829],[-16.6437176,64.7181356],[-16.6440678,64.7177905],[-16.6444718,64.717664],[-16.6447277,64.7175317],[-16.6447546,64.7172901],[-16.6451586,64.7172556],[-16.6454145,64.7170543],[-16.6453337,64.7167725],[-16.645428,64.7166114],[-16.6457108,64.7165194],[-16.646061,64.7165366],[-16.6467747,64.7168415],[-16.6475559,64.7170831],[-16.6501551,64.7174052],[-16.6505591,64.7175374],[-16.6506669,64.7177618],[-16.6505457,64.7179286],[-16.6497107,64.7182679],[-16.6495491,64.7185037],[-16.6496164,64.7187856],[-16.6501686,64.7195965],[-16.6506938,64.7198208],[-16.6512325,64.7203672],[-16.6519598,64.7208215],[-16.6533335,64.7210861],[-16.6545321,64.7211378],[-16.6552544,64.7211277],[-16.6569283,64.7214439],[-16.6589453,64.7217371],[-16.6601684,64.7217371],[-16.6614773,64.7211965],[-16.6627433,64.720326],[-16.6634299,64.7200878],[-16.6640307,64.719648],[-16.6647388,64.7193364],[-16.6655328,64.7192723],[-16.6664555,64.7193822],[-16.6670992,64.7193822],[-16.6695239,64.718365],[-16.6702106,64.7177785],[-16.6709401,64.7176044],[-16.671262,64.7170912],[-16.6706612,64.7165322],[-16.6690089,64.7156616],[-16.6661121,64.7143968],[-16.6635801,64.7131503],[-16.6616919,64.7117112],[-16.6597821,64.7104005],[-16.6554477,64.7079895],[-16.6527226,64.7065686],[-16.6507055,64.7062293],[-16.6488602,64.7055692],[-16.6472581,64.7047441],[-16.6457735,64.7045806],[-16.6445732,64.7040054],[-16.6438712,64.703264],[-16.64309,64.7027319],[-16.6426091,64.7018568],[-16.6422287,64.7014491],[-16.6420571,64.7007247],[-16.6422502,64.7002478],[-16.6419927,64.6996609],[-16.6419927,64.6990282],[-16.6422502,64.6987256],[-16.6418639,64.6976434],[-16.6423789,64.697139],[-16.6427866,64.6970748],[-16.6433016,64.6965521],[-16.6431514,64.6961577],[-16.6424218,64.6957725],[-16.6422502,64.6955707],[-16.6418425,64.6949654],[-16.6411773,64.69436],[-16.64107,64.6939473],[-16.6413704,64.6934703],[-16.6409413,64.692654],[-16.6412202,64.6922871],[-16.6411987,64.6920669],[-16.6404477,64.6917],[-16.6403404,64.691379],[-16.6404906,64.691168],[-16.6408125,64.6910579],[-16.6408554,64.6909203],[-16.640555,64.6907002],[-16.640791,64.6903791],[-16.6413704,64.6901773],[-16.6417566,64.6899021],[-16.6417352,64.6896085],[-16.6413489,64.6894617],[-16.6403834,64.6893517],[-16.638774,64.6876728],[-16.6383449,64.6867187],[-16.6376797,64.6867187],[-16.6366712,64.6860673],[-16.6363279,64.685636],[-16.636242,64.684847],[-16.6355768,64.683801],[-16.6354481,64.6832413],[-16.6361776,64.6819658],[-16.6362635,64.6812317],[-16.6373364,64.680314],[-16.6379586,64.6802773],[-16.6383449,64.6798093],[-16.6392461,64.6794331],[-16.6400829,64.679277],[-16.6401044,64.6790568],[-16.6405979,64.6790109],[-16.6410056,64.6790843],[-16.6414133,64.6789191],[-16.6423145,64.6780565],[-16.643838,64.6774324]]],[[[-16.6031737,64.6507058],[-16.6037106,64.6508676],[-16.6039576,64.6512149],[-16.6052747,64.6515038],[-16.6055022,64.6517782],[-16.6059443,64.6519975],[-16.6054551,64.6522891],[-16.6041765,64.6527804],[-16.6041941,64.6530097],[-16.603544,64.6531331],[-16.6028433,64.653017],[-16.6032443,64.6522337],[-16.6026597,64.6518562],[-16.6007366,64.6521109],[-16.5984621,64.6526047],[-16.5984299,64.653064],[-16.5992101,64.6532083],[-16.5994839,64.6537117],[-16.6002736,64.6542406],[-16.6005697,64.6542505],[-16.6010437,64.6541543],[-16.6013938,64.6541295],[-16.6015564,64.6542884],[-16.6004789,64.6547587],[-16.5989247,64.6548909],[-16.5989771,64.6552961],[-16.6003053,64.6557413],[-16.6002173,64.6564253],[-16.597166,64.6585098],[-16.596312,64.659144],[-16.5955224,64.6594567],[-16.5954457,64.6596765],[-16.5959269,64.6601533],[-16.5964132,64.6603921],[-16.5964132,64.6606033],[-16.5959841,64.6609155],[-16.5958982,64.661191],[-16.5955978,64.6613747],[-16.593495,64.6617328],[-16.5932375,64.6618981],[-16.5925079,64.6619349],[-16.5922504,64.6621736],[-16.5914994,64.662394],[-16.5914565,64.6629266],[-16.5908986,64.6634959],[-16.5883666,64.6642305],[-16.5866071,64.6644325],[-16.5861994,64.6647723],[-16.5858131,64.6649008],[-16.5852552,64.6649743],[-16.5852123,64.6650936],[-16.5853411,64.6651671],[-16.5857917,64.6651946],[-16.5860492,64.6653691],[-16.5857273,64.6655711],[-16.5851909,64.6662322],[-16.5849119,64.6662046],[-16.58459,64.6659659],[-16.5832811,64.6664433],[-16.5826374,64.6664617],[-16.5816074,64.6662781],[-16.580556,64.665819],[-16.5796333,64.6648824],[-16.5798479,64.6647355],[-16.5798479,64.6645611],[-16.5788179,64.6642672],[-16.5785175,64.6643315],[-16.578539,64.6644692],[-16.5781957,64.6646988],[-16.5781313,64.665011],[-16.5780025,64.6652222],[-16.5782815,64.6656078],[-16.5789681,64.6657547],[-16.5792042,64.6658741],[-16.5791183,64.6659934],[-16.5758568,64.6662597],[-16.5754276,64.6662597],[-16.5750961,64.6664027],[-16.5750961,64.6667057],[-16.5742807,64.6669444],[-16.5743665,64.6671831],[-16.5752463,64.6672658],[-16.5753321,64.6674127],[-16.5745811,64.6676697],[-16.5726499,64.6682022],[-16.5725855,64.6686429],[-16.5722207,64.6689183],[-16.5723924,64.6690928],[-16.57486,64.6691846],[-16.5767483,64.6693774],[-16.5778426,64.6692947],[-16.579173,64.6694233],[-16.5797095,64.6696161],[-16.5804605,64.6697997],[-16.5806751,64.6699924],[-16.5798811,64.6701393],[-16.5788941,64.6702128],[-16.5787439,64.6703229],[-16.5791516,64.6706075],[-16.5803317,64.6707636],[-16.5813188,64.6710665],[-16.5827779,64.6708829],[-16.5834002,64.6709931],[-16.583765,64.6712409],[-16.5843872,64.6714153],[-16.5843658,64.6715622],[-16.5839581,64.6716081],[-16.5834002,64.6718835],[-16.5829067,64.6720212],[-16.5829067,64.6723792],[-16.5826492,64.6724251],[-16.5822629,64.6723517],[-16.5815119,64.6726087],[-16.5805034,64.6728474],[-16.5804176,64.6732421],[-16.5807394,64.6735083],[-16.5806321,64.6738938],[-16.5794305,64.6746923],[-16.578701,64.6750228],[-16.5764479,64.675445],[-16.5758256,64.6753624],[-16.5752892,64.6755184],[-16.5750532,64.6756928],[-16.5753536,64.6759039],[-16.5759544,64.6758948],[-16.5763621,64.6760232],[-16.5763835,64.6761793],[-16.5759758,64.6762894],[-16.5763621,64.6764638],[-16.5777997,64.6765372],[-16.5778427,64.676886],[-16.579173,64.6772072],[-16.5806536,64.6774183],[-16.5808897,64.6778038],[-16.581469,64.6778772],[-16.5824561,64.6774458],[-16.5826706,64.6770971],[-16.5822629,64.6768034],[-16.5824561,64.6764454],[-16.5823059,64.6762711],[-16.5825633,64.6761426],[-16.5830354,64.6761334],[-16.5844516,64.6755827],[-16.584516,64.6753073],[-16.585267,64.6747933],[-16.5859966,64.6745547],[-16.5861682,64.6744813],[-16.5867261,64.6746281],[-16.5871553,64.6747199],[-16.5879278,64.6749402],[-16.5882925,64.6749035],[-16.5889577,64.6751329],[-16.589859,64.6751421],[-16.5903954,64.6752706],[-16.5903954,64.6754358],[-16.5898804,64.6757387],[-16.5902237,64.6762802],[-16.5888934,64.6773173],[-16.5882282,64.6774917],[-16.5879063,64.6774458],[-16.5879278,64.677143],[-16.5876059,64.6770237],[-16.5869407,64.6770787],[-16.5861039,64.6770053],[-16.5851812,64.6774642],[-16.5841727,64.6775835],[-16.5836362,64.6775835],[-16.5831642,64.6776936],[-16.5827994,64.677969],[-16.5829067,64.6782535],[-16.5837435,64.6785288],[-16.5836362,64.6786481],[-16.5822629,64.6786573],[-16.5810828,64.678538],[-16.5790014,64.6788133],[-16.5778856,64.6786114],[-16.5773706,64.6789234],[-16.577435,64.6792997],[-16.5782289,64.6795475],[-16.5782074,64.6803],[-16.5778212,64.6808781],[-16.5782718,64.6810524],[-16.5790228,64.6810341],[-16.5798597,64.6808506],[-16.5804176,64.6808139],[-16.5809969,64.680979],[-16.5809755,64.6813461],[-16.5807609,64.6816214],[-16.5808253,64.6818875],[-16.5814046,64.6821903],[-16.5811257,64.6824381],[-16.5811042,64.6828143],[-16.5818552,64.6828326],[-16.5824131,64.6827133],[-16.5829067,64.6827409],[-16.583014,64.6829336],[-16.5837006,64.6829519],[-16.5847949,64.6827133],[-16.5855245,64.6827042],[-16.5861468,64.6829611],[-16.5859966,64.683163],[-16.585031,64.6835759],[-16.5843014,64.6837502],[-16.5831427,64.6837502],[-16.581984,64.6840622],[-16.5805678,64.6841815],[-16.5797953,64.6844017],[-16.5790228,64.6855027],[-16.5791945,64.6859798],[-16.5796022,64.6861633],[-16.5805678,64.6861082],[-16.582499,64.6858972],[-16.5829067,64.6859156],[-16.5830354,64.6861633],[-16.582735,64.6864936],[-16.5836362,64.6869707],[-16.5839796,64.6870441],[-16.5846233,64.6869064],[-16.5853941,64.6864692],[-16.5861022,64.6859738],[-16.5861022,64.6857628],[-16.5853512,64.685616],[-16.5854585,64.685249],[-16.5857374,64.6851389],[-16.5864884,64.6852306],[-16.5874969,64.6849921],[-16.5878832,64.6850838],[-16.5878403,64.6855059],[-16.587218,64.6859004],[-16.5877115,64.6860197],[-16.5883982,64.6860013],[-16.5886127,64.6856619],[-16.5891277,64.6855334],[-16.5901791,64.6857536],[-16.5906941,64.6855609],[-16.5917026,64.6855976],[-16.5924751,64.6861114],[-16.5939772,64.6863683],[-16.5957152,64.6864326],[-16.5976035,64.6858637],[-16.6002213,64.6859371],[-16.6016161,64.6857628],[-16.6027748,64.6847811],[-16.6038048,64.6839644],[-16.6035044,64.6831937],[-16.601895,64.6825422],[-16.6012513,64.6819825],[-16.6012728,64.6816154],[-16.6015946,64.6814319],[-16.602174,64.6815053],[-16.603204,64.68201],[-16.6060149,64.6829001],[-16.6066157,64.6832946],[-16.6075169,64.68368],[-16.6087186,64.6839002],[-16.6119801,64.6831662],[-16.6118452,64.6826126],[-16.6119525,64.6822639],[-16.612167,64.6821262],[-16.6125335,64.6819815],[-16.612575,64.6818375],[-16.612789,64.6816333],[-16.6129258,64.6816109]]],[[[-16.6003804,64.6490809],[-16.6002679,64.6493179],[-16.5998754,64.6494161],[-16.5987963,64.6494041],[-16.5969662,64.649631],[-16.596337,64.6495223],[-16.5944204,64.6492696],[-16.5928969,64.6491777],[-16.5911803,64.6486173],[-16.5870175,64.6481303],[-16.5847215,64.6479741],[-16.5831337,64.6479925],[-16.5828547,64.6480476],[-16.5828762,64.6481579],[-16.5832624,64.64836],[-16.5832624,64.6486173],[-16.5830049,64.6490858],[-16.5830908,64.6493339],[-16.5828976,64.649536],[-16.5825543,64.6495452],[-16.5821252,64.649931],[-16.5821252,64.650078],[-16.5824041,64.6501607],[-16.5844211,64.6501791],[-16.5887985,64.6507854],[-16.5917167,64.6513183],[-16.5937767,64.6518786],[-16.5944419,64.6520164],[-16.594871,64.6519154],[-16.5950856,64.6515663],[-16.5955577,64.6513366],[-16.5965661,64.6512694],[-16.5974535,64.6515115],[-16.5986337,64.6518009],[-16.5995135,64.6515242],[-16.6000177,64.651643],[-16.6004201,64.6515463],[-16.6008532,64.6511684],[-16.6022715,64.6509886],[-16.6031737,64.6507058]]],[[[-16.576838,64.6302224],[-16.5771258,64.6300598],[-16.5780242,64.6301482],[-16.5789225,64.6300911],[-16.5802903,64.6302912],[-16.5817931,64.6297856],[-16.5828274,64.6291853],[-16.5832502,64.6290306],[-16.5833713,64.6283587],[-16.5850572,64.6272553],[-16.5869024,64.627247],[-16.5879177,64.6273357],[-16.5899483,64.6271575],[-16.5918215,64.6267525],[-16.5936064,64.6260719],[-16.5962784,64.625192],[-16.5991769,64.6243687],[-16.6000771,64.6236591],[-16.6012226,64.6226747],[-16.6021179,64.6223064],[-16.6057945,64.6212626],[-16.6087803,64.6205829],[-16.6105401,64.6203963],[-16.6172663,64.6201848],[-16.618978,64.6198092],[-16.6211277,64.6190977],[-16.6287284,64.6179627],[-16.6291713,64.6178642],[-16.6291288,64.6177259],[-16.6288976,64.6175392],[-16.6294616,64.6171234],[-16.6333848,64.6166908],[-16.6352768,64.6165183],[-16.6364845,64.6166184],[-16.6368801,64.6167481],[-16.6346401,64.6171398],[-16.6344286,64.6174187],[-16.6350951,64.6178477],[-16.6359773,64.6180294],[-16.6375539,64.6179419],[-16.6414876,64.6170008],[-16.6436471,64.616255],[-16.6445556,64.6160014],[-16.6456353,64.6158762],[-16.6471834,64.6157633],[-16.6476402,64.6156688],[-16.6481685,64.6157734],[-16.6484121,64.6160008],[-16.6495326,64.6161737],[-16.650545,64.6159265],[-16.651055,64.6160455],[-16.6515348,64.6163344],[-16.6517072,64.6165964],[-16.6516016,64.6167964],[-16.6512561,64.616921],[-16.6506113,64.6169557],[-16.6501819,64.6169276],[-16.6498812,64.6172674],[-16.6499236,64.6174687],[-16.6495562,64.617921],[-16.6498522,64.6180185],[-16.6497445,64.61856],[-16.6504333,64.6186678],[-16.6508457,64.6195166],[-16.6508315,64.6196852],[-16.651305,64.619825],[-16.6514638,64.6199679],[-16.6518673,64.6199226],[-16.6520735,64.6197584],[-16.6537996,64.6192855],[-16.6558114,64.619169],[-16.6581691,64.6192396],[-16.658941,64.6190917],[-16.6599703,64.6190909],[-16.6599052,64.618943],[-16.6601088,64.6187495],[-16.6609186,64.6186895],[-16.6609172,64.618486],[-16.6604867,64.6183192],[-16.6605698,64.6180593],[-16.663038,64.6171153],[-16.6630797,64.6165653],[-16.6641608,64.6164192],[-16.6654623,64.6166602],[-16.6669779,64.6171051],[-16.6675205,64.6174573],[-16.6675183,64.6177096],[-16.6667705,64.6182213],[-16.664322,64.6188245],[-16.6639636,64.6191163],[-16.662628,64.6192544],[-16.6613851,64.6197925],[-16.6608336,64.6197602],[-16.6597776,64.6201141],[-16.6596836,64.6202505],[-16.6600362,64.6203995],[-16.6616064,64.6201261],[-16.6620798,64.6202898],[-16.6620193,64.6205727],[-16.6624333,64.621012],[-16.6620226,64.6213759],[-16.6614796,64.6214831],[-16.6608298,64.6212278],[-16.6601444,64.6213704],[-16.6594594,64.6213877],[-16.6587023,64.621652],[-16.6558158,64.6220527],[-16.6549019,64.6225139],[-16.6538759,64.6227351],[-16.6540276,64.6230088],[-16.6554038,64.6234829],[-16.6552703,64.6237095],[-16.6540246,64.6240431],[-16.6519003,64.624227],[-16.6510393,64.6245994],[-16.6503929,64.6251189],[-16.6493575,64.6255327],[-16.6461067,64.6257718],[-16.6445306,64.626054],[-16.6433621,64.6259683],[-16.642699,64.6262016],[-16.6428746,64.6267786],[-16.642196,64.6273257],[-16.6416113,64.6275739],[-16.6413135,64.6275662],[-16.6412309,64.6273366],[-16.6412368,64.6270441],[-16.641034,64.6268636],[-16.6401562,64.6270728],[-16.639259,64.6274544],[-16.6388339,64.6279371],[-16.6381707,64.6282061],[-16.6369067,64.6293393],[-16.636279,64.6296152],[-16.6355222,64.6292522],[-16.6341216,64.6295697],[-16.633037,64.6309217],[-16.6299451,64.6324673],[-16.6266017,64.6334212],[-16.6258614,64.6339566],[-16.6227178,64.6358341],[-16.6217629,64.6360846],[-16.6209797,64.636427],[-16.620572,64.6369601],[-16.619821,64.6374288],[-16.6179912,64.637891],[-16.6167116,64.637736],[-16.6156855,64.6378791],[-16.614874,64.6375075],[-16.6137416,64.6376985],[-16.6140432,64.638987],[-16.6146293,64.6393449],[-16.6160167,64.6396342],[-16.616116,64.6398637],[-16.6151078,64.6401877],[-16.6142175,64.6407172],[-16.6137509,64.6406879],[-16.6134961,64.6403608],[-16.6117393,64.6401256],[-16.6114095,64.6395364],[-16.6113506,64.6390932],[-16.6116191,64.6389052],[-16.6115554,64.6385476],[-16.6111501,64.6383031],[-16.6099393,64.6387874],[-16.6097087,64.6394301],[-16.6094336,64.6394945],[-16.6089845,64.6396638],[-16.608486,64.6396832],[-16.6081651,64.6395879],[-16.6078809,64.639563],[-16.6077003,64.6396445],[-16.6078441,64.6398575],[-16.6079629,64.6400058],[-16.6075887,64.6399919],[-16.6073971,64.6401605],[-16.6075007,64.6403283],[-16.6073327,64.6404974],[-16.6070235,64.6404743],[-16.6055883,64.6400147],[-16.6042889,64.640672],[-16.604263,64.6410463],[-16.6034018,64.6414476],[-16.6030882,64.6416405],[-16.6026133,64.6417785],[-16.6022113,64.6421457],[-16.6020831,64.6423761],[-16.601894,64.6424893],[-16.6013101,64.6425785],[-16.6011217,64.642785],[-16.6012324,64.6428982],[-16.6017583,64.6429243],[-16.6018442,64.643141],[-16.6017778,64.6433055],[-16.6019191,64.6434001],[-16.6024231,64.6434133],[-16.6030356,64.6436873],[-16.6040725,64.6436459],[-16.6070288,64.6441501],[-16.6072739,64.6439846],[-16.6075305,64.6439414],[-16.6081442,64.6439733],[-16.6082092,64.6440775],[-16.607869,64.6442111],[-16.607205,64.6443369],[-16.606939,64.6444436],[-16.6071578,64.6446417],[-16.6069071,64.6449061],[-16.6058979,64.6447938],[-16.6047421,64.6452303],[-16.6044466,64.6456345],[-16.6042531,64.646247],[-16.6045466,64.6464556],[-16.6045355,64.6465143],[-16.6041507,64.6465632],[-16.603601,64.6463985],[-16.6019558,64.6461035],[-16.6012315,64.6464349],[-16.6006593,64.6471702],[-16.6003804,64.6490809]]],[[[-16.5722635,64.6327658],[-16.5718448,64.6322815],[-16.5712376,64.6322337],[-16.5709662,64.632041],[-16.5711791,64.6317556],[-16.5716139,64.6313786],[-16.5728392,64.6309961],[-16.5740828,64.630755],[-16.574993,64.6304726],[-16.576838,64.6302224]]],[[[-16.5390619,64.6451253],[-16.5394594,64.6451602],[-16.5398505,64.645091],[-16.5399181,64.6449869],[-16.5399857,64.6449562],[-16.5402499,64.6449952],[-16.5405103,64.6449647],[-16.5433586,64.6439537],[-16.5446294,64.6431693],[-16.5447788,64.6431677],[-16.5448748,64.6431667],[-16.5450101,64.6432617],[-16.5456815,64.6429929],[-16.5461265,64.6426434],[-16.5462774,64.6423088],[-16.5468996,64.6418862],[-16.5478599,64.6414945],[-16.5486315,64.6410705],[-16.5494203,64.640901],[-16.552771,64.6389546],[-16.5556689,64.6387935],[-16.5561953,64.6385714],[-16.5564955,64.638107],[-16.5583045,64.6378284],[-16.5588182,64.6375492],[-16.5589171,64.6372699],[-16.5593033,64.6371801],[-16.5600758,64.6371943],[-16.5611482,64.6368616],[-16.5625224,64.6358986],[-16.5633657,64.6356129],[-16.5642603,64.6351707],[-16.5653704,64.6349004],[-16.5665343,64.6343597],[-16.5674288,64.6336662],[-16.5680658,64.6338152],[-16.5703836,64.6338412],[-16.5717123,64.6331835],[-16.5722635,64.6327658]]],[[[-16.5308085,64.648447],[-16.5303697,64.6484046],[-16.529676,64.6481864],[-16.5294353,64.6478833],[-16.5302706,64.6477863],[-16.5311766,64.6473075],[-16.5320402,64.6468407],[-16.5332718,64.6464285],[-16.5340646,64.6463618],[-16.5358484,64.6457313],[-16.5377029,64.6451009],[-16.5385523,64.645016],[-16.5390619,64.6451253]]],[[[-16.5151921,64.6536844],[-16.5154634,64.653547],[-16.5161953,64.6534645],[-16.5169198,64.6532711],[-16.5181185,64.6532969],[-16.5184469,64.6532295],[-16.5185069,64.6530709],[-16.5184007,64.6529636],[-16.5185105,64.6528561],[-16.5188014,64.6528331],[-16.5192178,64.6529173],[-16.5194702,64.653067],[-16.5194331,64.6532593],[-16.5199842,64.6532692],[-16.5209395,64.653181],[-16.5246877,64.6511566],[-16.5276553,64.6504029],[-16.5287183,64.6495552],[-16.5302189,64.6486717],[-16.530594,64.6485825],[-16.5308085,64.648447]]],[[[-16.3945097,64.7212139],[-16.4041926,64.7167724],[-16.4094497,64.7148478],[-16.4139988,64.7112732],[-16.4146425,64.7089174],[-16.4176466,64.7059379],[-16.4186122,64.7061213],[-16.4193203,64.708294],[-16.4240409,64.7060296],[-16.425264,64.704746],[-16.4236118,64.7032332],[-16.4233972,64.7021971],[-16.4258005,64.7010325],[-16.427839,64.7006841],[-16.4297701,64.7010784],[-16.4302637,64.7022246],[-16.4307357,64.7026372],[-16.4447905,64.6962822],[-16.4515068,64.6916961],[-16.455691,64.6896046],[-16.4574502,64.6896397],[-16.457987,64.6896505],[-16.4616777,64.6889441],[-16.4676429,64.6860542],[-16.4702998,64.685692],[-16.4712808,64.6849929],[-16.4719435,64.6846005],[-16.4730542,64.6844763],[-16.4735161,64.6845765],[-16.4741619,64.6845278],[-16.4765695,64.683825],[-16.4782219,64.6822178],[-16.4802711,64.6809261],[-16.4800672,64.6804512],[-16.4809041,64.6794465],[-16.4824598,64.6781384],[-16.4830445,64.6767549],[-16.4841523,64.6758521],[-16.4846438,64.67581],[-16.4856073,64.6749234],[-16.4849596,64.6742885],[-16.4856906,64.6735691],[-16.4857772,64.6729984],[-16.4860565,64.6727222],[-16.4864607,64.6726196],[-16.4868508,64.6726112],[-16.4874272,64.672012],[-16.4876581,64.6709916],[-16.4881553,64.6707092],[-16.4888242,64.6705921],[-16.4898616,64.6697152],[-16.4908634,64.669522],[-16.490936,64.6689889],[-16.4915106,64.6682615],[-16.4922569,64.6678462],[-16.4937924,64.6674013],[-16.4934731,64.6665114],[-16.4945512,64.6651908],[-16.4950393,64.6650186],[-16.4960854,64.6650484],[-16.498907,64.663896],[-16.4996259,64.6622614],[-16.5011011,64.661738],[-16.5015169,64.6611732],[-16.5021697,64.660733],[-16.5047107,64.6596499],[-16.5051151,64.6586592],[-16.5060096,64.6579636],[-16.50955,64.6564482],[-16.5122676,64.6555207],[-16.5132957,64.6552659],[-16.5142808,64.6544049],[-16.5153928,64.6540606],[-16.5151921,64.6536844]]],[[[-16.3725854,64.7245152],[-16.3754393,64.7237365],[-16.3782717,64.7248084],[-16.3849236,64.7251108],[-16.3869192,64.7244694],[-16.3879921,64.7232784],[-16.3926055,64.7220873],[-16.3945097,64.7212139]]],[[[-16.3347809,64.732395],[-16.3367228,64.7316394],[-16.3378493,64.7310807],[-16.3403062,64.7311265],[-16.3418726,64.7313554],[-16.3435248,64.7312363],[-16.344469,64.7310897],[-16.3455204,64.7306684],[-16.3457993,64.7302287],[-16.3457564,64.7298074],[-16.3455633,64.728928],[-16.3459496,64.7275356],[-16.3464216,64.7266653],[-16.3476662,64.725905],[-16.3506917,64.7254377],[-16.3542537,64.725282],[-16.3567857,64.7252362],[-16.3576654,64.7255294],[-16.3589315,64.7255385],[-16.3621716,64.7251171],[-16.3645748,64.7245032],[-16.3658837,64.7239352],[-16.3671781,64.7228661],[-16.3686801,64.7225179],[-16.3706543,64.7228661],[-16.3725854,64.7245152]]],[[[-16.326121,64.7348417],[-16.3279252,64.7339108],[-16.3309506,64.7329125],[-16.3334827,64.7325278],[-16.3347809,64.732395]]],[[[-16.2011386,64.7634614],[-16.2028123,64.7632052],[-16.204958,64.7626105],[-16.2053443,64.7623818],[-16.2051726,64.7622171],[-16.2053228,64.7620524],[-16.2056447,64.7619427],[-16.2063313,64.7618969],[-16.2069107,64.761659],[-16.2071253,64.7615767],[-16.2076617,64.7614852],[-16.2082625,64.761165],[-16.2083269,64.7609454],[-16.2080909,64.7605611],[-16.2081767,64.7603324],[-16.2097216,64.7594814],[-16.2114846,64.7585686],[-16.2136672,64.7582017],[-16.2182633,64.7570561],[-16.2205299,64.7563669],[-16.2223558,64.7560089],[-16.2243705,64.7560089],[-16.2321147,64.7565191],[-16.2352628,64.7561611],[-16.2367319,64.7562058],[-16.2394528,64.756278],[-16.2415771,64.755674],[-16.2421136,64.7557198],[-16.2440233,64.7558204],[-16.2466412,64.7555642],[-16.2483363,64.7557289],[-16.2511245,64.7558242],[-16.254665,64.755568],[-16.2556735,64.755385],[-16.2562528,64.7551745],[-16.2578836,64.7549457],[-16.2595228,64.7545641],[-16.260169,64.7542096],[-16.2610488,64.7535782],[-16.2629321,64.7529382],[-16.2646058,64.7523433],[-16.2649062,64.7520687],[-16.2654641,64.7516202],[-16.2660434,64.7508148],[-16.2660005,64.7503297],[-16.2653568,64.7500551],[-16.265507,64.7496341],[-16.2691119,64.7476752],[-16.2694767,64.7474646],[-16.2701419,64.7473182],[-16.2753346,64.7454964],[-16.2807263,64.7439422],[-16.2837304,64.7425597],[-16.2862409,64.7415434],[-16.2915928,64.7397598],[-16.2931054,64.7393891],[-16.2946095,64.7386316],[-16.295103,64.7370841],[-16.2946095,64.7357974],[-16.2965192,64.7335307],[-16.2964334,64.7325049],[-16.2962965,64.731621],[-16.2964628,64.7312958],[-16.2985173,64.7309523],[-16.2984208,64.7301188],[-16.299086,64.7300272],[-16.3014956,64.7299397],[-16.303283,64.7296438],[-16.3050276,64.7294761],[-16.3054804,64.7296059],[-16.3057379,64.7306684],[-16.3077978,64.7311997],[-16.3098578,64.7313554],[-16.3112203,64.7310531],[-16.3133554,64.7312271],[-16.3161663,64.7317492],[-16.3176255,64.7326378],[-16.3198785,64.7345519],[-16.3221584,64.7352067],[-16.3231508,64.7352388],[-16.3245348,64.7351564],[-16.326121,64.7348417]]],[[[-16.1995304,64.7632187],[-16.2001515,64.7633058],[-16.2007523,64.7632784],[-16.2011386,64.7634614]]],[[[-16.1086753,64.7588126],[-16.109834,64.7589498],[-16.1119583,64.7595812],[-16.1134389,64.7597733],[-16.1153057,64.7597733],[-16.1169794,64.7599655],[-16.1182454,64.7602949],[-16.1194041,64.7611549],[-16.1198547,64.7623809],[-16.1195115,64.7629185],[-16.1198548,64.7637877],[-16.1206272,64.7641079],[-16.121507,64.7641536],[-16.1228803,64.7639523],[-16.1238674,64.7639615],[-16.1251548,64.7642725],[-16.1258415,64.7642817],[-16.1268285,64.76387],[-16.1275366,64.7638426],[-16.128352,64.7640896],[-16.1289528,64.7645012],[-16.1295322,64.7645561],[-16.1302617,64.7652056],[-16.131163,64.7654252],[-16.1320213,64.7652148],[-16.1327079,64.7648672],[-16.1338452,64.7647482],[-16.1348751,64.765041],[-16.1360553,64.7656539],[-16.1370853,64.7657637],[-16.1393813,64.7655167],[-16.1401108,64.7652514],[-16.1411408,64.7652605],[-16.143823,64.7656905],[-16.1481359,64.7659945],[-16.1509683,64.76658],[-16.1515691,64.7665251],[-16.1523845,64.7662415],[-16.1533716,64.7658482],[-16.1538222,64.7653267],[-16.1531079,64.7649405],[-16.1528933,64.764291],[-16.1540734,64.7624704],[-16.1555111,64.7612261],[-16.1567557,64.7607778],[-16.1576998,64.7606772],[-16.1585152,64.7610889],[-16.1600816,64.7614366],[-16.1613047,64.7615372],[-16.1618411,64.7617385],[-16.1620557,64.7619398],[-16.162678,64.7620587],[-16.1631715,64.7623789],[-16.1635378,64.7627694],[-16.1636436,64.7628821],[-16.1659395,64.7628455],[-16.169244,64.76312],[-16.1714259,64.7630449],[-16.1725202,64.7627704],[-16.1732712,64.7622215],[-16.1727348,64.761334],[-16.1722412,64.760904],[-16.1722198,64.7605746],[-16.1725631,64.7603367],[-16.1750737,64.7600988],[-16.1769619,64.7602818],[-16.1782708,64.7601263],[-16.1797085,64.7603001],[-16.1803952,64.7602361],[-16.1816933,64.759774],[-16.1822191,64.7591838],[-16.1836782,64.7589276],[-16.1840579,64.7577316],[-16.1845515,64.7575486],[-16.1854741,64.7574754],[-16.1864826,64.7578964],[-16.1870191,64.757933],[-16.1877272,64.7578506],[-16.1889503,64.7578232],[-16.1896798,64.7580611],[-16.1900875,64.7585735],[-16.1894867,64.7591591],[-16.189358,64.7596257],[-16.1887572,64.7601015],[-16.1886499,64.7604126],[-16.1883924,64.7606048],[-16.1874697,64.7608427],[-16.1871264,64.7617484],[-16.1876843,64.7620138],[-16.1886284,64.7620687],[-16.1892936,64.7619406],[-16.1897442,64.761968],[-16.1901948,64.7621144],[-16.1914179,64.7620138],[-16.1928341,64.7622333],[-16.1933706,64.7621784],[-16.1940357,64.762215],[-16.1948511,64.7623523],[-16.1955163,64.7625993],[-16.1966321,64.7625719],[-16.1971686,64.7626908],[-16.197984,64.7630019],[-16.1995304,64.7632187]]],[[[-16.0869757,64.7601439],[-16.0870333,64.7604317],[-16.0886211,64.760569],[-16.0910459,64.7605141],[-16.0944791,64.7608526],[-16.0993285,64.759956],[-16.0999937,64.7599102],[-16.1005516,64.7597364],[-16.1020536,64.7596815],[-16.1034269,64.759224],[-16.1039634,64.7592514],[-16.1049933,64.7591965],[-16.1059589,64.7590318],[-16.1070747,64.7589586],[-16.1077828,64.7583913],[-16.1083622,64.7581991],[-16.1088772,64.7581442],[-16.1091991,64.758007],[-16.1094351,64.7575586],[-16.1096067,64.7575037],[-16.1098217,64.757511],[-16.1101432,64.757522],[-16.1098857,64.7576684],[-16.109757,64.7580344],[-16.109319,64.7583368],[-16.1087182,64.7584923],[-16.108568,64.7586387],[-16.1086753,64.7588126]]],[[[-15.9802293,64.7306027],[-15.9826706,64.7301886],[-15.9903509,64.7284656],[-15.9948077,64.7283399],[-16.0045989,64.7304626],[-16.0047458,64.7324756],[-16.0226124,64.7389601],[-16.0287438,64.7400589],[-16.030341,64.7419084],[-16.030565,64.7432452],[-16.0317853,64.7438679],[-16.0344657,64.743848],[-16.040751,64.7452197],[-16.0397352,64.74779],[-16.0405218,64.7485294],[-16.0442409,64.7493858],[-16.0561496,64.7510674],[-16.0652261,64.750866],[-16.0665351,64.7505914],[-16.072629,64.749072],[-16.0738736,64.7489164],[-16.075253,64.7489831],[-16.0770984,64.7486078],[-16.0777421,64.7486353],[-16.0779352,64.7490106],[-16.0776348,64.7502554],[-16.0781283,64.7511433],[-16.0794802,64.7518114],[-16.0820122,64.7525527],[-16.0864539,64.7547584],[-16.087441,64.7558016],[-16.0866685,64.757824],[-16.0869045,64.7583638],[-16.0873981,64.7585468],[-16.0875268,64.758858],[-16.0870977,64.759288],[-16.0868831,64.7596815],[-16.0869757,64.7601439]]],[[[-15.9773703,64.7301452],[-15.9777782,64.7303351],[-15.9790185,64.7304705],[-15.9802293,64.7306027]]],[[[-15.9542606,64.7168851],[-15.9584234,64.7165736],[-15.9612558,64.7171967],[-15.9690235,64.7159504],[-15.971813,64.7160787],[-15.9755466,64.717435],[-15.9769199,64.7185164],[-15.9763191,64.7216869],[-15.9769628,64.7250402],[-15.9744737,64.7287962],[-15.9773703,64.7301452]]],[[[-15.9277389,64.6972112],[-15.9273956,64.6977798],[-15.9280823,64.6992838],[-15.9301851,64.7002192],[-15.9351204,64.7012095],[-15.9458492,64.7021631],[-15.9486387,64.7027683],[-15.9509991,64.7050972],[-15.9515999,64.7085993],[-15.9481237,64.7130175],[-15.9480379,64.7148322],[-15.9494862,64.715979]]],[[[-15.9215591,64.6999257],[-15.9239195,64.6986052],[-15.9237049,64.6982567],[-15.924177,64.6973946],[-15.9238336,64.6967894],[-15.9243486,64.6963308],[-15.9253786,64.6960006],[-15.9269665,64.6962024],[-15.9285972,64.6953036],[-15.9291981,64.6944781],[-15.930743,64.693671],[-15.9314726,64.693671],[-15.9316871,64.6940195],[-15.9308288,64.6947349],[-15.9307859,64.6955971],[-15.9277389,64.6972112]]],[[[-15.8206222,64.6740169],[-15.8239696,64.674384],[-15.8274887,64.6752835],[-15.8385179,64.6794319],[-15.8439253,64.6807167],[-15.8538816,64.6821665],[-15.8654688,64.6829924],[-15.8720777,64.6823868],[-15.8849953,64.6827905],[-15.8872698,64.683598],[-15.8885572,64.685378],[-15.8882568,64.686956],[-15.8892868,64.6881304],[-15.8933208,64.6893597],[-15.8955953,64.6895064],[-15.8965395,64.6890478],[-15.8988998,64.6887175],[-15.9009168,64.6891945],[-15.9057234,64.6938544],[-15.9167526,64.6992104],[-15.9215591,64.6999257]]],[[[-15.7713326,64.6757645],[-15.7735441,64.6769356],[-15.7765053,64.6775781],[-15.7809255,64.6778167],[-15.7849167,64.6774679],[-15.7871912,64.677523],[-15.7917831,64.6780186],[-15.7944925,64.6780382],[-15.7996366,64.6784958],[-15.8015678,64.6782205],[-15.8017824,64.6779085],[-15.8028553,64.6777066],[-15.804014,64.6770641],[-15.8051298,64.6771375],[-15.8061598,64.6773762],[-15.8072756,64.6773578],[-15.8122108,64.676183],[-15.8149145,64.6747512],[-15.8171032,64.6742188],[-15.8206222,64.6740169]]],[[[-15.6585454,64.6641663],[-15.6609549,64.6639321],[-15.6617059,64.6640148],[-15.6622638,64.6638587],[-15.6625642,64.6638587],[-15.6630577,64.6641066],[-15.6634654,64.6641249],[-15.6640448,64.6640607],[-15.6645812,64.6639505],[-15.6648602,64.6639964],[-15.665933,64.6638954],[-15.6669416,64.663877],[-15.6674136,64.6639872],[-15.6680144,64.6639688],[-15.6683578,64.6638862],[-15.6688298,64.663978],[-15.6703104,64.6640882],[-15.6705679,64.6641617],[-15.6711902,64.6641984],[-15.6714477,64.6642902],[-15.6718339,64.6643637],[-15.6723274,64.6644004],[-15.6726708,64.664382],[-15.6732287,64.6645198],[-15.6742586,64.6647493],[-15.6752671,64.664832],[-15.675353,64.6649881],[-15.6752457,64.6650891],[-15.6754388,64.6651717],[-15.6765761,64.6652543],[-15.6776919,64.6653002],[-15.6782927,64.6652176],[-15.6787218,64.6653186],[-15.6788291,64.6654655],[-15.6792797,64.665539],[-15.6803097,64.6655022],[-15.6810822,64.6656675],[-15.6823482,64.6657593],[-15.6836142,64.6656951],[-15.6838287,64.6654563],[-15.6841077,64.6654012],[-15.6843866,64.6655022],[-15.6848158,64.6655482],[-15.684966,64.6656124],[-15.6849231,64.6658879],[-15.6853737,64.6659338],[-15.6860174,64.6660807],[-15.6875472,64.6661784],[-15.6884055,64.6662886],[-15.688899,64.666261],[-15.6894998,64.6661233],[-15.6896715,64.6661876],[-15.6903152,64.6661968],[-15.6911091,64.6659397],[-15.6916027,64.6659489],[-15.691946,64.6660499],[-15.6920962,64.6661784],[-15.692697,64.6661876],[-15.6931691,64.6661601],[-15.6935982,64.6662335],[-15.6938986,64.6661876],[-15.6943278,64.6662243],[-15.6950359,64.6662243],[-15.6952505,64.6662886],[-15.6956153,64.6662427],[-15.69598,64.6662427],[-15.6962804,64.6663345],[-15.6969456,64.6661509],[-15.6983833,64.6663437],[-15.7016449,64.6664447],[-15.7020096,64.6665457],[-15.702825,64.6664722],[-15.7038979,64.666362],[-15.7045631,64.666408],[-15.7051425,64.6662151],[-15.7057004,64.666362],[-15.7064728,64.6663161],[-15.7067732,64.6663529],[-15.7072239,64.666307],[-15.7075028,64.6665549],[-15.7077174,64.6665273],[-15.7083397,64.6666191],[-15.7087474,64.6665824],[-15.7095627,64.666564],[-15.7098846,64.6666467],[-15.7102709,64.6666191],[-15.7104425,64.6665549],[-15.7107,64.6665365],[-15.7110219,64.6666191],[-15.7112364,64.6665824],[-15.7111721,64.6664447],[-15.7113437,64.6663712],[-15.71173,64.6663804],[-15.7122235,64.6666467],[-15.7142191,64.6667293],[-15.7150345,64.6667018],[-15.7150345,64.6665089],[-15.7152061,64.6664355],[-15.7160644,64.6663712],[-15.7165579,64.6664171],[-15.7171588,64.6663529],[-15.7176094,64.6662151],[-15.7178883,64.6661968],[-15.7183834,64.6663138],[-15.7192417,64.6663322],[-15.7214956,64.6660905],[-15.7225256,64.6661823],[-15.7235985,64.6658793],[-15.7239847,64.6658426],[-15.7243495,64.6659161],[-15.7246714,64.6660905],[-15.7252293,64.6660813],[-15.7254868,64.6659987],[-15.7264524,64.6659436],[-15.7285552,64.6661272],[-15.7296496,64.6660997],[-15.7302933,64.666164],[-15.7324605,64.6660079],[-15.7329326,64.6661181],[-15.7335763,64.6661181],[-15.734263,64.6662374],[-15.7349067,64.6661732],[-15.7360654,64.6663843],[-15.7365375,64.6662925],[-15.7391338,64.6667057],[-15.7401853,64.6667149],[-15.7409148,64.6668709],[-15.7419663,64.6668985],[-15.7427817,64.6672566],[-15.7445412,64.667431],[-15.7456999,64.6676422],[-15.7486181,64.6677982],[-15.7540684,64.6684684],[-15.7558065,64.6684868],[-15.7581883,64.6690285],[-15.7589393,64.6689917],[-15.7599263,64.6692213],[-15.7603555,64.6695334],[-15.7608705,64.6695609],[-15.7617073,64.6693957],[-15.7620292,64.669414],[-15.7622438,64.669616],[-15.7634454,64.6697354],[-15.7645826,64.6700475],[-15.7649903,64.6700567],[-15.765913,64.6704331],[-15.7662349,64.6708278],[-15.7666855,64.6710481],[-15.7672005,64.671195],[-15.7672005,64.6713694],[-15.7673292,64.6715438],[-15.7674365,64.6718284],[-15.7672863,64.6720763],[-15.7673078,64.6724434],[-15.7673721,64.672728],[-15.7667284,64.672985],[-15.7667499,64.6731043],[-15.7670288,64.6731686],[-15.7678657,64.6730033],[-15.7684801,64.6732091],[-15.7689433,64.6736595]]],[[[-15.6402539,64.666054],[-15.6408762,64.6658704],[-15.6413053,64.6658612],[-15.6416057,64.6660081],[-15.641992,64.6659255],[-15.6426357,64.6655399],[-15.6430005,64.6654205],[-15.6439446,64.6655215],[-15.6445883,64.6651359],[-15.6456183,64.6648329],[-15.6461547,64.6649063],[-15.6471847,64.6646125],[-15.6484293,64.6644564],[-15.6493734,64.6644839],[-15.6504463,64.6643095],[-15.6512617,64.6643738],[-15.6532572,64.6642544],[-15.6538151,64.6643095],[-15.6554459,64.6641993],[-15.6558536,64.6643462],[-15.6568836,64.6643279],[-15.6585454,64.6641663]]],[[[-15.5706649,64.6886092],[-15.5733042,64.6895724],[-15.5763297,64.6898384],[-15.5786257,64.6895816],[-15.5813937,64.6886734],[-15.5845051,64.6879486],[-15.5891185,64.6879395],[-15.5907707,64.6869027],[-15.5912857,64.6867651],[-15.5915432,64.6864257],[-15.5923157,64.686233],[-15.5931525,64.6862422],[-15.5948691,64.6867376],[-15.5963282,64.6861229],[-15.596972,64.6855816],[-15.5969505,64.6850861],[-15.5975299,64.6846457],[-15.59871,64.6843429],[-15.598989,64.6841502],[-15.5988603,64.6839667],[-15.598238,64.6839209],[-15.597723,64.6835997],[-15.5978088,64.6833428],[-15.5990319,64.6828106],[-15.6002121,64.6824711],[-15.6021862,64.6816544],[-15.6054907,64.6795988],[-15.6089454,64.6769649],[-15.609396,64.6762674],[-15.6114774,64.6747621],[-15.6119246,64.6746223],[-15.6125932,64.6744133],[-15.6128077,64.6739085],[-15.6142025,64.673578],[-15.6145887,64.6736882],[-15.6133013,64.6744592],[-15.61343,64.6746061],[-15.6146102,64.6747162],[-15.6152968,64.6751752],[-15.6168632,64.6750925],[-15.6181078,64.674652],[-15.6189232,64.6734771],[-15.619524,64.6733302],[-15.6199961,64.6730089],[-15.6200175,64.6725683],[-15.6194382,64.6725041],[-15.6188588,64.67199],[-15.6206827,64.6712556],[-15.6210046,64.6708425],[-15.6205969,64.670558],[-15.6219916,64.6702091],[-15.6217127,64.6699245],[-15.6220989,64.6696124],[-15.6231718,64.6691442],[-15.6231503,64.6688504],[-15.6236224,64.6686209],[-15.6245022,64.6685934],[-15.6249742,64.6688137],[-15.6254463,64.6686943],[-15.6260471,64.6683179],[-15.6321411,64.6670234],[-15.6336217,64.6665827],[-15.6348448,64.6666378],[-15.6371622,64.6664083],[-15.6371193,64.6660502],[-15.6402539,64.666054]]],[[[-15.5686049,64.6861413],[-15.5710297,64.6844897],[-15.5747633,64.6816544],[-15.577703,64.6799751],[-15.5841617,64.6764234],[-15.5866938,64.674808],[-15.5885391,64.6738718],[-15.5902128,64.6725408],[-15.5906634,64.6720176],[-15.5907063,64.6723939],[-15.5897407,64.6736698],[-15.5886893,64.6745051],[-15.5792909,64.6796539],[-15.5772738,64.6807643],[-15.5747847,64.6826546],[-15.5742054,64.6832327],[-15.5734544,64.6846365],[-15.5723386,64.6868752],[-15.5706649,64.6886092]]],[[[-15.5627041,64.6856917],[-15.5657296,64.6856091],[-15.5677895,64.686077],[-15.5686049,64.6861413]]],[[[-15.5577668,64.6777913],[-15.5574449,64.6784888],[-15.5575522,64.6800673],[-15.5583032,64.6812143],[-15.5595263,64.6820677],[-15.5610713,64.6839671],[-15.5614146,64.6850131],[-15.5616741,64.6854898],[-15.5627041,64.6856917]]],[[[-15.5620369,64.6633235],[-15.5600413,64.6653344],[-15.5591615,64.6668218],[-15.558153,64.6672809],[-15.5579813,64.6677767],[-15.5558356,64.6691813],[-15.5555995,64.6696495],[-15.5555137,64.6701728],[-15.5559214,64.6709439],[-15.5558356,64.6729634],[-15.5558785,64.6735326],[-15.5568441,64.674478],[-15.5569085,64.6751297],[-15.5580028,64.6765982],[-15.5580886,64.6772039],[-15.5577668,64.6777913]]],[[[-15.5628804,64.6546755],[-15.5627303,64.65485],[-15.5635174,64.6555907],[-15.5643328,64.6570419],[-15.5643114,64.6591635],[-15.5648907,64.6608074],[-15.5630668,64.6626899],[-15.5620369,64.6633235]]],[[[-15.5004281,64.6477006],[-15.4983253,64.6473514],[-15.498218,64.6468185],[-15.4992265,64.6464602],[-15.5022949,64.6464786],[-15.5032176,64.6462121],[-15.5039257,64.6452841],[-15.503518,64.6447695],[-15.5049986,64.6444111],[-15.5051528,64.6442432],[-15.5050045,64.6438682],[-15.5035688,64.6434748],[-15.5020667,64.6425559],[-15.5012513,64.641205],[-15.5015303,64.6408374],[-15.5025817,64.6403687],[-15.5053927,64.6399092],[-15.5070664,64.6391188],[-15.5077745,64.6383192],[-15.5082465,64.6372622],[-15.5088044,64.6366464],[-15.5092363,64.6365097],[-15.5126481,64.6365649],[-15.5149226,64.6369877],[-15.5155449,64.6376678],[-15.5153947,64.6379895],[-15.5155019,64.6382469],[-15.5162315,64.6385778],[-15.5177121,64.6387156],[-15.519021,64.6386421],[-15.5211668,64.6388627],[-15.5220036,64.6390465],[-15.523334,64.6397174],[-15.5250077,64.6398553],[-15.5262522,64.6400758],[-15.5271749,64.6400483],[-15.5285482,64.6402229],[-15.5296854,64.6404619],[-15.5309085,64.6408387],[-15.5324749,64.6415095],[-15.5327324,64.6418312],[-15.5332474,64.6420885],[-15.5341915,64.6423182],[-15.5348782,64.6428788],[-15.5356936,64.6430993],[-15.5371312,64.643182],[-15.5378823,64.6433291],[-15.5386333,64.6435772],[-15.5391483,64.6438804],[-15.539513,64.6443215],[-15.5398778,64.6445604],[-15.5400709,64.6447534],[-15.5399207,64.6449372],[-15.539513,64.6450107],[-15.5391268,64.6449831],[-15.537496,64.6448085],[-15.5367021,64.645029],[-15.5365519,64.6453782],[-15.5370883,64.6456722],[-15.5378823,64.6459663],[-15.5380325,64.6461868],[-15.5377106,64.6463706],[-15.5373244,64.6464165],[-15.5371098,64.6464992],[-15.5371527,64.6466003],[-15.5375175,64.6467289],[-15.5393414,64.6470964],[-15.539556,64.6472802],[-15.5399207,64.6474547],[-15.5399637,64.6477304],[-15.540307,64.647859],[-15.5420021,64.6478682],[-15.5427102,64.6480336],[-15.5430965,64.6483],[-15.5445771,64.6483919],[-15.5475811,64.6483],[-15.5485467,64.6484654],[-15.5491261,64.648741],[-15.5494265,64.649081],[-15.5497054,64.6492463],[-15.5518512,64.6497516],[-15.5529885,64.6501283],[-15.5536536,64.6501834],[-15.5544905,64.6502937],[-15.5563144,64.6507163],[-15.5571512,64.6507989],[-15.5576448,64.6507071],[-15.5578594,64.6507897],[-15.558031,64.6509459],[-15.5578808,64.6512215],[-15.5580739,64.6515798],[-15.5586747,64.6518278],[-15.5596189,64.6519564],[-15.5600266,64.6521769],[-15.5602412,64.6524066],[-15.5597476,64.6528659],[-15.5596403,64.6530312],[-15.5600051,64.6533987],[-15.5612926,64.6539223],[-15.5623225,64.654106],[-15.5628804,64.6545009],[-15.5628804,64.6546755]]],[[[-15.4929472,64.6665117],[-15.4946638,64.6667504],[-15.4961659,64.6670075],[-15.4967238,64.6672645],[-15.4985477,64.6676042],[-15.5010368,64.6677328],[-15.5017663,64.6682469],[-15.5016805,64.6689814],[-15.5018307,64.6694174],[-15.5028178,64.6694128],[-15.503204,64.6689538],[-15.5037834,64.6690823],[-15.50447,64.6689906],[-15.5053712,64.6692476],[-15.5063153,64.6696515],[-15.5067445,64.6695873],[-15.5076458,64.6696331],[-15.5093838,64.6697342],[-15.5107571,64.6695712],[-15.511079,64.6699774],[-15.5105211,64.6706797],[-15.5109717,64.6713774],[-15.511036,64.6718823],[-15.5113364,64.6720842],[-15.5122162,64.6740211],[-15.5126883,64.6739843],[-15.5134393,64.673048],[-15.5125703,64.6725983],[-15.5129887,64.6720016],[-15.5132677,64.6717675],[-15.5125595,64.6714967],[-15.5128492,64.6712581],[-15.5133964,64.6711571],[-15.5141689,64.6706797],[-15.5142547,64.6700555],[-15.5149199,64.6696699],[-15.5156924,64.6694955],[-15.5188895,64.6681735],[-15.5203916,64.6677603],[-15.5210353,64.6673472],[-15.5212499,64.6668055],[-15.5216576,64.6665943],[-15.5232884,64.6663648],[-15.5253268,64.6654833],[-15.5263997,64.6645192],[-15.5316998,64.6618196],[-15.5323864,64.6609288],[-15.5326868,64.6601574],[-15.5329229,64.659891],[-15.5337812,64.659487],[-15.5344464,64.6589727],[-15.5348541,64.65799],[-15.5349184,64.6573838],[-15.5345536,64.6567041],[-15.5344464,64.6557673],[-15.5344893,64.6552162],[-15.5339957,64.654665],[-15.5332018,64.6543711],[-15.5329443,64.6540772],[-15.5328156,64.6536087],[-15.5324293,64.6532596],[-15.5313994,64.6529932],[-15.5301548,64.6530483],[-15.5288888,64.6528463],[-15.5273868,64.6517898],[-15.5270864,64.651156],[-15.5274297,64.6501913],[-15.5262281,64.6487857],[-15.5238677,64.6477199],[-15.5233957,64.64704],[-15.5231382,64.6457169],[-15.5221297,64.6450462],[-15.5194474,64.6442559],[-15.5165077,64.6439067],[-15.5143405,64.6440538],[-15.5120016,64.6444948],[-15.511036,64.6446235],[-15.5096198,64.6445867],[-15.5086328,64.6446602],[-15.5072595,64.6451105],[-15.506723,64.6455975],[-15.5061436,64.6456986],[-15.504784,64.6461753],[-15.504827,64.6463867],[-15.5042476,64.6466348],[-15.5043763,64.6469288],[-15.5040759,64.6470942],[-15.502252,64.6469196],[-15.5016298,64.6469839],[-15.5009646,64.6476454],[-15.5004281,64.6477006]]],[[[-15.4617907,64.658339],[-15.4617048,64.6588625],[-15.4614259,64.6590645],[-15.4608251,64.6591196],[-15.4602672,64.6593308],[-15.4597951,64.6598451],[-15.4587651,64.6606533],[-15.4580356,64.6609563],[-15.4576708,64.6614706],[-15.4573704,64.6615532],[-15.4562117,64.6617277],[-15.4556538,64.6622971],[-15.4557825,64.6630501],[-15.4564048,64.6633255],[-15.4567267,64.6637112],[-15.456834,64.6647947],[-15.4576923,64.6654191],[-15.458057,64.6658322],[-15.4579283,64.6665576],[-15.4585935,64.6675859],[-15.4588295,64.6684856],[-15.4586149,64.6688161],[-15.4587437,64.6690456],[-15.4595162,64.6694588],[-15.4594947,64.6696699],[-15.4591299,64.6698168],[-15.4591514,64.6699912],[-15.4599882,64.6703492],[-15.460117,64.670487],[-15.4598809,64.6707807],[-15.4609753,64.6711938],[-15.4611899,64.6717446],[-15.4615117,64.6719833],[-15.4619432,64.6720937],[-15.4624988,64.6721301],[-15.4633356,64.6719465],[-15.4638077,64.671561],[-15.4643441,64.6716436],[-15.4659106,64.6714784],[-15.4665543,64.6715426],[-15.4678203,64.6719649],[-15.4683138,64.6723229],[-15.4687553,64.67238],[-15.4692365,64.6724422],[-15.4707814,64.6722862],[-15.471511,64.6719833],[-15.4711033,64.6716069],[-15.4700948,64.6714692],[-15.4697086,64.6711663],[-15.4700304,64.6707715],[-15.4710819,64.6703033],[-15.4731418,64.670184],[-15.4741718,64.6700188],[-15.4744507,64.6700279],[-15.4748584,64.6701565],[-15.4753948,64.6702391],[-15.4760386,64.670184],[-15.4765965,64.6698627],[-15.4773904,64.6697066],[-15.4783989,64.6691833],[-15.4790212,64.6692017],[-15.4796435,64.6694129],[-15.4798902,64.6694165],[-15.4802657,64.669422],[-15.4814888,64.6691833],[-15.4823257,64.6691466],[-15.4839135,64.6689079],[-15.4842783,64.6687151],[-15.484965,64.6685866],[-15.4854799,64.66866],[-15.4862095,64.6685591],[-15.4879047,64.6677511],[-15.4886128,64.667742],[-15.4905225,64.6671819],[-15.4914237,64.667237],[-15.492046,64.667136],[-15.4924537,64.6668514],[-15.4925824,64.6665759],[-15.4929472,64.6665117]]],[[[-15.4078442,64.6632681],[-15.4087026,64.6631303],[-15.4095179,64.6633966],[-15.4108483,64.6634334],[-15.4133374,64.6627814],[-15.4160411,64.6626161],[-15.4175002,64.6628549],[-15.4177577,64.663112],[-15.4171354,64.6632405],[-15.4163844,64.6635895],[-15.4161269,64.6639108],[-15.4170496,64.6640669],[-15.4169638,64.6642873],[-15.4163415,64.664425],[-15.4162146,64.6645651],[-15.4157854,64.664657],[-15.4156138,64.6648498],[-15.415764,64.6650059],[-15.4165579,64.6652262],[-15.4178239,64.6652722],[-15.4189397,64.6650977],[-15.4192401,64.6647488],[-15.4197122,64.6645009],[-15.4206349,64.6637204],[-15.4211284,64.6629674],[-15.4215361,64.6627654],[-15.4223086,64.6623338],[-15.4225875,64.662141],[-15.422845,64.6621226],[-15.4231454,64.6620308],[-15.4232312,64.6621134],[-15.4232098,64.6622512],[-15.4234029,64.662343],[-15.4238321,64.6623981],[-15.4243041,64.6626919],[-15.4244972,64.6633072],[-15.4249264,64.6638214],[-15.4256774,64.6639958],[-15.4272867,64.6641244],[-15.4284669,64.6641336],[-15.4293896,64.6639775],[-15.4303766,64.6639775],[-15.4312135,64.6638397],[-15.4320933,64.6634633],[-15.4334236,64.6631602],[-15.4350115,64.6625358],[-15.4359342,64.6620491],[-15.4370714,64.6607451],[-15.4378439,64.6591104],[-15.4390455,64.6579532],[-15.4396678,64.657641],[-15.4414917,64.6571817],[-15.4463412,64.6565664],[-15.4487015,64.6563],[-15.4494311,64.6563],[-15.4502465,64.6564561],[-15.4533364,64.6564561],[-15.4544092,64.656199],[-15.4551817,64.6562633],[-15.4558254,64.656447],[-15.4560829,64.6568786],[-15.4563833,64.6571174],[-15.4570914,64.6572277],[-15.458572,64.657145],[-15.4591514,64.6572828],[-15.4598166,64.6578338],[-15.4603316,64.6580083],[-15.4614903,64.6581002],[-15.4617907,64.658339]]],[[[-15.4049708,64.6705512],[-15.4047776,64.6699361],[-15.4050566,64.6694679],[-15.4054428,64.6693394],[-15.4061295,64.6692843],[-15.4088331,64.669367],[-15.4094983,64.6692384],[-15.4099704,64.6689171],[-15.4117943,64.6685774],[-15.4128028,64.6684948],[-15.4137255,64.6681918],[-15.4139401,64.6680725],[-15.4138972,64.6679715],[-15.4141976,64.6677236],[-15.4146267,64.6676134],[-15.4156567,64.6669983],[-15.4158713,64.6666402],[-15.4155279,64.6660985],[-15.4150988,64.6658506],[-15.4144336,64.6658231],[-15.4140688,64.6656302],[-15.413983,64.6651987],[-15.413704,64.6650059],[-15.4124166,64.6648406],[-15.4113222,64.6649783],[-15.409906,64.6646661],[-15.4092194,64.6643356],[-15.4090906,64.6640418],[-15.4082519,64.6639568],[-15.4076297,64.6636721],[-15.4078442,64.6632681]]],[[[-15.4003788,64.6712856],[-15.4014946,64.6710745],[-15.4022456,64.6707165],[-15.4040052,64.6705512],[-15.4049708,64.6705512]]],[[[-15.3895283,64.6716858],[-15.390172,64.6717042],[-15.3910517,64.6719428],[-15.3923822,64.6720163],[-15.3938413,64.6719062],[-15.3941417,64.6719704],[-15.3946782,64.6718511],[-15.395515,64.671539],[-15.3958369,64.6712544],[-15.3959656,64.6709239],[-15.3963519,64.6707036],[-15.3968025,64.6706577],[-15.3972102,64.6707862],[-15.3974033,64.6710065],[-15.3976822,64.6711351],[-15.3978539,64.6711259],[-15.3979183,64.6710249],[-15.3981543,64.6710157],[-15.3986049,64.6711718],[-15.3989841,64.6713774],[-15.3994132,64.6713774],[-15.3996707,64.6712856],[-15.400057,64.6712672],[-15.4003788,64.6712856]]],[[[-15.3792966,64.6613047],[-15.3839958,64.6650511],[-15.3849185,64.6653174],[-15.3861201,64.6662723],[-15.3868068,64.667521],[-15.3866566,64.6682463],[-15.3874076,64.6696601],[-15.3886092,64.6712299],[-15.3895283,64.6716858]]],[[[-15.3830051,64.6687481],[-15.3832448,64.6686594],[-15.3831161,64.6680535],[-15.3812707,64.6658959],[-15.3803266,64.665547],[-15.3777731,64.6632422],[-15.3778589,64.6625076],[-15.3785456,64.661323],[-15.3792966,64.6613047]]],[[[-15.3830051,64.6687481],[-15.3820395,64.6685094],[-15.3817391,64.6685462],[-15.3815031,64.6688675],[-15.3812241,64.6688491],[-15.3808594,64.6684176],[-15.3806877,64.6677658],[-15.3810525,64.6671323],[-15.3810525,64.6668385],[-15.3807092,64.6665722],[-15.3803445,64.666462],[-15.3802586,64.6662233],[-15.3805161,64.6660764],[-15.3804947,64.6658836],[-15.3802372,64.6657918],[-15.3793145,64.6657918],[-15.3789283,64.6659203],[-15.3786708,64.6661774],[-15.3779412,64.6662371],[-15.37763,64.6662624]]],[[[-15.37763,64.6662624],[-15.377233,64.6662739],[-15.3766752,64.6662463],[-15.3762889,64.6662279],[-15.3758598,64.6661453],[-15.375495,64.6659617],[-15.3748083,64.6658882],[-15.3738213,64.66598]]],[[[-15.3738213,64.66598],[-15.3733601,64.6655704],[-15.372899,64.6653628],[-15.3721483,64.665223],[-15.371634,64.6652556],[-15.3709259,64.6651454],[-15.3687801,64.6644384],[-15.3681579,64.6639518],[-15.3676429,64.6638232],[-15.3660618,64.6636602],[-15.364946,64.6637796],[-15.3613196,64.6635316],[-15.3588305,64.662898]]],[[[-15.3588305,64.662898],[-15.3577147,64.661943],[-15.3561516,64.6614412],[-15.3559123,64.6613645],[-15.3531657,64.661089],[-15.3518353,64.661089]]],[[[-15.3518353,64.661089],[-15.3506981,64.6609788],[-15.349711,64.6607676],[-15.349196,64.6603727],[-15.3454839,64.6597023],[-15.3451405,64.6591604],[-15.3447972,64.6590686],[-15.3439175,64.6591145],[-15.343381,64.6595094],[-15.3428231,64.6593625],[-15.342115,64.6586737],[-15.3402482,64.6580583],[-15.3399907,64.6577736],[-15.3399907,64.6574154],[-15.3396688,64.6572042],[-15.3392397,64.6571399],[-15.3386174,64.6574981],[-15.3375445,64.6576818],[-15.3352915,64.6570848],[-15.3326522,64.6559918],[-15.3320085,64.6549906],[-15.3316437,64.654715],[-15.3301631,64.6545038],[-15.3283177,64.654467],[-15.3272448,64.6542925],[-15.326408,64.6539159],[-15.3244124,64.651601],[-15.320314,64.6490654],[-15.3188978,64.6475587],[-15.314735,64.6451881],[-15.3141771,64.6444714],[-15.310701,64.6430287],[-15.3102289,64.6425416],[-15.3067313,64.6413653],[-15.3057872,64.6412091],[-15.3051864,64.6412091],[-15.3028046,64.6412734],[-15.3020106,64.6411723],[-15.3009377,64.6407772],[-15.2991782,64.6407864],[-15.2981482,64.6409058],[-15.2972256,64.6408783],[-15.297247,64.6406577],[-15.2983199,64.6404739],[-15.298513,64.640143],[-15.2984405,64.6399514],[-15.2981053,64.6398765],[-15.29626,64.6397846],[-15.2963887,64.6395089],[-15.2979551,64.639178],[-15.2995215,64.6386266],[-15.3031908,64.6379465],[-15.3051864,64.6374409],[-15.3058945,64.63711],[-15.3108297,64.6362552],[-15.3143488,64.6361541],[-15.3156792,64.6359243],[-15.3192411,64.635667],[-15.320078,64.6354739],[-15.3217946,64.635382],[-15.3229319,64.6348764],[-15.3232966,64.6335068],[-15.3232966,64.6325232],[-15.3229962,64.6319072],[-15.3233181,64.6315303],[-15.3239833,64.6314016],[-15.3266226,64.6314568],[-15.3286181,64.6317969],[-15.3293906,64.6323945],[-15.3292404,64.6325967],[-15.3282104,64.6329001],[-15.3279315,64.633231],[-15.3285323,64.63347],[-15.3292404,64.6335252],[-15.3302704,64.6333873],[-15.3319655,64.6330931],[-15.3329526,64.6329828],[-15.3335963,64.6330931],[-15.3341542,64.6336447],[-15.3343473,64.6354188],[-15.3349267,64.6357865],[-15.3359137,64.6359243],[-15.3364931,64.635814],[-15.3368579,64.6355107],[-15.3372656,64.6342606],[-15.3370725,64.6338837],[-15.3364073,64.6334149],[-15.3363,64.6328817],[-15.3367721,64.6325507],[-15.3379737,64.6325783],[-15.3389607,64.6324312],[-15.3417502,64.6326702],[-15.3430162,64.6326243],[-15.3439389,64.6328909],[-15.3447328,64.6327162],[-15.3466211,64.6317877],[-15.3513204,64.6304363],[-15.3540455,64.6290664],[-15.3550325,64.6283952]]],[[[-15.3550325,64.6283952],[-15.3559338,64.6274298],[-15.3563844,64.6257839],[-15.3570281,64.6254161],[-15.3581654,64.6251954],[-15.3585516,64.6248092],[-15.358337,64.6241379],[-15.3568779,64.6230068],[-15.3542171,64.6220964],[-15.3531013,64.621333],[-15.3516208,64.6208824],[-15.3499041,64.6208548],[-15.3475009,64.620395],[-15.3450762,64.6199719],[-15.3401624,64.6197328],[-15.334519,64.6193557],[-15.3289829,64.6194292],[-15.3237687,64.6196868],[-15.3195845,64.620119]]],[[[-15.3195845,64.620119],[-15.3180824,64.6206709],[-15.3179751,64.6209192],[-15.318018,64.621425],[-15.3173099,64.6217285],[-15.3175245,64.6218848],[-15.3186189,64.6219124],[-15.3217088,64.6211307],[-15.3242193,64.6206709],[-15.3261934,64.6204593],[-15.3313003,64.6205421],[-15.3349267,64.6204042],[-15.3386603,64.6201282],[-15.341879,64.6200914],[-15.3448616,64.6204593],[-15.3473507,64.6211491],[-15.3481446,64.6217377],[-15.3479086,64.6223631],[-15.3464065,64.6228045],[-15.3457843,64.6234298],[-15.3439389,64.6239172],[-15.3431664,64.6243862],[-15.3425656,64.6244781],[-15.3419004,64.6242666],[-15.3404413,64.6245425],[-15.338832,64.6245333],[-15.3373514,64.6237976],[-15.3361069,64.6235494],[-15.326408,64.6231263],[-15.3244124,64.6234206],[-15.3211938,64.6232091],[-15.3189193,64.6235402],[-15.3161512,64.623485],[-15.3037058,64.6225746],[-15.3006373,64.6216549],[-15.2989207,64.621425],[-15.293964,64.6213882],[-15.2898227,64.6217653],[-15.2844368,64.6217285],[-15.2803169,64.6213974],[-15.2770768,64.6207904],[-15.2763043,64.6204225],[-15.2714549,64.6198155],[-15.2700387,64.6193465],[-15.269631,64.6189326],[-15.2648245,64.6176541],[-15.2631533,64.6167679],[-15.2618633,64.6156121],[-15.2616917,64.6145542],[-15.2623354,64.6129903],[-15.2637731,64.6116288],[-15.2647172,64.6112331],[-15.2649103,64.6103223],[-15.2653395,64.6100831]]],[[[-15.2652536,64.6096231],[-15.2647172,64.6091906],[-15.2635156,64.608841],[-15.2616702,64.6086846],[-15.2591811,64.6078013],[-15.2576576,64.6071204],[-15.2557479,64.6068535],[-15.2548252,64.6064302],[-15.2536236,64.6063106],[-15.2526365,64.6059518],[-15.2481519,64.6055745],[-15.2438603,64.6046174],[-15.2385817,64.6034487],[-15.2348696,64.6021695],[-15.2319299,64.6007061],[-15.2280889,64.599436],[-15.2258144,64.5983683],[-15.2229842,64.5967395],[-15.2214182,64.5960086],[-15.2212676,64.5958098],[-15.2213963,64.5956993],[-15.221804,64.5956349],[-15.2226412,64.5957647],[-15.2241215,64.5955796],[-15.224379,64.5953587],[-15.2258166,64.5949445],[-15.2273401,64.5952022],[-15.2283701,64.5956901],[-15.2292713,64.5964449],[-15.2298749,64.5966315],[-15.2306925,64.5966704],[-15.231492,64.5969978],[-15.2321279,64.5970368],[-15.2347443,64.5977694],[-15.2353802,64.5981903],[-15.2363162,64.5983746],[-15.2404747,64.5998269],[-15.2426183,64.600507],[-15.2443908,64.6006997],[-15.2457631,64.6007773],[-15.2462719,64.6010735],[-15.2479434,64.6011982],[-15.2489609,64.6007929],[-15.2509595,64.6006838],[-15.2518316,64.600902],[-15.2521223,64.6011826],[-15.2554655,64.6016813],[-15.2561196,64.6015566],[-15.2577548,64.6017904],[-15.259063,64.6016813],[-15.2598988,64.601354],[-15.2618974,64.6012138],[-15.2630965,64.601432],[-15.2662943,64.6016502],[-15.2712727,64.6010111],[-15.2739254,64.6000604],[-15.2782133,64.5995148],[-15.2820652,64.5992654],[-15.2857353,64.5992187],[-15.2873342,64.5998266],[-15.2884607,64.5999201],[-15.2900233,64.5998421],[-15.2903503,64.6004033],[-15.2908954,64.600528]]],[[[-15.2908954,64.600528],[-15.2920945,64.6003253],[-15.2933664,64.6005435],[-15.2963825,64.6003877],[-15.297727,64.5998421],[-15.2980177,64.5991407],[-15.2997256,64.5982678],[-15.300089,64.5978469],[-15.3012882,64.5974417],[-15.3017969,64.5976131],[-15.302342,64.5975508],[-15.3026327,64.5970831],[-15.3025237,64.5968025],[-15.3009611,64.5967246],[-15.299871,64.5956178],[-15.2989625,64.5953839],[-15.2982721,64.5944797],[-15.2984174,64.593404],[-15.2963604,64.5928185],[-15.2953734,64.5917321],[-15.2966179,64.590793],[-15.2964462,64.5903142],[-15.2967467,64.5900564],[-15.2976908,64.590038],[-15.2980341,64.5903879],[-15.2977337,64.5909403],[-15.2979912,64.5912902],[-15.3000082,64.5915296],[-15.3004803,64.5910692],[-15.3013815,64.5911429],[-15.303184,64.5922109],[-15.303141,64.5926528],[-15.3040852,64.5930763],[-15.3044714,64.5947333],[-15.3032269,64.5953041],[-15.3032698,64.5956355],[-15.3041281,64.596151],[-15.304171,64.5969242],[-15.3054156,64.5979367],[-15.305201,64.5988204],[-15.3061022,64.5994831],[-15.3067888,64.5995935],[-15.3074326,64.5993174],[-15.306703,64.5986179],[-15.3070034,64.5981577],[-15.3079905,64.5979183],[-15.3081192,64.5972556],[-15.3098787,64.5962614],[-15.3098358,64.5954882],[-15.3083767,64.5942178],[-15.3059735,64.5933709],[-15.3055872,64.5925607],[-15.3063597,64.5917689],[-15.3063597,64.5911245],[-15.3073467,64.5906273],[-15.3107371,64.5906089],[-15.3131403,64.5909403],[-15.318891,64.5891909],[-15.3186764,64.5886937],[-15.3191914,64.5881044],[-15.3204359,64.5876992],[-15.3242125,64.5876808],[-15.3264441,64.5874322],[-15.327271,64.5875901],[-15.3280435,64.5880598],[-15.3282894,64.5884543],[-15.3280749,64.5892646],[-15.3294052,64.5891357],[-15.3315939,64.5900564],[-15.332581,64.5901301],[-15.3338255,64.5895592],[-15.3349842,64.589725],[-15.3351559,64.590259],[-15.3359284,64.5909403],[-15.3371729,64.5908851],[-15.3371729,64.5901853],[-15.3375591,64.5896881],[-15.3383316,64.5895961],[-15.3397478,64.5881228],[-15.3415074,64.5885648],[-15.3419794,64.5880123],[-15.3429665,64.5878834],[-15.343224,64.5875519],[-15.3423657,64.5872941],[-15.3403486,64.5874598],[-15.3388895,64.5869442],[-15.3375162,64.5869073],[-15.3357996,64.5874783],[-15.3347696,64.5874046],[-15.3324093,64.5886385],[-15.3312935,64.5885096],[-15.3306498,64.5880123],[-15.3320231,64.5872388],[-15.3331747,64.5862744],[-15.3358354,64.5851049],[-15.3371873,64.5850036],[-15.3381958,64.5844879],[-15.3404059,64.5841379],[-15.3415217,64.5842116],[-15.3420367,64.5840274],[-15.342144,64.5832538],[-15.3425302,64.5829775],[-15.3439035,64.582867],[-15.3442683,64.5826828],[-15.3434529,64.5823052],[-15.3431954,64.5819736],[-15.3433027,64.5816789],[-15.342659,64.5811539],[-15.3412213,64.5805368]]],[[[-15.3412213,64.5805368],[-15.3398266,64.5804171],[-15.3371229,64.5807579],[-15.3364577,64.5809513],[-15.3353205,64.5807395],[-15.3346338,64.580721],[-15.3343119,64.58085],[-15.3348055,64.5811447],[-15.3344192,64.5818723],[-15.333754,64.5823328],[-15.333754,64.5827749],[-15.3327455,64.5832354],[-15.3316297,64.5841655],[-15.3317156,64.5842576],[-15.3322091,64.584184],[-15.3330245,64.5837603],[-15.334269,64.5838064],[-15.3343978,64.584055],[-15.332488,64.5859521],[-15.3313618,64.5867789],[-15.331036,64.5868521],[-15.3306069,64.5873125],[-15.3293194,64.5874783],[-15.3282796,64.5872218],[-15.3279148,64.5869456],[-15.3279461,64.5865758],[-15.3268303,64.5861154],[-15.3270449,64.5855997],[-15.3289761,64.5851024],[-15.3286757,64.584421],[-15.3258433,64.5840526],[-15.324842,64.583308],[-15.3250566,64.5827002],[-15.3245845,64.5816318],[-15.3240695,64.579845],[-15.3233829,64.5792371],[-15.3172889,64.5780764],[-15.30862,64.5762157],[-15.3069034,64.5756077],[-15.3046289,64.5738205],[-15.3059592,64.5730097],[-15.3074184,64.5726781],[-15.3104653,64.5728439],[-15.3140702,64.5732861],[-15.3174605,64.5735994],[-15.3190484,64.573931],[-15.319778,64.5746128],[-15.3203359,64.5747049],[-15.3209367,64.5743364],[-15.3214088,64.5733782],[-15.3210654,64.5724569],[-15.321795,64.5720515],[-15.3252711,64.5720331],[-15.3300777,64.5726412],[-15.3339829,64.5737468],[-15.3386178,64.5740231],[-15.3421369,64.5747417],[-15.3450122,64.5753866]]],[[[-15.3450122,64.5753866],[-15.3458705,64.5753129],[-15.3463855,64.5746865],[-15.3460851,64.5736546],[-15.3462567,64.5732493],[-15.3480163,64.5726965],[-15.3475442,64.5706879],[-15.3488746,64.5707985],[-15.3510203,64.5715724],[-15.3519216,64.5723648],[-15.353209,64.5729729],[-15.3545394,64.5730466],[-15.3558269,64.5735257],[-15.3567151,64.5733729],[-15.3588166,64.5736926],[-15.3614559,64.5742914],[-15.3620782,64.574319],[-15.3623786,64.5741071],[-15.3619709,64.5737202],[-15.3571429,64.572458],[-15.3558984,64.5719881],[-15.3546324,64.5710207],[-15.3535595,64.5705231],[-15.3514995,64.5697215],[-15.3505125,64.5691042],[-15.3490748,64.5673073],[-15.3480878,64.5666899],[-15.3454914,64.5657315],[-15.3439035,64.5647638],[-15.3427234,64.5643123],[-15.3407922,64.563962],[-15.3391614,64.5633538],[-15.33811,64.5625612],[-15.3372946,64.5622201],[-15.3337111,64.5614551],[-15.3323593,64.5607639]]],[[[-15.3323593,64.5607639],[-15.3310504,64.5595748],[-15.3291063,64.5585739],[-15.3265099,64.5579102],[-15.3252439,64.5577535],[-15.3242354,64.5574124],[-15.3236346,64.5565735],[-15.3218536,64.5559466],[-15.3212957,64.5554304],[-15.321124,64.5550985],[-15.320609,64.5549694],[-15.3195147,64.5549602],[-15.3174977,64.5553013],[-15.3157382,64.555458],[-15.3143863,64.5553474],[-15.3123908,64.5550063],[-15.3108673,64.5545269],[-15.3104596,64.5541765],[-15.3104381,64.5539553],[-15.3112964,64.5534943],[-15.3097085,64.5531347],[-15.3085927,64.5525631],[-15.3085069,64.552222],[-15.3093009,64.5515858],[-15.309215,64.5514382],[-15.3082923,64.5513645],[-15.3070263,64.551134],[-15.3058891,64.5506176],[-15.3052883,64.5498062],[-15.3040437,64.5495572],[-15.3024988,64.5487826],[-15.3023056,64.5484968],[-15.302885,64.5484414],[-15.3030567,64.548174],[-15.3030781,64.5477498]]],[[[-15.3030781,64.5477498],[-15.3036146,64.5476115],[-15.3045158,64.5476207],[-15.3059749,64.547925],[-15.3076272,64.5486074],[-15.3084211,64.5487181],[-15.3092579,64.548589],[-15.3099446,64.5482386],[-15.3107171,64.5480634],[-15.3109531,64.5477129],[-15.3118758,64.5477683],[-15.3126912,64.5482386],[-15.3133778,64.5492437],[-15.3137855,64.5494742],[-15.3139786,64.5494189],[-15.3142361,64.5490501],[-15.3155665,64.548755],[-15.3159313,64.5483677],[-15.3165106,64.5483308],[-15.3205876,64.5495388],[-15.3223815,64.5498668],[-15.3229179,64.5497931],[-15.3234973,64.5494796],[-15.3234758,64.5492859],[-15.3256431,64.5485574],[-15.3262439,64.5485113],[-15.3269734,64.5480134],[-15.3283038,64.5480687],[-15.3290119,64.5484837],[-15.3289261,64.5490185],[-15.3285399,64.5491753],[-15.3285399,64.549415],[-15.3287974,64.5495625],[-15.3286257,64.5497746],[-15.3287974,64.5499683],[-15.3296986,64.5500051],[-15.3307715,64.5499498],[-15.3306642,64.5497654],[-15.3297415,64.5494242],[-15.3297629,64.5492306],[-15.3301706,64.5491753],[-15.332531,64.5500144],[-15.333282,64.5501342],[-15.3348484,64.5501158],[-15.3351274,64.549959]]],[[[-15.3351274,64.549959],[-15.3349128,64.5497101],[-15.3339472,64.5493689],[-15.3336039,64.5486496],[-15.3336039,64.5481517],[-15.3330889,64.5474416],[-15.3334537,64.5469713],[-15.3344622,64.5468699],[-15.3351917,64.546501],[-15.3350844,64.546335],[-15.3337541,64.5461967],[-15.3337112,64.5459292],[-15.3345051,64.5453759],[-15.3347197,64.5436881],[-15.3355994,64.5430056],[-15.3360071,64.5421202],[-15.336565,64.5416682],[-15.3376379,64.5416774],[-15.3390112,64.5422216],[-15.3395476,64.5423231],[-15.3405562,64.5421847],[-15.3418007,64.5416498],[-15.3426161,64.5414561],[-15.3435817,64.5414837],[-15.3448906,64.5412808],[-15.3472939,64.5405245],[-15.3495684,64.539353],[-15.352315,64.5390117],[-15.3532591,64.5387442],[-15.3543105,64.5389102],[-15.3556624,64.5389286],[-15.3561773,64.5385504],[-15.3571429,64.5385966],[-15.3574004,64.5393806],[-15.3587952,64.539353],[-15.3596964,64.5396205],[-15.3603187,64.540054],[-15.3610911,64.5402293],[-15.3613486,64.5403861],[-15.3622284,64.5413823],[-15.3626146,64.5414192],[-15.3639879,64.5414284],[-15.3647819,64.541576],[-15.3650608,64.5419726],[-15.3648892,64.5424153],[-15.365211,64.5426551],[-15.3676787,64.5431716],[-15.3700175,64.5429872],[-15.3716269,64.5427474],[-15.3737083,64.5421294],[-15.3747811,64.5419449],[-15.3756609,64.5420187],[-15.375854,64.5422032],[-15.3761759,64.5422585],[-15.3767552,64.5420556],[-15.3772487,64.5418343],[-15.3780641,64.541659],[-15.3789654,64.5417328],[-15.3798022,64.5421202],[-15.3805747,64.5422216],[-15.3815403,64.5421017],[-15.3825059,64.5421755],[-15.3832784,64.5423784],[-15.383965,64.5424246],[-15.3852525,64.5422401],[-15.3860249,64.5422954],[-15.3864326,64.5425076],[-15.3869905,64.5423877],[-15.3870764,64.5421386],[-15.3874197,64.5420003],[-15.389029,64.5417974]]],[[[-15.389029,64.5417974],[-15.3894796,64.5413915],[-15.3908744,64.540709],[-15.3911319,64.54034],[-15.3906812,64.5399895],[-15.3907885,64.5397312],[-15.3913679,64.5393161],[-15.3929128,64.5390763],[-15.3936639,64.5384767],[-15.3940501,64.5380615],[-15.3937712,64.537794],[-15.3925266,64.537711],[-15.3906169,64.5378032],[-15.3896298,64.5376741],[-15.3894152,64.5373143],[-15.3900804,64.5366132],[-15.391325,64.5362257],[-15.3919043,64.5356353],[-15.3917112,64.5353677],[-15.3908958,64.5353493],[-15.3899088,64.5350817],[-15.3894582,64.5345466],[-15.3899731,64.5335041],[-15.3909387,64.5327936],[-15.3905525,64.5320278],[-15.3902736,64.5318525],[-15.3896727,64.5318986],[-15.3888359,64.531548],[-15.3884282,64.5309759],[-15.3880205,64.5309667],[-15.3880634,64.5311235],[-15.3876557,64.5314096],[-15.3867545,64.5314003],[-15.3838577,64.5297763],[-15.3834071,64.5296564],[-15.3829994,64.529721],[-15.3828277,64.5299424],[-15.3825917,64.5300716],[-15.3822484,64.5300808],[-15.3816905,64.5298686],[-15.3814759,64.5294072],[-15.3811326,64.5288812],[-15.3814974,64.5283644],[-15.3810038,64.5273216],[-15.3809395,64.5265003],[-15.3806391,64.5260112],[-15.3800168,64.5256512],[-15.3794803,64.525079],[-15.3796862,64.5243232],[-15.3795359,64.5236125],[-15.378742,64.5232433],[-15.3785918,64.5228834],[-15.3796432,64.5223572],[-15.3794716,64.5220896],[-15.3775618,64.5211757],[-15.3766606,64.5209173],[-15.3746651,64.5198557],[-15.3740857,64.5194588],[-15.3739355,64.5189418],[-15.3730986,64.5187665],[-15.3724335,64.5185357],[-15.3712747,64.5178895],[-15.3690861,64.517077],[-15.3656957,64.5153783],[-15.3642795,64.5145474],[-15.3627131,64.5141411],[-15.3599022,64.5129593],[-15.3589795,64.512276],[-15.3568766,64.5115281],[-15.3546021,64.5105308],[-15.3535078,64.5097551],[-15.3501604,64.5083976],[-15.349109,64.5076034],[-15.348315,64.5067999],[-15.3476069,64.5065413],[-15.3467057,64.506412],[-15.3460191,64.5060241],[-15.3441952,64.5058209],[-15.3424547,64.5051761],[-15.3416393,64.5045665],[-15.3404162,64.5044095],[-15.3369186,64.5036151],[-15.3356097,64.5031903],[-15.3339145,64.5028393],[-15.3327558,64.5027746],[-15.3292796,64.5018694],[-15.3279922,64.5012135],[-15.326576,64.5008995],[-15.3242371,64.5004838],[-15.3232071,64.5002066],[-15.3207824,64.4998187],[-15.3182504,64.4992736],[-15.3157828,64.4985161],[-15.3148815,64.4983683]]],[[[-15.3148815,64.4983683],[-15.3146241,64.4982667],[-15.3148293,64.4981771],[-15.3148552,64.4981],[-15.3146884,64.4979433],[-15.3138087,64.497583],[-15.3119633,64.4971395],[-15.3114269,64.4968716],[-15.3102681,64.4957167],[-15.3104183,64.4954119],[-15.3109977,64.4950238],[-15.3118989,64.4946912],[-15.313401,64.4943401],[-15.3153322,64.4941738],[-15.317435,64.4943216],[-15.3198812,64.4949129],[-15.3221128,64.495301],[-15.3255889,64.4953841],[-15.3281638,64.4956244],[-15.3310821,64.4955782],[-15.3332064,64.4960124],[-15.3344509,64.4960124],[-15.3347299,64.4958738],[-15.335438,64.4959108],[-15.3379915,64.4962619],[-15.3394935,64.4963173],[-15.3414891,64.4967977],[-15.3441498,64.4971765],[-15.3457377,64.4972597],[-15.3476903,64.4975922],[-15.3492782,64.4982112],[-15.3506515,64.4985623],[-15.3502652,64.4993106],[-15.3509519,64.500105],[-15.35166,64.5004099],[-15.3541276,64.5007609],[-15.3551576,64.5009641],[-15.355973,64.5015091],[-15.3584406,64.5020172],[-15.3596623,64.5020691],[-15.3621513,64.5031683],[-15.3629667,64.5036486],[-15.364855,64.5043321],[-15.3682882,64.5062347],[-15.3695757,64.5066319],[-15.3713781,64.5070567],[-15.3726442,64.5070382],[-15.3746826,64.5074723],[-15.3762705,64.5076939]]],[[[-15.3762705,64.5076939],[-15.3794248,64.5084143],[-15.3870422,64.5105105],[-15.3963334,64.5139454],[-15.4021914,64.5166875],[-15.4028995,64.5169183],[-15.4028566,64.5166044],[-15.4007108,64.5153303],[-15.4007108,64.5149241],[-15.401376,64.5143147],[-15.4008395,64.5133545],[-15.4014833,64.5134007],[-15.4021699,64.5135299],[-15.4025776,64.51389],[-15.4048092,64.5141486],[-15.4072983,64.5147856],[-15.4081995,64.5151642],[-15.4088218,64.5165398],[-15.4092509,64.5170199],[-15.4101307,64.5172045],[-15.4109676,64.5177215],[-15.4108173,64.5180446],[-15.4101092,64.5180446],[-15.4092295,64.51834],[-15.409208,64.5186631],[-15.4098947,64.5188662],[-15.4121089,64.5189222],[-15.4133105,64.519393],[-15.4153919,64.52003],[-15.4172158,64.5207684],[-15.4167223,64.5209346],[-15.4168296,64.52111],[-15.4183531,64.5216915],[-15.4192972,64.5218207],[-15.4202199,64.5222822],[-15.4200482,64.5225038],[-15.4190182,64.5225868],[-15.4191899,64.522753],[-15.4206276,64.5230299],[-15.4210567,64.523436],[-15.4222584,64.5236206],[-15.4234385,64.5241467],[-15.4239321,64.5245712],[-15.4247904,64.5246451],[-15.4251337,64.5248112],[-15.4255843,64.524802],[-15.4260993,64.5249127],[-15.4264211,64.5251711]]],[[[-15.4264211,64.5251711],[-15.4270863,64.5252542],[-15.428009,64.5250235],[-15.4285884,64.5250604],[-15.4291677,64.5249958],[-15.4293823,64.5247466],[-15.4311633,64.5244605],[-15.432086,64.5238882],[-15.4321289,64.5233345],[-15.432837,64.5230206],[-15.4330301,64.5228176],[-15.4326439,64.5224668],[-15.432837,64.5221992],[-15.4327082,64.5218946],[-15.4328799,64.5215438],[-15.4339313,64.52135],[-15.434618,64.5206484],[-15.4359913,64.52027],[-15.4372787,64.5201407],[-15.4373216,64.5199561],[-15.4368067,64.5198546],[-15.4359913,64.5199469],[-15.4355407,64.5198915],[-15.4354763,64.5196238],[-15.4364633,64.5190515],[-15.4388237,64.5185437],[-15.4411626,64.5183314],[-15.4418492,64.5186268],[-15.4423427,64.5186545],[-15.4424929,64.5185437],[-15.4422354,64.5182668],[-15.4422998,64.5177498],[-15.4414844,64.5174636],[-15.4401326,64.5172605],[-15.4395532,64.5169189],[-15.4395275,64.5164892],[-15.4397421,64.516166],[-15.440021,64.5152243],[-15.4413299,64.5147996],[-15.4413085,64.5137932],[-15.4407935,64.5135716],[-15.4387336,64.5134147],[-15.4379396,64.5131838],[-15.4378752,64.5128145],[-15.439034,64.5121774],[-15.4404073,64.5118542],[-15.4421882,64.5121405],[-15.442832,64.5120851],[-15.4431109,64.5117526],[-15.442553,64.5109585],[-15.4412012,64.5108015],[-15.4390983,64.5103306],[-15.4376392,64.5097119],[-15.4378538,64.5094903],[-15.4387121,64.509481],[-15.4407291,64.5086407],[-15.4423599,64.5082713],[-15.4432397,64.5072462],[-15.4442696,64.5063042],[-15.4452996,64.5060825],[-15.4460721,64.5061841],[-15.446115,64.5064427],[-15.4458146,64.5071169],[-15.4448919,64.5074955],[-15.4449992,64.5080496],[-15.4455356,64.5083082],[-15.4465227,64.5083175],[-15.4472952,64.5085299],[-15.4479389,64.508576],[-15.4487543,64.5083821],[-15.4496341,64.5085114],[-15.4498486,64.5089731],[-15.4502563,64.5091116],[-15.4504065,64.5097119],[-15.4516082,64.5099705],[-15.4523163,64.5099428],[-15.4545693,64.5102383],[-15.4546551,64.5107369],[-15.4535823,64.5114849],[-15.4533677,64.5122236],[-15.4515652,64.5132208],[-15.4512648,64.5135809],[-15.4516296,64.5138025],[-15.4520373,64.5138209],[-15.4530673,64.5133223],[-15.4541187,64.5132854],[-15.4555564,64.5127591],[-15.4556851,64.5125652],[-15.4580669,64.5118911],[-15.45929,64.5119281],[-15.4592042,64.5123528],[-15.4610066,64.512399],[-15.4640751,64.5122974],[-15.465384,64.5124913],[-15.4657488,64.5135162],[-15.4651265,64.5144672],[-15.4625087,64.5153259],[-15.4624228,64.5157044],[-15.4638176,64.5161014],[-15.4668431,64.5161568],[-15.4689889,64.5166738],[-15.4696111,64.5170339],[-15.4694395,64.5175324],[-15.467637,64.5176432],[-15.4636459,64.51732],[-15.4626803,64.5175601],[-15.4613499,64.5175508],[-15.4604916,64.5179109],[-15.4601483,64.5182248],[-15.4603414,64.5185017],[-15.4620795,64.5187417],[-15.4633455,64.5187048],[-15.4648905,64.5189264],[-15.4664783,64.5196741],[-15.4671864,64.5196556],[-15.4683237,64.5198033],[-15.4691605,64.5196833],[-15.4696111,64.5198033],[-15.4697184,64.5203203],[-15.4702978,64.5204772],[-15.4708557,64.5204403],[-15.4716282,64.5205787],[-15.4717784,64.5209203],[-15.4721002,64.5211233],[-15.4725938,64.5211233],[-15.4731087,64.5207541],[-15.4753618,64.520791],[-15.4763489,64.5210956],[-15.4766707,64.5216125],[-15.4754691,64.5221479],[-15.4753403,64.5226187],[-15.4756193,64.5229879],[-15.4763489,64.5229879],[-15.4762201,64.5234863],[-15.4758339,64.5235878],[-15.4757266,64.5237632],[-15.4761343,64.523957],[-15.4772286,64.5239201],[-15.4776578,64.5235232],[-15.4786019,64.5228309],[-15.4790096,64.5228033],[-15.4796748,64.5231632],[-15.4799752,64.5230986],[-15.48034,64.5225171],[-15.4797606,64.521391],[-15.4792456,64.5205603],[-15.4795246,64.5196925],[-15.4801039,64.5193141],[-15.4809623,64.5192033],[-15.4816489,64.5188156],[-15.4818849,64.5181232],[-15.4837732,64.5176801],[-15.4844384,64.5171908],[-15.4867129,64.5162307],[-15.4880218,64.5159352],[-15.4902105,64.5149381],[-15.4904465,64.5145042],[-15.4908542,64.5142272],[-15.4928283,64.5138486],[-15.4938369,64.5132485],[-15.4946093,64.5129807],[-15.495296,64.5130084],[-15.4958753,64.5128422],[-15.4963474,64.5124636],[-15.4961757,64.5120943],[-15.4982786,64.5112355],[-15.4994588,64.5110232],[-15.5005102,64.5104229],[-15.5002956,64.5102844],[-15.4997806,64.5103768],[-15.4993086,64.5103214],[-15.4994945,64.5098586],[-15.5003253,64.5091661]]],[[[-15.5003253,64.5091661],[-15.5004887,64.5089638],[-15.5003599,64.5086221],[-15.4996518,64.5082712],[-15.4997377,64.5080773],[-15.4991154,64.5080034],[-15.4984502,64.5075878],[-15.4977636,64.5075139],[-15.4977636,64.5072369],[-15.4972486,64.5071168],[-15.4972486,64.5068767],[-15.4976992,64.5067105],[-15.4976992,64.5061009],[-15.4983,64.5058515],[-15.4991798,64.5058331],[-15.4992871,64.5062671],[-15.4996948,64.5062302],[-15.5013685,64.5055745],[-15.5019693,64.505205],[-15.5022482,64.5047894],[-15.5017118,64.5043276],[-15.5017761,64.5038565],[-15.5030422,64.5034871],[-15.5049519,64.5031915],[-15.5060033,64.5026373],[-15.5062393,64.5023787],[-15.5068831,64.502314],[-15.5072908,64.5020369],[-15.5071835,64.5018521],[-15.5065183,64.5018244],[-15.5064968,64.5016027],[-15.5071191,64.5013995],[-15.5073766,64.5010762],[-15.5071835,64.5007621],[-15.5067245,64.5004893],[-15.5067888,64.4998057],[-15.5073896,64.4985678],[-15.5088702,64.4972929],[-15.5090419,64.4963135],[-15.5095139,64.4961657],[-15.5099646,64.4959163],[-15.5114022,64.4953434],[-15.513269,64.4952418],[-15.5152002,64.494401],[-15.5155006,64.493902],[-15.5155221,64.4928856],[-15.5160585,64.4921834],[-15.5153934,64.4910653],[-15.5155006,64.4904369],[-15.5158828,64.4903286],[-15.5166982,64.4902547],[-15.5172561,64.4897556],[-15.5182002,64.4894969],[-15.5197666,64.4888408],[-15.5201529,64.4883417],[-15.5204533,64.4881199],[-15.5224703,64.4876486],[-15.5241654,64.4863547],[-15.5241869,64.4860312],[-15.5245946,64.485643],[-15.5247019,64.4863177],[-15.5245302,64.4868445],[-15.5245517,64.4870571],[-15.5250881,64.4870109],[-15.5253885,64.4869],[-15.5261395,64.4868168],[-15.5273197,64.4861698],[-15.5281995,64.4850699],[-15.5284999,64.4842658],[-15.5294011,64.4836742],[-15.5313538,64.4825743],[-15.5313108,64.482297],[-15.5316542,64.4819919],[-15.5323408,64.4816869],[-15.5325554,64.4813448],[-15.5331562,64.4811137],[-15.5333279,64.4807625],[-15.5337356,64.4805868],[-15.533757,64.4803927],[-15.5333493,64.4801338],[-15.5344866,64.4792926],[-15.5337356,64.4785622],[-15.5327271,64.4782202],[-15.5318044,64.478063],[-15.5310748,64.4783496],[-15.5307918,64.4785582],[-15.5303626,64.4784935],[-15.5299479,64.4779982],[-15.528918,64.4770367],[-15.5283601,64.4767963],[-15.5275447,64.4760012],[-15.5276305,64.4749472],[-15.5273301,64.4745218],[-15.5259139,64.4734492],[-15.5260426,64.4730239],[-15.5256993,64.4721916],[-15.5248839,64.4714334],[-15.5247123,64.471008],[-15.5235965,64.4702127],[-15.5224807,64.4699722],[-15.5199487,64.4698613],[-15.5195195,64.4695098],[-15.5190903,64.4686405],[-15.5193049,64.4683446],[-15.5185754,64.4674567],[-15.5186612,64.4671052],[-15.5190474,64.4669018],[-15.5183179,64.4660878],[-15.5150134,64.4636644],[-15.5132968,64.4632759],[-15.5124814,64.4628689],[-15.5124385,64.4625174],[-15.5117518,64.4620364],[-15.5115802,64.4616108],[-15.509134,64.4606117],[-15.506087,64.4600752],[-15.50407,64.4600567],[-15.5036408,64.4597976],[-15.499478,64.4592981],[-15.4969889,64.4592981],[-15.4941565,64.458854],[-15.4894358,64.4585394],[-15.4838569,64.4585949],[-15.4820544,64.4583174],[-15.4814107,64.4578363],[-15.4814107,64.4573922],[-15.4814107,64.4571516],[-15.4794366,64.4569573],[-15.4788787,64.4569897],[-15.4731709,64.4563189]]],[[[-15.4707744,64.4556628],[-15.470596,64.4552826],[-15.4705531,64.4544868],[-15.4709822,64.4538391],[-15.4704243,64.4519699],[-15.469094,64.4515997],[-15.4680211,64.4513591],[-15.4662187,64.4512295],[-15.4658539,64.4508964],[-15.4653174,64.4508409],[-15.4642874,64.4509889],[-15.4625649,64.4505099]]],[[[-15.4625649,64.4505099],[-15.4616267,64.4496007],[-15.4604203,64.4479413],[-15.4600388,64.4474165],[-15.4593522,64.4471574],[-15.4595239,64.4467871],[-15.4600388,64.4466576],[-15.4595239,64.4461207],[-15.4571206,64.4457875],[-15.4570777,64.4454728],[-15.457936,64.445047],[-15.4581506,64.4445286],[-15.4573781,64.4437326],[-15.4576356,64.4434549],[-15.4551036,64.4414183],[-15.453344,64.4408351],[-15.4520566,64.4406221],[-15.4513751,64.4406254]]],[[[-15.4513751,64.4406254],[-15.4505975,64.4406962],[-15.4497177,64.4410572],[-15.4487092,64.441622],[-15.4458338,64.4412886],[-15.4448039,64.4405851],[-15.4414994,64.4382705],[-15.4393107,64.4376409],[-15.4351837,64.4358447],[-15.4344729,64.4352785],[-15.4353121,64.435114],[-15.4365567,64.4348455],[-15.4364708,64.4342992],[-15.4350761,64.4334843],[-15.4385737,64.4308913],[-15.4428438,64.4293909],[-15.4459337,64.4290946],[-15.4490879,64.4297058],[-15.45162,64.4313266],[-15.4545167,64.4322063],[-15.458186,64.4334935],[-15.4635504,64.4338084]]],[[[-15.4635504,64.4338084],[-15.465546,64.4330953],[-15.4687217,64.4326138],[-15.4718116,64.4330676],[-15.4767683,64.431947],[-15.4781202,64.4319748],[-15.480974,64.4315303],[-15.4830125,64.431521],[-15.4859093,64.4307801],[-15.4917887,64.4305671],[-15.4949215,64.4316044],[-15.4987839,64.4315859],[-15.5010799,64.431271],[-15.5030969,64.4316599],[-15.5068949,64.4319007]]],[[[-15.5068949,64.4319007],[-15.5071645,64.432157],[-15.5075507,64.4321755],[-15.5080228,64.4322681],[-15.5083447,64.4326756],[-15.5093317,64.4328423],[-15.5110483,64.4329349],[-15.5116492,64.433296],[-15.5131083,64.4334997],[-15.5133443,64.4340831],[-15.5137735,64.4342683],[-15.5144816,64.4343239],[-15.5157015,64.4338932],[-15.5168603,64.433745],[-15.5173752,64.433708],[-15.5179761,64.4339765],[-15.5189416,64.4340228],[-15.5196498,64.434421],[-15.5199931,64.4343377],[-15.520551,64.4346155],[-15.5206926,64.435039],[-15.5206497,64.4354835],[-15.5211003,64.4356224],[-15.5215509,64.4360761],[-15.5214221,64.4365298],[-15.5218942,64.4367983],[-15.5228813,64.436789]]],[[[-15.5228813,64.436789],[-15.523761,64.437215],[-15.5240185,64.4376409],[-15.5250056,64.4378446],[-15.525778,64.438289],[-15.526293,64.4393167],[-15.5266364,64.4393352],[-15.5277522,64.4401591],[-15.5288894,64.4402795],[-15.529619,64.4406961],[-15.5315287,64.4410109],[-15.5324943,64.4410109],[-15.5332453,64.4416219],[-15.5337818,64.4424273],[-15.5351121,64.4431401],[-15.5351336,64.4438158],[-15.5370862,64.4446952],[-15.5377085,64.4447322],[-15.5378373,64.4449821],[-15.5385668,64.4451673],[-15.5394037,64.4451488],[-15.5406268,64.445482],[-15.5410559,64.445843],[-15.541764,64.4460466],[-15.5418498,64.4462039],[-15.5415494,64.4463891],[-15.541528,64.4470277],[-15.5419357,64.4472036],[-15.5421502,64.4479162],[-15.5424077,64.4480551],[-15.542853,64.4490039],[-15.542853,64.4495592],[-15.5423594,64.4497258],[-15.5423399,64.449919],[-15.5423165,64.4501515],[-15.5427671,64.4504199],[-15.5428744,64.4506975],[-15.5420161,64.4511232],[-15.5418445,64.4514379],[-15.5414153,64.4517803],[-15.5408145,64.4519931],[-15.5400635,64.4529],[-15.540042,64.4532424],[-15.5395914,64.4536218],[-15.5394197,64.4540289],[-15.5384756,64.4546211],[-15.5381752,64.4559443],[-15.538261,64.456777]]],[[[-15.538261,64.456777],[-15.5386687,64.4567955],[-15.5385829,64.4572026],[-15.5387116,64.4580815],[-15.5397845,64.4587384],[-15.5397201,64.4590622],[-15.5402351,64.4592935],[-15.5412222,64.4593028],[-15.5415011,64.4593583],[-15.5416299,64.4594786],[-15.5410291,64.4602927],[-15.541587,64.4607737],[-15.5416943,64.4611345],[-15.5422307,64.4612548],[-15.5424667,64.4616156],[-15.5431105,64.4617821],[-15.5433894,64.4620688],[-15.5440331,64.4621983],[-15.5460931,64.4636784],[-15.5475093,64.4643074],[-15.5480028,64.4642426],[-15.5510498,64.4655283],[-15.5530883,64.4657781],[-15.553496,64.4657411],[-15.5536891,64.4652879],[-15.5555345,64.4650844],[-15.5558563,64.4653341],[-15.5573154,64.4657873],[-15.557294,64.4660925],[-15.5581952,64.466407],[-15.5584956,64.4671839],[-15.5612851,64.4679701],[-15.5613066,64.4682475],[-15.5618859,64.468636],[-15.5620147,64.4690706],[-15.5626799,64.4692833],[-15.5641175,64.4691076],[-15.5656839,64.4692371],[-15.566435,64.4690336],[-15.5687953,64.4691724],[-15.5702544,64.469533],[-15.5704261,64.4698105],[-15.5721212,64.4701157],[-15.5724646,64.4703284],[-15.573752,64.4704301],[-15.5751897,64.470985],[-15.5757476,64.4710497],[-15.5788804,64.4720207],[-15.5796743,64.4721501],[-15.5819918,64.4730748],[-15.5824638,64.473417],[-15.5847598,64.4737313],[-15.5849315,64.4739625],[-15.5864335,64.4741474],[-15.5885793,64.4741937],[-15.589974,64.4746005],[-15.5917121,64.4749611],[-15.5924202,64.4754142],[-15.5925489,64.4756268],[-15.5924801,64.4756587],[-15.5921434,64.4755961],[-15.5917979,64.4755899],[-15.5916263,64.475784],[-15.5929566,64.4765329],[-15.5951239,64.4774945],[-15.5969692,64.4780677],[-15.5970765,64.4783265],[-15.598879,64.4788165],[-15.6000377,64.4789182],[-15.6008176,64.4792478],[-15.602233,64.4795326],[-15.6031763,64.4798173],[-15.6044423,64.4798636],[-15.6048714,64.4800669],[-15.6053006,64.4800993]]],[[[-15.6053006,64.4800993],[-15.6057727,64.4800392],[-15.606116,64.479882],[-15.6065022,64.4794291],[-15.607382,64.4792257],[-15.6077468,64.4788004],[-15.6076824,64.4785785],[-15.6072318,64.4783751],[-15.6072962,64.4780053],[-15.6078755,64.477765],[-15.6089055,64.4777187],[-15.6091844,64.4774876],[-15.6109654,64.4768959],[-15.6115019,64.4765538],[-15.6116092,64.4763411],[-15.6122958,64.4758881],[-15.6122743,64.474982],[-15.612682,64.474307],[-15.6135618,64.4738262],[-15.6136905,64.4736228],[-15.6133901,64.4733638],[-15.6134116,64.4730864],[-15.6138193,64.4729107],[-15.6145489,64.47292],[-15.6147849,64.4727443],[-15.6148493,64.4722172],[-15.615214,64.4720323],[-15.6160509,64.4719306],[-15.6165873,64.4712555],[-15.6165444,64.4709318],[-15.6169521,64.4706822],[-15.6176173,64.4704695],[-15.6184756,64.4707006],[-15.6190335,64.4705619],[-15.6191408,64.4704047],[-15.6188189,64.4700441],[-15.6194197,64.4688418],[-15.6197202,64.4680094],[-15.6206214,64.4677135],[-15.6209647,64.4671863],[-15.6206428,64.4665296],[-15.6210934,64.4661504],[-15.6218659,64.4660209],[-15.6225955,64.465577],[-15.6227671,64.4652255],[-15.6225526,64.464874],[-15.6243121,64.4637825],[-15.6251606,64.4629226],[-15.6259643,64.4621082],[-15.6275737,64.4606281],[-15.6283561,64.4596081],[-15.6299655,64.4585719],[-15.6303517,64.4577023],[-15.631961,64.4570731],[-15.6326691,64.4565827],[-15.6326477,64.4563329],[-15.6342785,64.455824],[-15.6349651,64.4550375],[-15.6352655,64.4550098],[-15.6355874,64.4551393],[-15.6361882,64.4550375],[-15.637025,64.4542325],[-15.6373898,64.4539919],[-15.6382696,64.4538902],[-15.6386987,64.4539364],[-15.6394712,64.4538346],[-15.6399433,64.4539364],[-15.6404368,64.4536126],[-15.640866,64.4536126],[-15.6416384,64.4538161],[-15.642883,64.4538531],[-15.6438915,64.4534552],[-15.6442992,64.4528723],[-15.6453935,64.4526224],[-15.6463162,64.4525576],[-15.6471531,64.4523726],[-15.6473891,64.4520857],[-15.6481401,64.4519191],[-15.6484834,64.4516878],[-15.6495992,64.4514101],[-15.6499426,64.4512436],[-15.6513802,64.4512528],[-15.651745,64.4510215],[-15.6516162,64.4507716],[-15.6510369,64.450642],[-15.6511656,64.4503181],[-15.6520239,64.450022],[-15.652732,64.4499479],[-15.6532782,64.4499883],[-15.6551138,64.4501238],[-15.6552855,64.4501886],[-15.6556288,64.4500868],[-15.6558434,64.4495778],[-15.6567232,64.4488466],[-15.6571309,64.4490132],[-15.6573884,64.4494019],[-15.6575386,64.4499479],[-15.6577317,64.4499757],[-15.658354,64.449624],[-15.6584183,64.4492909],[-15.657324,64.448569],[-15.6567661,64.4483376],[-15.6564013,64.4479211],[-15.6553713,64.447773],[-15.6545783,64.4478669],[-15.6531827,64.4480322],[-15.6508867,64.4476897],[-15.6502859,64.4477915],[-15.645651,64.4470696],[-15.6443421,64.4467641],[-15.6430976,64.4463476],[-15.6422822,64.4461533],[-15.6418101,64.4459404],[-15.6404797,64.4457553],[-15.6381408,64.4451443],[-15.6358663,64.4448389],[-15.6327979,64.4439873],[-15.6316821,64.4437836],[-15.6300084,64.443219],[-15.6287638,64.4429968],[-15.6278411,64.4425617],[-15.6260816,64.4420526],[-15.6255648,64.4411241],[-15.6243163,64.4410243],[-15.6233775,64.4406401],[-15.6231844,64.4402235],[-15.6223047,64.4399087],[-15.6216824,64.4395754],[-15.6217468,64.4392051],[-15.6203735,64.4383718],[-15.619601,64.4380663],[-15.61885,64.4380108],[-15.6172407,64.4375848],[-15.6166282,64.4373426]]],[[[-15.6166282,64.4373426],[-15.6164682,64.4372793],[-15.6155455,64.4370015],[-15.6150949,64.4367238],[-15.615524,64.4366775],[-15.6155781,64.4365842],[-15.6156313,64.4364923],[-15.6155034,64.4363568]]],[[[-15.6155034,64.4363568],[-15.616039,64.4363071],[-15.6165326,64.4363719],[-15.6184208,64.4362608],[-15.619837,64.4363349],[-15.621618,64.4368164],[-15.6227553,64.4368071],[-15.6238067,64.4369738],[-15.6244075,64.4369275],[-15.6249192,64.4369788],[-15.6253302,64.4370201],[-15.6270254,64.4375108],[-15.6277549,64.4381404],[-15.6290424,64.4384737],[-15.6296646,64.4381959],[-15.6306946,64.4381496],[-15.6316388,64.4383718],[-15.6326902,64.4379459],[-15.6345141,64.4376404],[-15.6352222,64.4376774],[-15.6366384,64.4382237],[-15.640651,64.4386866],[-15.6414449,64.4390662],[-15.6456292,64.4397328],[-15.6471312,64.4401772],[-15.6491053,64.4402513],[-15.6497705,64.4406864],[-15.6510365,64.440853],[-15.6539976,64.4419639],[-15.6567442,64.4427508],[-15.6593621,64.4430007],[-15.6606495,64.4434821],[-15.6625163,64.444741],[-15.6629455,64.4453149],[-15.6647694,64.4464997],[-15.6687391,64.4473697],[-15.6719148,64.4474438],[-15.6738889,64.4473697],[-15.6748545,64.4466107],[-15.6749618,64.4456111],[-15.6744897,64.4452871],[-15.6748116,64.4445929],[-15.676142,64.4437135],[-15.6755197,64.4430285],[-15.6745756,64.4428989],[-15.6730735,64.4433618],[-15.6716144,64.4431489],[-15.670284,64.4404457],[-15.6699622,64.4383811],[-15.6690395,64.4377978],[-15.669018,64.4373349],[-15.6712282,64.4368256],[-15.6737602,64.4363812],[-15.6740177,64.4370293],[-15.6732452,64.4376126],[-15.6734168,64.4379089],[-15.675627,64.4379089],[-15.6757343,64.4381682],[-15.6746614,64.43852],[-15.6749832,64.4392607],[-15.6790387,64.4389551],[-15.6793177,64.4393069],[-15.6785238,64.4396958],[-15.6785238,64.4402976],[-15.6809914,64.4408715],[-15.6846821,64.4410197],[-15.6887591,64.4405753],[-15.689553,64.4406216],[-15.6924069,64.4413622],[-15.6925571,64.4416399],[-15.6925571,64.4424083],[-15.693115,64.4425934],[-15.6940806,64.4424268],[-15.6955182,64.4418714],[-15.6960976,64.4414363],[-15.6977713,64.4409456],[-15.6989342,64.4409387],[-15.701552,64.4413183],[-15.7018953,64.4412997],[-15.7020026,64.4412257],[-15.6995564,64.4408369],[-15.6987196,64.4402999],[-15.6981275,64.4401973],[-15.6973121,64.4402066],[-15.6964753,64.4398918],[-15.6950591,64.4396788],[-15.6947587,64.4394011],[-15.6942652,64.4392437],[-15.6932352,64.4395955],[-15.6925485,64.439577],[-15.6922911,64.4392344],[-15.6926987,64.4389197],[-15.6921623,64.4379753],[-15.6913255,64.4378549],[-15.6909392,64.4368827],[-15.6903169,64.4362902],[-15.689759,64.4359939],[-15.6897376,64.4357624],[-15.6905315,64.4354938],[-15.6907032,64.4352994],[-15.6911967,64.4352531],[-15.6925056,64.4356235],[-15.693321,64.4360124],[-15.6936858,64.436392],[-15.6934283,64.436605],[-15.6931279,64.4366976],[-15.6932352,64.4369198],[-15.6935785,64.4372438],[-15.6946085,64.4372438],[-15.6962393,64.4374568],[-15.6964324,64.437142],[-15.6960247,64.4369661],[-15.6948445,64.4367439],[-15.6928704,64.4354568],[-15.6926773,64.4349383],[-15.6929562,64.4341789],[-15.6929133,64.4335863],[-15.6925056,64.4329473],[-15.6925485,64.4325677],[-15.6928704,64.432401],[-15.6939004,64.4323824],[-15.6944797,64.4325677],[-15.6952522,64.4326417],[-15.695381,64.4329196],[-15.6957028,64.4328455],[-15.6957672,64.432651],[-15.6963466,64.4324843],[-15.6967757,64.4325677],[-15.6984709,64.4325954],[-15.6990502,64.4327992],[-15.6994365,64.4324195],[-15.6999729,64.4322343],[-15.7014964,64.4328547],[-15.7020758,64.4326325],[-15.7029126,64.4327344],[-15.7033418,64.433114],[-15.7038997,64.4338641],[-15.7047596,64.4345317],[-15.7072471,64.4351605],[-15.7076762,64.4353642],[-15.7092212,64.4354846],[-15.7093928,64.4357253],[-15.7084272,64.4363827],[-15.7088349,64.4365216],[-15.7101653,64.436392],[-15.7107447,64.4364568],[-15.7108519,64.4369013],[-15.710294,64.437179],[-15.706052,64.4376243],[-15.7053654,64.437865],[-15.7019536,64.4378465],[-15.6995289,64.4377724],[-15.698692,64.4378835],[-15.6986491,64.4380502],[-15.6997864,64.4385872],[-15.699958,64.4385039],[-15.6997005,64.4381798],[-15.701503,64.4381891],[-15.7020394,64.4382724],[-15.7025115,64.4382446],[-15.7037775,64.4381057],[-15.7047431,64.4382631],[-15.7054297,64.4387816],[-15.7064168,64.438902],[-15.7089703,64.439476],[-15.7092921,64.4396241],[-15.7092707,64.4399944],[-15.7095067,64.4400778],[-15.7103221,64.4400592],[-15.71191,64.4399111],[-15.7130043,64.4399759],[-15.7138626,64.4401518],[-15.7148711,64.4405221],[-15.7159011,64.4404666],[-15.71824,64.4400407],[-15.7208939,64.4401685],[-15.7211728,64.4399926],[-15.7205935,64.4393353],[-15.7189412,64.4388817],[-15.7188339,64.438215],[-15.7179542,64.437641],[-15.716774,64.4373818],[-15.716774,64.4370068],[-15.7175259,64.4366261],[-15.7155518,64.4351446],[-15.7138781,64.4342649],[-15.7098012,64.4328018],[-15.7092647,64.4323388],[-15.7077627,64.432061],[-15.7056169,64.4319035],[-15.7052307,64.4314683],[-15.7057671,64.4311627],[-15.7063036,64.4305885],[-15.7086639,64.4299587],[-15.709372,64.4295419],[-15.7105951,64.4281527],[-15.7105522,64.4277359],[-15.7098441,64.427458],[-15.708621,64.4276247],[-15.7080846,64.4269949],[-15.7085566,64.4262539],[-15.7103805,64.4257259],[-15.7103376,64.4249107],[-15.711668,64.4239381],[-15.7140283,64.4237991],[-15.7155304,64.4235861],[-15.7165603,64.4229376],[-15.7178907,64.4229191],[-15.7193498,64.4224744],[-15.7200365,64.4219927],[-15.7190709,64.4206957],[-15.7200365,64.4202973],[-15.7210021,64.4190466],[-15.7208948,64.4175178],[-15.7223968,64.4151827],[-15.7231478,64.4148121],[-15.7237487,64.4140522],[-15.723577,64.4137464],[-15.7224612,64.4130792],[-15.7220321,64.4125417],[-15.7224612,64.4118744],[-15.7221393,64.4115037],[-15.7208519,64.4111515],[-15.7198863,64.4102525],[-15.7203154,64.4098355]]],[[[-15.7203154,64.4098355],[-15.7198863,64.4095574],[-15.7184272,64.4092052],[-15.7177834,64.408816],[-15.715745,64.4080745],[-15.7143073,64.407129],[-15.7128482,64.4070363],[-15.7117753,64.4070363],[-15.7103805,64.4064987],[-15.7095866,64.4056459],[-15.7082991,64.4052288],[-15.7066898,64.4050897],[-15.706089,64.4049229],[-15.7054453,64.4045521],[-15.7050805,64.4038105],[-15.704544,64.4034211],[-15.7036214,64.4033284],[-15.7014327,64.4035602],[-15.7004027,64.4039773],[-15.6996088,64.4040886],[-15.6983642,64.4037919],[-15.6969695,64.4028834],[-15.6960683,64.4016597],[-15.6936435,64.3999167],[-15.693429,64.3991564],[-15.6937079,64.3987577],[-15.693429,64.3982292],[-15.6927852,64.398155]]],[[[-15.6927852,64.398155],[-15.6921415,64.3975338],[-15.6919913,64.3967178],[-15.6920986,64.3959296],[-15.691133,64.394585],[-15.6898455,64.3939173],[-15.6893091,64.3933331],[-15.6884508,64.3930548],[-15.6862407,64.3929621],[-15.6849103,64.3926839]]],[[[-15.6849103,64.3926839],[-15.6728854,64.3898119],[-15.6598391,64.3849143],[-15.6551824,64.3819345]]],[[[-15.6551824,64.3819345],[-15.6553792,64.3817369],[-15.6553792,64.3810451],[-15.6547946,64.3803266],[-15.6545484,64.3796348],[-15.6540253,64.3795017],[-15.6536253,64.3791824],[-15.6536561,64.3789961],[-15.6533484,64.3787433],[-15.6523023,64.3784373],[-15.6500253,64.3782111],[-15.649533,64.3777986],[-15.6487946,64.377639],[-15.6476869,64.3771733],[-15.6461792,64.3769205],[-15.6453176,64.3764547],[-15.6446099,64.3754567],[-15.6433791,64.3747115],[-15.6422407,64.3743256],[-15.6415638,64.3738998],[-15.640333,64.3735937],[-15.6399638,64.3733808],[-15.6398099,64.3728085],[-15.6374714,64.3721564],[-15.6357484,64.3714777],[-15.6346099,64.3706259],[-15.6327637,64.3699338],[-15.6312868,64.3697874],[-15.6271637,64.3689755],[-15.6265175,64.3686561],[-15.6235329,64.3681104],[-15.6231022,64.3678308],[-15.6209791,64.3673916],[-15.6202093,64.3668927],[-15.6190708,64.3665599],[-15.6151323,64.3650158],[-15.6141477,64.3642038],[-15.6125169,64.3636979],[-15.6104862,64.3626994],[-15.6071631,64.3613548],[-15.6061169,64.3605426],[-15.6063015,64.3601965],[-15.6050092,64.3594109],[-15.6019015,64.358399],[-15.5990707,64.3572272],[-15.5982707,64.3564815],[-15.59784,64.3558024],[-15.5977477,64.3548969],[-15.597563,64.3544841],[-15.5967015,64.3540845],[-15.5967938,64.3536584],[-15.5965784,64.3534986],[-15.5949169,64.3533254],[-15.5930707,64.3528726],[-15.5913784,64.3521535],[-15.5894092,64.3505552],[-15.5886707,64.3503421],[-15.5879322,64.3493032],[-15.5858707,64.3486239],[-15.5822091,64.3483975],[-15.579963,64.3479712],[-15.5799322,64.3476516],[-15.578363,64.347505],[-15.5758399,64.3469722],[-15.574086,64.3469589],[-15.5698706,64.346466],[-15.5675322,64.3458932],[-15.5661071,64.3452684],[-15.5648725,64.3450346]]],[[[-15.5721121,64.3332689],[-15.5700865,64.3327952],[-15.5668387,64.3323001],[-15.5646104,64.3312787],[-15.5603745,64.3315964],[-15.5592171,64.3337607],[-15.5584928,64.3337454],[-15.5577664,64.3338775],[-15.5591228,64.3350087],[-15.5591158,64.3354846],[-15.5564571,64.3353635],[-15.5539758,64.3361911],[-15.5537137,64.3378017],[-15.554251,64.3392603],[-15.5569761,64.3408213],[-15.5583709,64.3426424],[-15.5617612,64.344259]]],[[[-15.5721121,64.3332689],[-15.5734419,64.3335798],[-15.5745309,64.3341432],[-15.5755117,64.3341321],[-15.57645,64.3337808],[-15.5799849,64.3326536],[-15.5796293,64.3317457],[-15.5807238,64.3314598],[-15.5799032,64.3306152],[-15.5803533,64.3300963],[-15.5808381,64.3293608],[-15.581619,64.328947],[-15.582681,64.3265746],[-15.5837848,64.3256971]]],[[[-15.5837848,64.3256971],[-15.5872856,64.3259038],[-15.5907362,64.3249765],[-15.590522,64.3237703],[-15.5920701,64.3233294],[-15.5949366,64.3252462],[-15.5963977,64.325428],[-15.5981743,64.3249762],[-15.600854,64.3229381]]],[[[-15.600854,64.3229381],[-15.6016636,64.3232598],[-15.6017682,64.32394],[-15.6026054,64.324484],[-15.604489,64.3252367],[-15.6048029,64.3258714],[-15.6054936,64.3263882],[-15.6076283,64.3270955],[-15.6100351,64.3276395],[-15.6113955,64.327703],[-15.6129233,64.328111],[-15.6136977,64.3289088],[-15.6155813,64.3297429],[-15.6174649,64.3302869],[-15.6189927,64.3300421],[-15.6208135,64.3303322],[-15.6232203,64.3311028],[-15.6294571,64.3353634],[-15.6321151,64.3365417],[-15.6339987,64.3367683],[-15.640382,64.3388076],[-15.6449235,64.3400493],[-15.6467025,64.3401218],[-15.6497372,64.3412274],[-15.6517882,64.3414812],[-15.6533997,64.3432664],[-15.6560786,64.3437648],[-15.657439,64.3437195],[-15.6614155,64.3451965],[-15.6733693,64.3492506],[-15.675515,64.3495664],[-15.677575,64.3504581]]],[[[-15.677575,64.3504581],[-15.6774462,64.3510154],[-15.6779397,64.3515448],[-15.6798709,64.3519442],[-15.6800855,64.3583242],[-15.6807699,64.3602575]]],[[[-15.6807699,64.3602575],[-15.6815876,64.3625674],[-15.6836689,64.365566],[-15.6860937,64.3665872],[-15.6901706,64.3674876],[-15.6936038,64.3679146],[-15.7001055,64.3692141],[-15.7018221,64.3691862],[-15.7059849,64.3699566],[-15.7101906,64.371321],[-15.7166279,64.3723419],[-15.7245029,64.37185],[-15.7286442,64.3711354],[-15.7318629,64.3701144],[-15.7376564,64.369279],[-15.7422269,64.3688521],[-15.7432998,64.3686293],[-15.743729,64.368258],[-15.7431711,64.3679238],[-15.7431711,64.3672091],[-15.7395876,64.366253],[-15.7370127,64.3663458],[-15.7341588,64.3654453],[-15.7335795,64.3648605],[-15.7349313,64.3638022],[-15.7384504,64.3632823],[-15.7426561,64.362196],[-15.745467,64.3622332],[-15.7463897,64.3625395],[-15.7456816,64.36396],[-15.745746,64.364517],[-15.747248,64.364582],[-15.7481063,64.3639321],[-15.7493294,64.3638114],[-15.7525481,64.3644613],[-15.7544149,64.3643035],[-15.755123,64.3647398],[-15.7547582,64.3658816],[-15.7529129,64.366253],[-15.7526983,64.3666521],[-15.7539857,64.3670234],[-15.7531274,64.3679517],[-15.7537712,64.3683601],[-15.753621,64.3690099],[-15.7501234,64.3698731],[-15.749544,64.3706806],[-15.7501877,64.3717943],[-15.7522691,64.3724069],[-15.7521833,64.3727224],[-15.7511962,64.3733349],[-15.7514752,64.3734927],[-15.7524837,64.3733721],[-15.7532562,64.3729637],[-15.7554878,64.3725925],[-15.7562603,64.3722213],[-15.7572688,64.3721006],[-15.758921,64.3721934],[-15.7589854,64.3718871],[-15.7577623,64.3716644],[-15.7569898,64.3711725],[-15.7572688,64.3686664],[-15.7580627,64.3678589],[-15.7568396,64.367339],[-15.7571186,64.3664665],[-15.7581271,64.3660673],[-15.758921,64.366188],[-15.7596935,64.3670234],[-15.7606376,64.3671163],[-15.7611955,64.3665593],[-15.7624186,64.3666243],[-15.7637061,64.3669306],[-15.7644142,64.3674876],[-15.765487,64.3676732],[-15.7666458,64.3675804],[-15.7697786,64.3691027],[-15.7699932,64.3699009],[-15.7724393,64.3708012],[-15.7723535,64.3712375],[-15.7699932,64.3722584],[-15.7699932,64.3726296],[-15.7713665,64.3730936],[-15.7709373,64.3743929],[-15.7686413,64.3766479],[-15.7654227,64.3789398],[-15.7643498,64.3790326],[-15.7639206,64.378346],[-15.7630623,64.3784759],[-15.762204,64.3790605],[-15.7624186,64.3808233],[-15.7616247,64.382215],[-15.7619251,64.3827717],[-15.7648433,64.3846271],[-15.7665599,64.3863618],[-15.7668603,64.3871966],[-15.7681049,64.387243],[-15.7684697,64.3864824],[-15.7683195,64.3858052],[-15.7692851,64.3850167],[-15.7705081,64.3848312],[-15.7714308,64.38523],[-15.7721818,64.3851558],[-15.7722891,64.3848775],[-15.7713665,64.3844601],[-15.771109,64.3840241],[-15.7705725,64.3835602],[-15.7705081,64.3825861],[-15.7695425,64.3821686],[-15.7689632,64.3799605],[-15.7697571,64.3796636],[-15.7704009,64.3788285],[-15.7705081,64.3769263],[-15.7719029,64.3756457],[-15.7720746,64.3746713],[-15.7731474,64.3737433],[-15.7728256,64.3728431],[-15.7732547,64.3724718],[-15.7755507,64.3724254],[-15.7769454,64.3729359],[-15.7775463,64.3735577],[-15.7796277,64.3733999],[-15.7811297,64.3740217],[-15.7825888,64.3739753],[-15.7836617,64.3746249],[-15.7849492,64.3759705],[-15.7853139,64.3775294],[-15.78452,64.3808883],[-15.7847775,64.3822336],[-15.7838763,64.3835788],[-15.7817187,64.38497],[-15.7820087,64.3864154]]],[[[-15.9072708,64.3584916],[-15.9073137,64.3586866],[-15.9067773,64.3588166],[-15.9056829,64.358863],[-15.9052109,64.3590301],[-15.9052538,64.3591415],[-15.9058117,64.3593087],[-15.9059404,64.3597544],[-15.9058333,64.3600134],[-15.9053578,64.3605105],[-15.9041777,64.3614854],[-15.905036,64.3622003],[-15.9043922,64.3636671],[-15.9056797,64.3641963],[-15.9077611,64.3644284],[-15.9114733,64.3658673],[-15.9115806,64.3669813],[-15.911087,64.3674268],[-15.9107652,64.367891],[-15.9104433,64.3679095],[-15.9096923,64.3673526],[-15.9090485,64.3673804],[-15.9082975,64.3669349],[-15.9067526,64.3669813],[-15.9056797,64.3675197],[-15.9054651,64.368123],[-15.9061518,64.3684665],[-15.9072246,64.3685871],[-15.9073748,64.368912],[-15.9069672,64.3693297],[-15.9059372,64.3694225],[-15.9040704,64.3683272],[-15.9027185,64.368188],[-15.9011736,64.3682808],[-15.9004655,64.3685129],[-15.9000363,64.3684665],[-15.8993926,64.3673526],[-15.8996626,64.366834],[-15.8993837,64.3662121],[-15.8983752,64.3655159],[-15.8951994,64.3648196],[-15.8938691,64.3649774],[-15.8918735,64.3646525],[-15.8895132,64.3639562],[-15.887582,64.3638634],[-15.8861872,64.3633528],[-15.8854362,64.362313],[-15.8838269,64.3621923],[-15.8830759,64.3624244],[-15.882754,64.3637241],[-15.8815309,64.3636127],[-15.879428,64.3641233],[-15.8758446,64.3655623],[-15.8752009,64.36598],[-15.8757341,64.3664126],[-15.8758875,64.366537],[-15.8758875,64.3667226],[-15.8754584,64.3670011],[-15.8759519,64.3677901],[-15.8778187,64.3683471],[-15.8808872,64.3685513],[-15.8831831,64.3693403],[-15.8861443,64.3694145],[-15.8860799,64.3697394],[-15.8850714,64.3702035],[-15.8781406,64.3720133],[-15.8777758,64.3719391],[-15.877926,64.3714101],[-15.8795353,64.3698786],[-15.8786341,64.3695073],[-15.8772823,64.3694331],[-15.8751365,64.368904],[-15.8749219,64.3684863],[-15.874128,64.3683657],[-15.8728405,64.3690432],[-15.8719822,64.369758],[-15.8709094,64.36999],[-15.8699867,64.370714],[-15.8698365,64.3713822],[-15.8702012,64.3717999],[-15.8699867,64.3720597],[-15.8690425,64.3719205],[-15.8687636,64.3725702],[-15.8682271,64.3731734],[-15.8675834,64.3733126],[-15.8673688,64.373127],[-15.8671972,64.3725423],[-15.8665105,64.372598],[-15.866296,64.3723382],[-15.8665105,64.3718091],[-15.8674332,64.3715029],[-15.867047,64.3710202],[-15.8674332,64.3691639],[-15.8664032,64.3687648],[-15.8668968,64.3679294],[-15.866296,64.367818],[-15.8654898,64.36771],[-15.86297,64.3673724],[-15.8593866,64.3668897],[-15.8583566,64.3665648],[-15.8563825,64.3667969],[-15.8555242,64.3666298],[-15.8548805,64.3661657],[-15.8539149,64.3662121],[-15.8518764,64.3656551],[-15.8508464,64.366045],[-15.8514902,64.3684585],[-15.8511683,64.3688112],[-15.85031,64.3692753],[-15.8506962,64.3701292],[-15.8514902,64.3704819],[-15.8519193,64.3713637],[-15.8526274,64.3718463],[-15.855138,64.3725423],[-15.8573481,64.3738231],[-15.8574554,64.3741664],[-15.8560606,64.3745376],[-15.8556315,64.3760039],[-15.8552023,64.3760039],[-15.8544513,64.3755399],[-15.8533784,64.3751872],[-15.8517047,64.3758183],[-15.8505889,64.3759296],[-15.8496233,64.3755863],[-15.8495161,64.3748624],[-15.8510181,64.3736839],[-15.8514043,64.3724959],[-15.8506533,64.3717349],[-15.8484003,64.3715214],[-15.8476492,64.3711038],[-15.8462974,64.370946],[-15.8446881,64.3710388],[-15.841963,64.3704355],[-15.840933,64.3705933],[-15.8418557,64.3715678],[-15.8429285,64.3716885],[-15.8435723,64.3723846],[-15.8449027,64.3728672],[-15.8451816,64.3735632],[-15.8474347,64.3752151],[-15.848765,64.3752336],[-15.8502671,64.3763751],[-15.8500096,64.3768112],[-15.8489796,64.3767184],[-15.8465764,64.3770246],[-15.844967,64.3768854],[-15.8428642,64.3762359],[-15.8418557,64.3763008],[-15.8420702,64.3768112],[-15.8415767,64.3769504],[-15.8398601,64.3765606],[-15.8388516,64.3758368],[-15.8388945,64.3750759],[-15.8392164,64.3741479],[-15.8385726,64.373359],[-15.8376714,64.373424],[-15.8362767,64.3741943],[-15.8358475,64.374816],[-15.8348175,64.3746583],[-15.8343884,64.3743799],[-15.8343884,64.373656],[-15.8339592,64.3735168],[-15.8332726,64.3735632],[-15.8333799,64.3742407],[-15.8320281,64.3756791],[-15.830526,64.3760503],[-15.8301398,64.3766349],[-15.8311054,64.3770246],[-15.8311697,64.3774236],[-15.8301398,64.3775164],[-15.828745,64.3769782],[-15.8275219,64.3761895],[-15.827243,64.3744077],[-15.8229085,64.3724403],[-15.8196899,64.372069],[-15.8149048,64.3726259],[-15.8141538,64.3738045],[-15.8155486,64.3761245],[-15.8215138,64.3782123],[-15.8235952,64.3780546],[-15.8259555,64.3785185],[-15.8269211,64.3782402],[-15.8285948,64.378333],[-15.8287021,64.379001],[-15.8296677,64.3794464],[-15.8311697,64.3788897],[-15.8326718,64.3776092],[-15.8332511,64.377637],[-15.8333155,64.3779804],[-15.8315345,64.3795114],[-15.8325645,64.3798639],[-15.8321783,64.3806526],[-15.8324572,64.3812742],[-15.8326074,64.3819051],[-15.8322086,64.3818667],[-15.8307066,64.380707],[-15.8299556,64.3804936],[-15.8262005,64.3808925],[-15.8243337,64.3815884],[-15.8225208,64.3811925],[-15.8215552,64.3813131],[-15.8220916,64.3816378],[-15.8213406,64.3823986],[-15.8201604,64.3829088],[-15.8194738,64.3828439],[-15.8192592,64.3823522],[-15.8184009,64.3823058],[-15.8176499,64.3819811],[-15.8163624,64.3819347],[-15.8159762,64.382612],[-15.8154397,64.3827697],[-15.8135085,64.3825841],[-15.813294,64.3822409],[-15.8141093,64.3813595],[-15.8144312,64.3806172],[-15.8140021,64.3805709],[-15.8105045,64.3821017],[-15.8100324,64.3829831],[-15.8108263,64.3834655],[-15.8106761,64.3837716],[-15.8097105,64.3841427],[-15.8072858,64.3842076],[-15.8028441,64.3850704],[-15.8009129,64.3852095],[-15.7989817,64.3844396],[-15.7974153,64.3843004],[-15.7959132,64.3846251],[-15.7929735,64.3857383],[-15.7931237,64.3867587],[-15.7911496,64.3874358],[-15.7896476,64.3874544],[-15.7882958,64.3872039],[-15.78452,64.3869278],[-15.7832385,64.3869363],[-15.7820087,64.3864154]]],[[[-15.7492701,64.3106538],[-15.7519516,64.3111244],[-15.7592706,64.3125072],[-15.7626908,64.3127376],[-15.7636301,64.3131524],[-15.7659338,64.3130756],[-15.7689465,64.3132753],[-15.7711439,64.3138898],[-15.7770452,64.3146579],[-15.7812983,64.3149959],[-15.782592,64.3154798],[-15.7913463,64.3170159],[-15.7955286,64.3182677],[-15.7971944,64.3185288],[-15.7976552,64.3188821],[-15.7977792,64.3193736],[-15.7982832,64.3195776],[-15.7988957,64.3197269],[-15.7990197,64.320011],[-15.7997286,64.320418],[-15.7996754,64.3218003],[-15.8010222,64.3221382],[-15.8019792,64.322645],[-15.8123639,64.3241807],[-15.8134272,64.3241346],[-15.8181588,64.3258161],[-15.8275512,64.3269217],[-15.8338777,64.3289945],[-15.8427384,64.332188],[-15.849703,64.3380979],[-15.8520599,64.3390956],[-15.8550725,64.339556],[-15.8590421,64.341014],[-15.8661804,64.3451388],[-15.8709725,64.34631],[-15.8734616,64.3469417],[-15.8756502,64.3474433],[-15.876294,64.3477406],[-15.8784397,64.3481493],[-15.8803709,64.3487716],[-15.8816155,64.349041],[-15.8822807,64.3491246],[-15.8827742,64.3492918],[-15.884126,64.3494126],[-15.8853062,64.3497191],[-15.8855637,64.3498491],[-15.8855422,64.350007],[-15.8856495,64.350072],[-15.8862074,64.3500442],[-15.8867009,64.3504993],[-15.8876236,64.350778],[-15.8878382,64.3512331],[-15.8877524,64.3516975],[-15.8880957,64.3518461],[-15.8884176,64.3518275],[-15.8889969,64.3516975],[-15.8895119,64.3516696],[-15.8901556,64.351586],[-15.8903917,64.3518461],[-15.8908637,64.3519668],[-15.8916362,64.3520133],[-15.8920868,64.3521619],[-15.8937605,64.3524498],[-15.8942755,64.3525798],[-15.8947905,64.3528399],[-15.8959707,64.3530813],[-15.8958634,64.3532856],[-15.8959707,64.3534807],[-15.896829,64.3536757],[-15.8976444,64.3536943],[-15.8979448,64.3537686],[-15.8978724,64.3538391],[-15.8978938,64.3540527],[-15.8983444,64.3542292],[-15.8994602,64.3544056],[-15.8998679,64.3543685],[-15.9001898,64.3544706],[-15.9011554,64.3544149],[-15.901606,64.3546378],[-15.902121,64.3547121],[-15.9025072,64.3553064],[-15.9028291,64.35552],[-15.9034084,64.355715],[-15.9035801,64.3558358],[-15.9035801,64.3560679],[-15.9049963,64.3569223],[-15.9061336,64.3576373],[-15.9064554,64.3581666],[-15.9072708,64.3584916]]],[[[-15.7594991,64.2992324],[-15.7562495,64.3001455],[-15.7528163,64.300192],[-15.7489539,64.2992615],[-15.7457782,64.2993732],[-15.7404781,64.2983961],[-15.7378603,64.2968606],[-15.7343842,64.2942174],[-15.7265521,64.2918905],[-15.7165099,64.2904943],[-15.6990863,64.2898147],[-15.6839586,64.2899358],[-15.6746245,64.2895634],[-15.6716848,64.2905408],[-15.6734444,64.2917974],[-15.6775213,64.2926538],[-15.6856752,64.2927934],[-15.6993652,64.2941709],[-15.7102014,64.2944966],[-15.7175399,64.293659],[-15.7259728,64.2944501],[-15.7314874,64.2967303],[-15.7319809,64.2991498],[-15.7279469,64.300313],[-15.7239343,64.30022],[-15.7180763,64.2987776],[-15.7115317,64.2966837],[-15.7006527,64.2951202],[-15.7006527,64.2956135],[-15.705588,64.2979122],[-15.7046224,64.2991685],[-15.7017685,64.2993825],[-15.7021547,64.2999129],[-15.7059888,64.3009342],[-15.7200309,64.3040564],[-15.7221381,64.3037706],[-15.7246745,64.3038197],[-15.7310865,64.3048908],[-15.7367306,64.3073038],[-15.7388047,64.3078364],[-15.7430246,64.3084807],[-15.7473875,64.3093413],[-15.7492701,64.3106538]]],[[[-15.8588579,64.3002623],[-15.8589438,64.3005042],[-15.8587507,64.3006066],[-15.8584073,64.3006345],[-15.8580211,64.3008951],[-15.8579782,64.3010811],[-15.858064,64.301444],[-15.8578709,64.3019651],[-15.8574632,64.3022442],[-15.8571842,64.3025141],[-15.8572057,64.302635],[-15.8574632,64.3025699],[-15.8575276,64.3026443],[-15.8572057,64.3028863],[-15.8565834,64.3031189],[-15.8553174,64.3037329],[-15.8539558,64.3044617],[-15.8517671,64.3056246],[-15.8514453,64.306127],[-15.8502865,64.3066945],[-15.848806,64.3070294],[-15.8474112,64.3070573],[-15.8467246,64.3077457],[-15.845995,64.3079969],[-15.8428193,64.3102294],[-15.8419824,64.310741],[-15.8417464,64.3110666],[-15.8418966,64.3116805],[-15.8413387,64.3120246],[-15.8396221,64.3124432],[-15.8395148,64.312778],[-15.8383132,64.3133547],[-15.8369184,64.3136058],[-15.835588,64.3134477],[-15.8334423,64.3130105],[-15.8285499,64.3126664],[-15.8268762,64.3118107],[-15.8236576,64.3114572],[-15.8178425,64.3100899],[-15.8154607,64.309076],[-15.8120704,64.3080248],[-15.8110834,64.3075038],[-15.8111263,64.3071875],[-15.8103753,64.3065736],[-15.8104826,64.3061642],[-15.8091307,64.3049548],[-15.8092809,64.304471],[-15.8070493,64.3042849],[-15.8052469,64.3046198],[-15.8007837,64.3046198],[-15.7965565,64.3038941],[-15.7956124,64.3035778],[-15.7944537,64.3035592],[-15.7934023,64.3033917],[-15.7919431,64.3026753],[-15.7903338,64.302666],[-15.7877804,64.3024334],[-15.78645,64.3027218],[-15.7854844,64.3024706],[-15.7818366,64.3022287],[-15.7803131,64.3018844],[-15.7789398,64.3019588],[-15.7775236,64.3017076],[-15.7748843,64.3008888],[-15.7721592,64.300591],[-15.7693053,64.3006096],[-15.7670737,64.3004328],[-15.7644129,64.2996605],[-15.7602931,64.2990835]]],[[[-15.8491714,64.2954357],[-15.8504036,64.2958047],[-15.8511761,64.2963352],[-15.8526567,64.2976195],[-15.8530858,64.298243],[-15.854502,64.2991084],[-15.8550385,64.2992294],[-15.8551672,64.2993318],[-15.8564976,64.2999645],[-15.8577207,64.3001599],[-15.8582786,64.3001041],[-15.8585568,64.300138],[-15.8588579,64.3002623]]],[[[-15.810149,64.2865988],[-15.8153203,64.2884701],[-15.8215431,64.2907973],[-15.8278731,64.2927613],[-15.831478,64.2936362],[-15.8357051,64.2940178],[-15.8390311,64.294297],[-15.8461979,64.2948368],[-15.8486012,64.2952649],[-15.8491714,64.2954357]]],[[[-15.6888765,64.280174],[-15.6902283,64.2801833],[-15.6923804,64.2803172],[-15.693067,64.2802892],[-15.6937537,64.2804103],[-15.6961569,64.2804755],[-15.6968006,64.2806152],[-15.6979594,64.2806803],[-15.6987747,64.2809038],[-15.7016286,64.2808573],[-15.7025513,64.2809876],[-15.7035598,64.2808852],[-15.7058987,64.2808573],[-15.7061133,64.2809225],[-15.7062206,64.281118],[-15.7070789,64.2810901],[-15.7072934,64.2812018],[-15.7076368,64.2811646],[-15.7079586,64.2812297],[-15.7082805,64.2811832],[-15.7087097,64.2813601],[-15.7101902,64.2814067],[-15.7105979,64.2812763],[-15.7114133,64.2812949],[-15.7121214,64.2811646],[-15.7126149,64.2811832],[-15.7128081,64.2810808],[-15.7137093,64.2812111],[-15.7149538,64.2810528],[-15.7158765,64.2810901],[-15.7169065,64.2809876],[-15.7174858,64.2809969],[-15.7186446,64.2808107],[-15.7210478,64.2806803],[-15.7222494,64.2806803],[-15.723494,64.2804941],[-15.7237944,64.2805127],[-15.7241592,64.2806152],[-15.7250604,64.2807176],[-15.7259187,64.2805407],[-15.7273778,64.2803917],[-15.7277426,64.2802613],[-15.7288584,64.2801309],[-15.7293734,64.2800285],[-15.7297811,64.2800006],[-15.7304248,64.279833],[-15.7311758,64.2797305],[-15.7316694,64.2797771],[-15.7321629,64.2797398],[-15.7331285,64.2795256],[-15.7343085,64.2793789],[-15.735913,64.2791666],[-15.7366855,64.2789803],[-15.739475,64.2786078],[-15.7410414,64.2783098],[-15.7420285,64.2780956],[-15.7424362,64.2778721],[-15.7432945,64.2776765],[-15.7439167,64.2774065],[-15.7442386,64.2773599],[-15.7446892,64.2770339],[-15.7454188,64.2768849],[-15.7464917,64.2760933],[-15.747865,64.2754693],[-15.748852,64.2751713],[-15.7493241,64.274808],[-15.7503326,64.2744355],[-15.7505257,64.2742213],[-15.7503111,64.2738487],[-15.7497103,64.2735134],[-15.7497747,64.273355],[-15.7504828,64.273057],[-15.7509763,64.2729638],[-15.7517703,64.2729825],[-15.7520277,64.2730756],[-15.7523925,64.2731036],[-15.7528861,64.2729825],[-15.7534225,64.2730104],[-15.7540662,64.2729452],[-15.7544525,64.2728055],[-15.7556541,64.2726285],[-15.7561476,64.2726378],[-15.7568772,64.2725261],[-15.7573922,64.2722094],[-15.7576067,64.2717064],[-15.7587869,64.2713338],[-15.7596881,64.2712406],[-15.7601387,64.2713151],[-15.7604606,64.2715201],[-15.760761,64.2714735],[-15.7611258,64.2711102],[-15.7614262,64.2709984],[-15.7615335,64.2707935],[-15.7621772,64.2705606],[-15.7626708,64.2701042],[-15.7637651,64.2697502],[-15.7650096,64.2696477],[-15.7658465,64.2697781],[-15.7662756,64.2700669],[-15.767091,64.2701601],[-15.7682927,64.2702439],[-15.7687647,64.2704861],[-15.7684214,64.2706072],[-15.7664258,64.2708121],[-15.7641942,64.2715946],[-15.7639797,64.2717809],[-15.76531,64.2718275],[-15.7663186,64.2717343],[-15.7670696,64.2714735],[-15.7674129,64.271399],[-15.7681639,64.2714549],[-15.7689793,64.2713338],[-15.7697518,64.2713058],[-15.7710607,64.2714269],[-15.7720478,64.271371],[-15.7731421,64.2712872],[-15.7738931,64.2714828],[-15.7743652,64.2714828],[-15.7744725,64.2716039],[-15.7760174,64.2714362],[-15.7763607,64.2714362],[-15.7771976,64.2712313],[-15.7776911,64.271222],[-15.7782061,64.2713431],[-15.7784421,64.2715294],[-15.780266,64.2716691],[-15.7810385,64.2717809],[-15.7815106,64.2717902],[-15.7816823,64.2718368],[-15.7820256,64.2718275],[-15.7820899,64.2719206],[-15.7819397,64.2720883],[-15.7813175,64.272228],[-15.7812531,64.2723491],[-15.7814462,64.2724515],[-15.7817037,64.2724888],[-15.7817252,64.2726285],[-15.7813818,64.2728334],[-15.7813818,64.2729545],[-15.781575,64.2731129],[-15.781575,64.2732992],[-15.7817466,64.2734109],[-15.7823045,64.2735506],[-15.7832057,64.2735879],[-15.7836349,64.2735413],[-15.78455,64.273413],[-15.7851938,64.2734875],[-15.7860735,64.2734968],[-15.7864168,64.273413],[-15.7865885,64.2736179],[-15.7864812,64.2738601],[-15.7865885,64.274186],[-15.7870606,64.2741767],[-15.787361,64.2742512],[-15.7876828,64.2742978],[-15.7879403,64.2744189],[-15.7879189,64.27454],[-15.7872752,64.2748566],[-15.7873181,64.2750057],[-15.7877258,64.2751081],[-15.7883695,64.275164],[-15.7886055,64.2752199],[-15.7887557,64.2753316],[-15.7889918,64.2753689],[-15.7891849,64.2755552],[-15.7893995,64.2756297],[-15.7895067,64.2758998],[-15.7901719,64.2762444],[-15.7917813,64.276589],[-15.7929185,64.2769894],[-15.7953218,64.2783677],[-15.7996348,64.2809844],[-15.8021453,64.2826419],[-15.8056429,64.2846251],[-15.810149,64.2865988]]],[[[-15.6862922,64.2701798],[-15.6851328,64.2714066],[-15.6820299,64.2725676],[-15.6790779,64.274225],[-15.6751865,64.2750798],[-15.6744784,64.2756945],[-15.674414,64.2760112],[-15.6749075,64.2762906],[-15.6780404,64.2767935],[-15.6790703,64.2769332],[-15.6822523,64.277595],[-15.6838623,64.2791321],[-15.6879156,64.2796911],[-15.6884081,64.2798062],[-15.6888765,64.280174]]],[[[-16.0549666,64.2707196],[-16.0541083,64.2705053],[-16.0537865,64.2703656],[-16.053765,64.2701979],[-16.0539627,64.2699272],[-16.0539217,64.2698737],[-16.0531114,64.2697936],[-16.0530294,64.2696689],[-16.0528755,64.2696333],[-16.0527935,64.2694997],[-16.0523934,64.2695398],[-16.0521062,64.2694641],[-16.0520242,64.2692073],[-16.0515201,64.2690341],[-16.051284,64.2691366],[-16.0509836,64.2691645],[-16.050533,64.2689875],[-16.0500395,64.2689503],[-16.050018,64.2691459],[-16.0497605,64.2692391],[-16.0494387,64.2691273],[-16.0493743,64.2689223],[-16.0489451,64.2688105],[-16.0487735,64.2685217],[-16.0485374,64.2684006],[-16.0482799,64.2683634],[-16.0481941,64.2684286],[-16.0479795,64.2684286],[-16.0479795,64.2681864],[-16.0478293,64.2680746],[-16.0475075,64.2679814],[-16.0471641,64.2679814],[-16.0467994,64.2678696],[-16.0466681,64.2677444],[-16.0463891,64.2676605],[-16.0458312,64.2675953],[-16.0455523,64.2676605],[-16.0446022,64.2674915],[-16.0440502,64.2673893],[-16.0436104,64.2673599],[-16.0432946,64.2673109],[-16.0431367,64.2672375],[-16.0431029,64.2671591],[-16.0430106,64.2671189],[-16.0428899,64.2671215],[-16.042726,64.2670795],[-16.0425418,64.2669195],[-16.0422839,64.2668204],[-16.042085,64.2667916],[-16.041945,64.2667404],[-16.0417534,64.2665996],[-16.0417607,64.2665196],[-16.0418713,64.2664972],[-16.0418344,64.2664012],[-16.041886,64.2663661],[-16.0419818,64.2663533],[-16.0418934,64.2662957],[-16.0419081,64.2662381],[-16.0420039,64.2662381],[-16.0420186,64.2661773],[-16.0421209,64.2661184],[-16.0422516,64.2660981],[-16.0424291,64.2661306],[-16.0425832,64.2662279],[-16.0431365,64.2664049],[-16.0432247,64.2664745],[-16.0434573,64.2665302],[-16.0436045,64.2666543],[-16.0437035,64.2666836],[-16.0438834,64.2666738],[-16.0442973,64.2665976],[-16.0443918,64.2665996],[-16.0444502,64.2666426],[-16.0446932,64.2667402],[-16.0448416,64.2667812],[-16.0449271,64.2667832],[-16.045188,64.2668379],[-16.0452846,64.266881],[-16.0454133,64.2668934],[-16.0455848,64.2668686],[-16.0457563,64.2668717],[-16.045885,64.2668158],[-16.0460494,64.2668065],[-16.0461566,64.2668313],[-16.0462066,64.2668748],[-16.046614,64.2669027],[-16.0468713,64.2668686],[-16.0469785,64.2669182],[-16.0472787,64.2669617],[-16.0475217,64.2670393],[-16.0478005,64.2670951],[-16.047872,64.2670641],[-16.0481507,64.2670951],[-16.0484295,64.2671665],[-16.0484509,64.2672068],[-16.0487654,64.2673216],[-16.0488583,64.2673744],[-16.0488869,64.2674272],[-16.048844,64.2675202],[-16.0489727,64.267514],[-16.0491299,64.267542],[-16.0491442,64.2675916],[-16.0494944,64.2677437],[-16.0496588,64.2677871],[-16.0496946,64.2677623],[-16.0496803,64.2677251],[-16.0498089,64.2676878],[-16.0498589,64.2676444],[-16.0499376,64.2676568],[-16.0499947,64.2677095],[-16.0502378,64.2677685],[-16.0503664,64.2678461],[-16.050538,64.2678244],[-16.050688,64.2678957],[-16.0508667,64.2679081],[-16.0509811,64.2679764],[-16.051124,64.2679919],[-16.0513599,64.2679795],[-16.05151,64.267995],[-16.0515743,64.2680292],[-16.0518459,64.268054],[-16.0519317,64.2680943],[-16.0520461,64.2681657],[-16.0521676,64.2681936],[-16.0523177,64.2681967],[-16.052432,64.268234],[-16.0525893,64.2682464],[-16.0527608,64.2682216],[-16.0529466,64.2682371],[-16.0531968,64.2683147],[-16.0533683,64.2682929],[-16.053547,64.2683053],[-16.0537257,64.2682898],[-16.0537543,64.2682278],[-16.0538972,64.2682091],[-16.0540616,64.2681657],[-16.0542332,64.2681688],[-16.0541903,64.2681285],[-16.0542046,64.268085],[-16.0543332,64.2680602],[-16.0544833,64.2679981],[-16.0546263,64.2679888],[-16.054805,64.2679299],[-16.0549265,64.2679299],[-16.0550122,64.2679609],[-16.0551552,64.2679795],[-16.0552124,64.267964],[-16.0551981,64.2679206],[-16.0555126,64.267905],[-16.0558771,64.2678244],[-16.0559771,64.2678275],[-16.0562416,64.2677313],[-16.0562916,64.2676723],[-16.0565418,64.2675637],[-16.0568205,64.2675296],[-16.0568992,64.2674458],[-16.0568277,64.2674147],[-16.0568491,64.267362],[-16.0569849,64.267331],[-16.0571064,64.2672689],[-16.0573995,64.2671696],[-16.0574066,64.267092],[-16.0573494,64.2670424],[-16.0573494,64.2669865],[-16.0574567,64.2669493],[-16.0575639,64.2669865],[-16.0578069,64.2669586],[-16.0578569,64.2669896],[-16.0579713,64.2669834],[-16.0580213,64.2669275],[-16.0581499,64.2668872],[-16.0581642,64.2668127],[-16.0583541,64.2667432],[-16.0586471,64.266725],[-16.0587079,64.26671],[-16.0586471,64.2666994],[-16.0582035,64.2666888],[-16.0580455,64.2666756],[-16.0577599,64.2666282],[-16.0576809,64.2666387],[-16.0574439,64.2666387],[-16.0572008,64.2665543],[-16.05714,64.2665569],[-16.0572129,64.2666387],[-16.0569577,64.2666255],[-16.0566417,64.2665675],[-16.0562952,64.2664461],[-16.05604,64.2663168],[-16.0556632,64.2661849],[-16.055335,64.2658392],[-16.0551605,64.2654707],[-16.0551041,64.2651363],[-16.0552919,64.2648835],[-16.0553295,64.2645899],[-16.0552732,64.2643207],[-16.055029,64.2640026],[-16.0548787,64.2639455],[-16.0548599,64.2638069],[-16.0550102,64.2636274],[-16.0550102,64.2634724],[-16.0551229,64.2633256],[-16.0550665,64.2628281],[-16.0553859,64.2625589],[-16.0554422,64.2624447],[-16.0559093,64.2621327],[-16.0559561,64.2620464],[-16.0558392,64.2620109],[-16.0555703,64.2620972],[-16.055278,64.2621175],[-16.0550207,64.2622292],[-16.0546583,64.2622495],[-16.0542842,64.2623307],[-16.0539919,64.2623307],[-16.0536762,64.2624526],[-16.0536879,64.2625084],[-16.0535242,64.2625948],[-16.0529747,64.2626201],[-16.0523199,64.2627471],[-16.052051,64.2628841],[-16.0521095,64.2630161],[-16.0520744,64.2631583],[-16.0519458,64.2632294],[-16.0513729,64.2632954],[-16.0509403,64.2632395],[-16.0508468,64.2631786],[-16.050648,64.2631735],[-16.0502388,64.2630111],[-16.0500517,64.2630314],[-16.0493853,64.2630314],[-16.0489527,64.263072],[-16.0485084,64.2630517],[-16.0482161,64.2629755],[-16.0475146,64.2628994],[-16.0473509,64.2629197],[-16.0471405,64.2630263],[-16.0467664,64.2631177],[-16.0464507,64.2631431],[-16.0461935,64.2631938],[-16.0457959,64.2632294],[-16.0457492,64.2632903],[-16.0454803,64.2633766],[-16.0452698,64.2633969],[-16.0450477,64.2635137],[-16.0448489,64.2635594],[-16.0442059,64.2635391],[-16.0441474,64.2634122],[-16.0437031,64.2634528],[-16.043668,64.2635238],[-16.0437499,64.2636355],[-16.0436797,64.2637422],[-16.0436447,64.263864],[-16.0435394,64.2639554],[-16.043329,64.2640112],[-16.0430133,64.2641991],[-16.0428028,64.2642397],[-16.0426859,64.2642042],[-16.0426509,64.2641178],[-16.0425222,64.2640925],[-16.0422767,64.2641077],[-16.0419024,64.2640392],[-16.041497,64.2640019],[-16.0413557,64.2640297],[-16.0412657,64.2641441],[-16.0411372,64.2641692],[-16.0405848,64.2641274],[-16.0401416,64.2639879],[-16.0399039,64.2639572],[-16.0398525,64.2640521],[-16.0397626,64.2640827],[-16.0392291,64.2641544],[-16.0387927,64.2643263],[-16.0384171,64.2646348],[-16.0383765,64.2647406],[-16.038478,64.2647847],[-16.0387724,64.2647979],[-16.039016,64.2648684],[-16.0393103,64.26534],[-16.0398178,64.2656044],[-16.039899,64.2657146],[-16.0401122,64.2657983],[-16.0400919,64.2658777],[-16.0398483,64.2658997],[-16.0395438,64.2658556],[-16.039422,64.2657939],[-16.039422,64.2657146],[-16.039219,64.2655824],[-16.0390566,64.2655031],[-16.0389652,64.2655251],[-16.0390058,64.2656353],[-16.0389348,64.2657234],[-16.0386505,64.2658821],[-16.0384577,64.2658953],[-16.0381836,64.26586],[-16.0380415,64.2657895],[-16.0378182,64.2658909],[-16.0376051,64.265935],[-16.0374934,64.2659129],[-16.0374325,64.2658689],[-16.037534,64.2657102],[-16.0379096,64.2656276],[-16.0378918,64.2656055],[-16.0372593,64.2655649],[-16.0370606,64.2655901],[-16.0369529,64.2655829],[-16.0367625,64.2654823],[-16.0361209,64.2648728],[-16.0358851,64.2646848],[-16.0359715,64.2646379],[-16.0361876,64.2646332],[-16.0361228,64.2645347],[-16.0357662,64.2643658],[-16.0351829,64.2641875],[-16.034902,64.2642485],[-16.0347183,64.2642251],[-16.0346319,64.2641453],[-16.0348588,64.2639342],[-16.0348479,64.2637841],[-16.0346103,64.2635495],[-16.0345779,64.263451],[-16.0344374,64.2633947],[-16.0344374,64.2633244],[-16.0345887,64.2633009],[-16.0346211,64.2632305],[-16.0346319,64.2630288],[-16.0344374,64.2628083],[-16.0340809,64.2627567],[-16.0338324,64.2628036],[-16.0327737,64.2627051],[-16.0324496,64.2627286],[-16.0318554,64.2626676],[-16.0314541,64.2627699],[-16.0307758,64.2627465],[-16.0304245,64.2626881],[-16.0300361,64.2624785],[-16.0296719,64.2623856],[-16.0293655,64.2623454],[-16.029134,64.2623485],[-16.0290089,64.2623277],[-16.0286081,64.2622017],[-16.0283259,64.2621527],[-16.0279307,64.2621247],[-16.0274953,64.2621597],[-16.0269389,64.2622823],[-16.0264712,64.2622262],[-16.0258745,64.2623173],[-16.0246362,64.2623233],[-16.0245576,64.2622755],[-16.0245741,64.2622278],[-16.0245498,64.2621665],[-16.0244176,64.2621595],[-16.0243545,64.2621384],[-16.0243218,64.2620363],[-16.0241939,64.2620125],[-16.0240066,64.2620125],[-16.0238057,64.2620958],[-16.0236732,64.2621077],[-16.0234996,64.2620541],[-16.0231342,64.2620065],[-16.0229059,64.2620125],[-16.022746,64.26207],[-16.0226501,64.262068],[-16.0225429,64.2620023],[-16.0224225,64.2619687],[-16.0223108,64.2619986],[-16.0221131,64.2619948],[-16.0218123,64.2618866],[-16.021056,64.2617821],[-16.0205231,64.2616403],[-16.0202395,64.2616254],[-16.0196293,64.2615171],[-16.0190191,64.2613118],[-16.0187097,64.2611178],[-16.0186065,64.2609834],[-16.0186839,64.2609461],[-16.0192168,64.2610394],[-16.020059,64.2612969],[-16.0205489,64.2614574],[-16.020781,64.2615992],[-16.0209872,64.2616365],[-16.0214513,64.2616552],[-16.0221561,64.2616104],[-16.0222506,64.2615246],[-16.0224483,64.2615022],[-16.0228007,64.2612857],[-16.0228265,64.2611887],[-16.0228007,64.2611178],[-16.0229296,64.2610692],[-16.0229726,64.2609946],[-16.0229038,64.2609498],[-16.0227491,64.2609498],[-16.0220358,64.2608602],[-16.0220358,64.2607781],[-16.0223796,64.2605467],[-16.022242,64.2604758],[-16.022053,64.2603937],[-16.0218811,64.2604534],[-16.0218553,64.2605766],[-16.0217264,64.2606363],[-16.0215975,64.2606363],[-16.0215287,64.2607147],[-16.0213482,64.2607371],[-16.0211162,64.2606587],[-16.0211076,64.2605355],[-16.0213396,64.2604571],[-16.0213998,64.2603937],[-16.0213482,64.2603489],[-16.0211162,64.2603041],[-16.0209958,64.260166],[-16.0208153,64.2601623],[-16.020377,64.2599607],[-16.0203255,64.2598301],[-16.0201965,64.2597479],[-16.0202237,64.2596122],[-16.0199166,64.2596242],[-16.0197906,64.2595951],[-16.0197425,64.2594465],[-16.0197889,64.2593964],[-16.0196496,64.259402],[-16.0193453,64.2594075],[-16.0191595,64.259434],[-16.0189495,64.2594159],[-16.0186169,64.2593234],[-16.0182439,64.2593496],[-16.0177933,64.2592657],[-16.0172998,64.2593589],[-16.0171496,64.2594801],[-16.0171496,64.2596012],[-16.0168492,64.259946],[-16.0166131,64.2598901],[-16.0167848,64.2595919],[-16.0165273,64.2594801],[-16.0162913,64.2589302],[-16.0160915,64.2587635],[-16.0154977,64.2585579],[-16.0153169,64.2583934],[-16.0146973,64.2581542],[-16.0143788,64.2578701],[-16.0141063,64.2577181],[-16.0139778,64.2576025],[-16.0141705,64.2575174],[-16.014143,64.2574443],[-16.0138523,64.2573766],[-16.0138156,64.2573327],[-16.0139353,64.2573023],[-16.0141348,64.2571868],[-16.0141215,64.2571348],[-16.0139619,64.2570828],[-16.0140018,64.2568459],[-16.0140816,64.2567766],[-16.0140816,64.2566669],[-16.0139619,64.2565571],[-16.013789,64.2565282],[-16.0131639,64.2562798],[-16.0125255,64.2561585],[-16.0119668,64.2559389],[-16.0117141,64.2558985],[-16.0114608,64.2557918],[-16.0113796,64.2556398],[-16.0113108,64.2556154],[-16.010736,64.2556235],[-16.0106298,64.2556724],[-16.0106423,64.2558325],[-16.0104861,64.2559546],[-16.0104548,64.2560143],[-16.0102861,64.2560849],[-16.010005,64.2560768],[-16.0097738,64.2560035],[-16.0097301,64.2559302],[-16.0098988,64.2558624],[-16.0101174,64.2558569],[-16.0102049,64.2558054],[-16.0103299,64.2557809],[-16.0103924,64.2557348],[-16.0103924,64.2556751],[-16.0101487,64.2554797],[-16.0102328,64.2554349],[-16.0102011,64.2553424],[-16.0101059,64.2552924],[-16.0100656,64.2552335],[-16.0101783,64.255147],[-16.0101868,64.2550359],[-16.0103359,64.2550211],[-16.0104084,64.2549859],[-16.0104254,64.2549489],[-16.0103999,64.2548786],[-16.0104382,64.2548008],[-16.0105959,64.2547453],[-16.0106428,64.2547083],[-16.0106982,64.2546953],[-16.0107025,64.2546639],[-16.0099305,64.2542884],[-16.0097714,64.2541233],[-16.009471,64.2540581],[-16.0088525,64.2538738],[-16.0084018,64.2538623],[-16.0082428,64.2538431],[-16.0080396,64.2537817],[-16.0079159,64.2538278],[-16.0074652,64.2537971],[-16.0072178,64.2537894],[-16.0063253,64.2536934],[-16.0062105,64.2537433],[-16.005645,64.2536704],[-16.0054417,64.2535322],[-16.0051766,64.2534977],[-16.0048055,64.2534977],[-16.0045139,64.253467],[-16.0041605,64.253348],[-16.0039572,64.2533403],[-16.0036568,64.2533518],[-16.0035685,64.2533787],[-16.0033917,64.2533864],[-16.0019239,64.2531303],[-16.0016968,64.2529901],[-16.0015414,64.252933],[-16.0014816,64.2527928],[-16.0011708,64.2527097],[-16.0009078,64.252502],[-16.0007405,64.25245],[-16.0001308,64.2523773],[-15.9999396,64.2523981],[-15.9993299,64.2523098],[-15.9991083,64.2522397],[-15.9990442,64.2521333],[-15.9987644,64.2520041],[-15.9987781,64.2519409],[-15.9985847,64.2516758],[-15.9982424,64.2516371],[-15.9980949,64.251668],[-15.9980516,64.2517464],[-15.9979506,64.251784],[-15.9975753,64.2517182],[-15.9974021,64.2517182],[-15.9970629,64.2516617],[-15.9967309,64.2514548],[-15.996536,64.2514517],[-15.9964711,64.2515081],[-15.9962834,64.2514924],[-15.995937,64.2512761],[-15.9959154,64.2511946],[-15.9958215,64.2511005],[-15.9954823,64.2509751],[-15.9949122,64.2506929],[-15.9949266,64.2505675],[-15.9947029,64.2502634],[-15.9943998,64.2501756],[-15.9942049,64.2499969],[-15.9939595,64.249978],[-15.9939018,64.2498965],[-15.9937863,64.2498495],[-15.9936853,64.2498714],[-15.993079,64.2497303],[-15.9928769,64.2498025],[-15.9926604,64.2498244],[-15.9925738,64.2497993],[-15.9925233,64.2497178],[-15.9927759,64.2497021],[-15.9927976,64.2496457],[-15.9923573,64.2495046],[-15.9925017,64.249398],[-15.9924223,64.2493384],[-15.9924584,64.2491785],[-15.9922491,64.2490656],[-15.9922707,64.2489841],[-15.9926203,64.2488722],[-15.9928855,64.2488827],[-15.9929699,64.2486156],[-15.9928284,64.2485498],[-15.9928713,64.2483633],[-15.9924636,64.248382],[-15.9919916,64.2482888],[-15.9917555,64.2483633],[-15.9908114,64.2483447],[-15.9905968,64.2481862],[-15.9901677,64.2481489],[-15.9897385,64.2482608],[-15.9892879,64.2483354],[-15.9888802,64.2485405],[-15.9892235,64.2486244],[-15.9890948,64.2487456],[-15.9887944,64.2487549],[-15.9886227,64.2488481],[-15.9884081,64.2488295],[-15.9883223,64.2487083],[-15.987979,64.2488015],[-15.9877644,64.248988],[-15.9878717,64.2491185],[-15.9876548,64.2492111],[-15.9875284,64.2493795],[-15.987228,64.2493142],[-15.9869061,64.2493329],[-15.986734,64.249228],[-15.9867555,64.2490882],[-15.9866267,64.2490696],[-15.9860688,64.2493119],[-15.9856826,64.2493119],[-15.9848672,64.2499365],[-15.9837728,64.2501976],[-15.9835797,64.2503933],[-15.9836656,64.2506637],[-15.983451,64.2507942],[-15.9831506,64.2507755],[-15.9830004,64.2505798],[-15.9824854,64.2506171],[-15.9821421,64.2507103],[-15.9820348,64.2508315],[-15.9815627,64.2510365],[-15.9812837,64.2510086],[-15.9808331,64.2507569],[-15.9809005,64.250589],[-15.9808603,64.2505295],[-15.9803208,64.2504875],[-15.9798457,64.2505855],[-15.979741,64.2508443],[-15.9799262,64.2510437],[-15.9798054,64.2511207],[-15.978662,64.2509773],[-15.9780419,64.2510332],[-15.9778326,64.2511242],[-15.9767442,64.2512689],[-15.9765071,64.2512689],[-15.9762964,64.2509827],[-15.9764808,64.2508168],[-15.9763754,64.250731],[-15.9758617,64.2508797],[-15.9755983,64.250834],[-15.9750319,64.2510571],[-15.9747948,64.2511029],[-15.9744655,64.2509312],[-15.973438,64.2509598],[-15.9726477,64.2510514],[-15.9717388,64.2511258],[-15.9707377,64.2510915],[-15.9702108,64.2512231],[-15.9691176,64.2513146],[-15.9682482,64.2512975],[-15.9679057,64.2512517],[-15.9673261,64.2512746],[-15.9669441,64.2513833],[-15.9658904,64.2518525],[-15.9653767,64.2519384],[-15.9650342,64.2521615],[-15.9647312,64.252276],[-15.9644414,64.2522874],[-15.9642965,64.2522016],[-15.964385,64.2520932],[-15.9643619,64.2518863],[-15.9641852,64.2517762],[-15.9641387,64.2515054],[-15.9642674,64.2513935],[-15.9645464,64.251319],[-15.9645464,64.2511605],[-15.9647609,64.2510673],[-15.964718,64.250974],[-15.9644605,64.2509274],[-15.9637095,64.2509647],[-15.9634306,64.2512164],[-15.9631731,64.2512537],[-15.9628727,64.2513935],[-15.9624435,64.2514588],[-15.9619285,64.2514401],[-15.96195,64.2511418],[-15.9616496,64.2511046],[-15.9613149,64.2511392],[-15.9609755,64.2511711],[-15.9608778,64.2511357],[-15.9594195,64.2505562],[-15.9577673,64.2502952],[-15.955879,64.2502952],[-15.9551494,64.2501181],[-15.9545486,64.250146],[-15.9540551,64.2500715],[-15.9541838,64.2496706],[-15.9537761,64.2492697],[-15.9526389,64.2487756],[-15.9507721,64.2484494],[-15.9481328,64.2483188],[-15.947489,64.2484121],[-15.9472315,64.2483748],[-15.947017,64.2480019],[-15.9464161,64.2478247],[-15.9459655,64.2478061],[-15.9453433,64.2474891],[-15.9440343,64.2472747],[-15.9434764,64.2473679],[-15.9431331,64.2475077],[-15.9427469,64.2474891],[-15.9423392,64.2472281],[-15.9418027,64.2470509],[-15.9414809,64.2470416],[-15.9412234,64.2468924],[-15.9400003,64.2465941],[-15.9392707,64.2465381],[-15.9386914,64.2464542],[-15.9381335,64.2461372],[-15.9380691,64.2459135],[-15.9367817,64.2457083],[-15.9362667,64.2455405],[-15.9357517,64.24541],[-15.9356444,64.2452235],[-15.9354084,64.2451303],[-15.9352582,64.2448878],[-15.9345715,64.2446548],[-15.9341666,64.2445855],[-15.9337352,64.2445855],[-15.9330327,64.2446551],[-15.9328109,64.2446444],[-15.9324658,64.2445266],[-15.9321208,64.2444463],[-15.9320222,64.2443178],[-15.9316278,64.2442535],[-15.9313567,64.2442481],[-15.9305802,64.2444088],[-15.930038,64.244457],[-15.9292739,64.2446176],[-15.9285467,64.2448372],[-15.9279363,64.2449078],[-15.9275107,64.245028],[-15.9273063,64.2452717],[-15.9267699,64.2454116],[-15.9262978,64.2456633],[-15.9259116,64.2463626],[-15.9258258,64.2464465],[-15.9255468,64.2464745],[-15.9250973,64.2463562],[-15.9248453,64.2463487],[-15.9246019,64.2462882],[-15.9243412,64.2463071],[-15.9236605,64.2464211],[-15.9231026,64.2465983],[-15.9221156,64.2466915],[-15.9209998,64.2470272],[-15.9207852,64.2473162],[-15.9204633,64.247456],[-15.9173305,64.248034],[-15.9169657,64.2482485],[-15.9147341,64.2484349],[-15.913511,64.2484349],[-15.9124811,64.2485282],[-15.9115369,64.2485188],[-15.9103139,64.2486866],[-15.9096701,64.248668],[-15.9091551,64.2487426],[-15.9085758,64.2486866],[-15.9079106,64.2485375],[-15.9068163,64.2485282],[-15.9065588,64.2485654],[-15.9065588,64.2486866],[-15.9061296,64.2487985],[-15.905443,64.2488265],[-15.9051402,64.2487849],[-15.905158,64.2485914],[-15.9053362,64.2484752],[-15.9050154,64.248332],[-15.9045699,64.2482856],[-15.9043205,64.2482159],[-15.9039819,64.2483243],[-15.9036968,64.2483165],[-15.9034918,64.2479991],[-15.903278,64.247852],[-15.9031087,64.2478288],[-15.9030374,64.247701],[-15.9026988,64.2475462],[-15.9021464,64.2474261],[-15.9014871,64.2473332],[-15.9010327,64.2471823],[-15.9006406,64.2471242],[-15.8997229,64.2471706],[-15.898823,64.2470777],[-15.8983775,64.2471126],[-15.8977895,64.2471126],[-15.8967559,64.2470003],[-15.8963104,64.2469151],[-15.8956421,64.2469771],[-15.8953214,64.2469887],[-15.8942696,64.24723],[-15.892789,64.2475376],[-15.8919521,64.2475936],[-15.8912226,64.2476868],[-15.8910938,64.2478453],[-15.8913084,64.2479106],[-15.892038,64.2478546],[-15.8922954,64.2479478],[-15.8922954,64.248069],[-15.8920165,64.2481529],[-15.8918878,64.2483953],[-15.8910938,64.2484606],[-15.8906003,64.248647],[-15.8904501,64.2491598],[-15.8906861,64.2494208],[-15.8909222,64.2494674],[-15.8909007,64.2496446],[-15.8906003,64.2498403],[-15.8903213,64.2498963],[-15.8900424,64.2506327],[-15.8898064,64.2507539],[-15.8894201,64.2507539],[-15.8885404,64.2505954],[-15.8875748,64.2508564],[-15.8872314,64.2510615],[-15.8869525,64.2515183],[-15.8863946,64.2516208],[-15.8858796,64.2520776],[-15.8854719,64.2522081],[-15.88515,64.2524038],[-15.8846994,64.2523106],[-15.8844419,64.2520682],[-15.8853002,64.2516674],[-15.885429,64.2514251],[-15.8849784,64.2513039],[-15.8851715,64.2510149],[-15.8860727,64.2505954],[-15.8871242,64.2504742],[-15.8873816,64.2502785],[-15.8872314,64.25012],[-15.8877035,64.2494954],[-15.8873387,64.2490852],[-15.8885189,64.2482741],[-15.8896562,64.248069],[-15.8899995,64.2477707],[-15.889742,64.2476495],[-15.889227,64.2477148],[-15.8887549,64.2478546],[-15.8877679,64.2478453],[-15.8858581,64.2486843],[-15.8852359,64.2490666],[-15.8848711,64.2494674],[-15.8840342,64.2497378],[-15.8832189,64.2499056],[-15.8827468,64.2503624],[-15.8829399,64.2508285],[-15.8837124,64.2512293],[-15.8839484,64.2515462],[-15.8834763,64.2520589],[-15.8834549,64.2523106],[-15.8837553,64.2526462],[-15.8835622,64.2528046],[-15.8830791,64.2529792],[-15.8826714,64.2538088],[-15.8822852,64.2539299],[-15.882135,64.2541257],[-15.881856,64.2542748],[-15.8812552,64.2544612],[-15.8807832,64.2547129],[-15.8806599,64.2548715],[-15.8805176,64.2553164],[-15.8802341,64.2555141],[-15.8793339,64.2558987],[-15.8786845,64.2559757],[-15.8783451,64.2561103],[-15.8784927,64.2562898],[-15.8775777,64.2566038],[-15.8776662,64.2567256],[-15.8774301,64.2568538],[-15.8752312,64.2571359],[-15.8750836,64.2573346],[-15.8736111,64.2577016],[-15.8726893,64.2576986],[-15.8714809,64.2580475],[-15.8695311,64.2583665],[-15.8689063,64.2586409],[-15.8683776,64.2587095],[-15.8676224,64.2586379],[-15.86662,64.2587542],[-15.8651671,64.2590591],[-15.8639995,64.2591775],[-15.8636112,64.2592953],[-15.8634115,64.2593181],[-15.8631135,64.2593074],[-15.8627245,64.2592131],[-15.8625457,64.2591232],[-15.8608098,64.2591035],[-15.8596675,64.259009],[-15.85911,64.2591566],[-15.8587836,64.2590857],[-15.8584436,64.2591389],[-15.8582804,64.2591861],[-15.8580221,64.2592039],[-15.8577501,64.2591507],[-15.8571789,64.2589263],[-15.8569341,64.2586841],[-15.8569341,64.2585955],[-15.8568661,64.2585306],[-15.856431,64.2584361],[-15.8562542,64.2584302],[-15.855751,64.2585188],[-15.8554655,64.2586014],[-15.8548671,64.2586605],[-15.854024,64.258631],[-15.8529633,64.2585306],[-15.8527049,64.258442],[-15.8523241,64.2582116],[-15.8517665,64.2581821],[-15.8515082,64.2581053],[-15.8508554,64.2580049],[-15.8505018,64.2578632],[-15.8502299,64.2575974],[-15.8502345,64.2575186],[-15.8503252,64.2574714],[-15.8501982,64.2570813],[-15.8499986,64.257034],[-15.8495904,64.2570301],[-15.8495269,64.2570773],[-15.8495904,64.2572901],[-15.8495087,64.2573768],[-15.8492729,64.2574162],[-15.8475764,64.2573138],[-15.8472135,64.2573256],[-15.8469414,64.257298],[-15.8464787,64.257168],[-15.846143,64.2571286],[-15.8453184,64.2568923],[-15.8448856,64.2566833],[-15.8443277,64.2565621],[-15.8433835,64.2564969],[-15.8426754,64.2565341],[-15.8407657,64.2563757],[-15.8400791,64.2564037],[-15.8378904,64.2563477],[-15.8364098,64.2565435],[-15.8351223,64.2565807],[-15.8334486,64.2564969],[-15.8323972,64.2562266],[-15.8319895,64.2560215],[-15.8311527,64.2559377],[-15.8302944,64.2560309],[-15.8290069,64.2560402],[-15.8266251,64.2557419],[-15.8260028,64.255481],[-15.8239,64.2552107],[-15.8234279,64.2550802],[-15.8228915,64.2547353],[-15.8222048,64.2546701],[-15.8217113,64.254726],[-15.8200805,64.2544743],[-15.8188574,64.2541108],[-15.8184283,64.2538871],[-15.8181922,64.2530576],[-15.8181064,64.2529923],[-15.8176129,64.2529457],[-15.8174412,64.252694],[-15.8172266,64.2520882],[-15.8167975,64.2514543],[-15.8163254,64.2511373],[-15.8158963,64.2509882],[-15.8154457,64.250578],[-15.8151238,64.2504848],[-15.8145874,64.2501585],[-15.814523,64.2499162],[-15.8146303,64.24945],[-15.8145753,64.2492627],[-15.8144086,64.2492084],[-15.8143336,64.2487339],[-15.8141335,64.2485927],[-15.8135333,64.248542],[-15.8124579,64.2482703],[-15.8114989,64.2474973],[-15.8108122,64.2472735],[-15.8102543,64.2472456],[-15.8094389,64.247115],[-15.8088381,64.2465836],[-15.8083661,64.2463132],[-15.8076794,64.24622],[-15.8068211,64.2454368],[-15.8068211,64.245241],[-15.8066924,64.2451571],[-15.8064563,64.2451198],[-15.8064134,64.2448774],[-15.8060272,64.2445417],[-15.805362,64.2442993],[-15.8051903,64.2440475],[-15.8050401,64.2439357],[-15.8049543,64.2430592],[-15.8047397,64.2427981],[-15.8040316,64.2425743],[-15.8036668,64.2423225],[-15.8034522,64.2422199],[-15.8031733,64.2422199],[-15.8019717,64.2426302],[-15.8015854,64.2429473],[-15.8013923,64.2434321],[-15.8013923,64.243917],[-15.8011134,64.244551],[-15.8007057,64.2447748],[-15.7998474,64.2455301],[-15.7991822,64.2457352],[-15.7988388,64.2460242],[-15.7986243,64.246509],[-15.7983668,64.2466023],[-15.7978089,64.2471057],[-15.7971652,64.2473108],[-15.7971652,64.2474693],[-15.796972,64.2476651],[-15.7965643,64.2478702],[-15.7965214,64.2481219],[-15.7962854,64.248355],[-15.7959635,64.2484669],[-15.7954271,64.2484948],[-15.7949765,64.2487372],[-15.7945259,64.2486253],[-15.7937534,64.2486906],[-15.7933886,64.2488677],[-15.7930882,64.2488957],[-15.792702,64.2488025],[-15.7924015,64.2488677],[-15.792187,64.2490635],[-15.7916934,64.2491474],[-15.7908137,64.2495576],[-15.789891,64.2500843],[-15.787983,64.2513157],[-15.7870603,64.2520707],[-15.7862449,64.2530029],[-15.786202,64.2533198],[-15.7855797,64.2540375],[-15.7853437,64.2544383],[-15.7848502,64.2547366],[-15.783391,64.2552678],[-15.7827473,64.2556872],[-15.7823825,64.2557898],[-15.7820392,64.2561346],[-15.781653,64.2563396],[-15.7786489,64.2571318],[-15.778091,64.2571878],[-15.7773829,64.2574301],[-15.7769323,64.2574673],[-15.7745076,64.2579799],[-15.7738638,64.2579892],[-15.7736278,64.2581384],[-15.7732416,64.2581663],[-15.7726622,64.2581104],[-15.7722545,64.2581477],[-15.7718897,64.2581011],[-15.7713533,64.2581384],[-15.7706881,64.2583247],[-15.7693234,64.2583833],[-15.7688943,64.2585417],[-15.7667485,64.258402],[-15.7655469,64.2584485],[-15.7640878,64.2584113],[-15.7635513,64.2583274],[-15.7629076,64.2583274],[-15.7619634,64.258141],[-15.7591525,64.2579826],[-15.7537881,64.2579733],[-15.748488,64.2582249],[-15.7456771,64.2585883],[-15.7440034,64.2589797],[-15.7423941,64.2593246],[-15.7405487,64.2599489],[-15.7398191,64.2603124],[-15.7392183,64.2608156],[-15.7390681,64.2610112],[-15.7391539,64.2611976],[-15.7390467,64.2613281],[-15.7379738,64.2617101],[-15.7377592,64.2618592],[-15.7373515,64.2622972],[-15.7358924,64.2627444],[-15.7346478,64.2634246],[-15.7336393,64.2638765],[-15.7318262,64.2644402],[-15.7305709,64.2648874],[-15.7290678,64.2653855],[-15.7272975,64.26587],[-15.7261817,64.2659958],[-15.7242935,64.2662939],[-15.7235103,64.2664988],[-15.7220833,64.2670765],[-15.7212572,64.2671231],[-15.7200449,64.2671091],[-15.7190793,64.267165],[-15.718575,64.2672628],[-15.7178669,64.2673886],[-15.7174592,64.2674026],[-15.7163541,64.2675469],[-15.715528,64.2677705],[-15.7147341,64.2678823],[-15.714262,64.2677193],[-15.714026,64.2677006],[-15.7132964,64.2676495],[-15.7126849,64.2676447],[-15.7123114,64.2675946],[-15.7111946,64.2674162],[-15.7098651,64.2671061],[-15.7050342,64.2668593],[-15.6985863,64.2674894],[-15.6965516,64.2672824],[-15.6964747,64.268079],[-15.6949126,64.2675201],[-15.6938447,64.2682535],[-15.6917987,64.2691063],[-15.6923346,64.269427],[-15.691944,64.2697388],[-15.6924195,64.2699744],[-15.6904385,64.2699532],[-15.6889282,64.269841],[-15.6873587,64.2700375],[-15.6862922,64.2701798]]],[[[-16.1384781,64.2663805],[-16.137547,64.2664239],[-16.137148,64.2663589],[-16.1366325,64.2660629],[-16.1365827,64.2658896],[-16.1367157,64.2657525],[-16.1374971,64.2657164],[-16.1381289,64.2656225],[-16.1380957,64.2655142],[-16.1382619,64.2653843],[-16.1381456,64.2653049],[-16.1368653,64.265406],[-16.1351029,64.26498],[-16.1348202,64.2648789],[-16.1347537,64.2647562],[-16.1348036,64.2646263],[-16.1347039,64.2644819],[-16.1341386,64.2643303],[-16.1340388,64.2642292],[-16.1342549,64.2640704],[-16.1341718,64.2640343],[-16.1329581,64.2638826],[-16.1325923,64.2638826],[-16.1324593,64.2639982],[-16.1322265,64.2640631],[-16.1315781,64.2640054],[-16.1311291,64.2638393],[-16.1305306,64.2637094],[-16.1302479,64.2637671],[-16.1300152,64.263861],[-16.1287183,64.2639837],[-16.1277041,64.2639837],[-16.1273715,64.2639115],[-16.1272884,64.2638104],[-16.1271055,64.2637599],[-16.1268561,64.2638393],[-16.1267065,64.2638321],[-16.1263573,64.2637238],[-16.1258585,64.2637021],[-16.1256756,64.2638321],[-16.1250604,64.2639621],[-16.1240462,64.2639693],[-16.1234975,64.2638032],[-16.1228491,64.2638321],[-16.1224168,64.2640343],[-16.1210202,64.2640487],[-16.1207708,64.2639548],[-16.120804,64.2637743],[-16.1206544,64.2637382],[-16.120272,64.2639693],[-16.1199394,64.2639404],[-16.1192577,64.2643158],[-16.1188254,64.2644313],[-16.1186093,64.2646407],[-16.118044,64.2647562],[-16.1178279,64.2650017],[-16.1174787,64.2651388],[-16.1169134,64.2651894],[-16.1163148,64.2656298],[-16.1157163,64.2656009],[-16.1145524,64.2657741],[-16.1141534,64.2658896],[-16.1145025,64.2667198],[-16.1145524,64.2669797],[-16.1148184,64.2671169],[-16.1153339,64.2671313],[-16.1158327,64.2670952],[-16.1166972,64.2672324],[-16.1172293,64.2674273],[-16.1176782,64.2677882],[-16.117778,64.2681059],[-16.1188753,64.268178],[-16.119025,64.2682502],[-16.1190748,64.2684235],[-16.1188753,64.2685967],[-16.1186259,64.2685967],[-16.1183932,64.2685029],[-16.1178611,64.2685462],[-16.1170298,64.2684235],[-16.1166141,64.2682069],[-16.1161319,64.2681853],[-16.1150678,64.268012],[-16.1142199,64.2679831],[-16.1136878,64.2678532],[-16.1129563,64.2675428],[-16.1125905,64.2672252],[-16.1118755,64.2671602],[-16.1117758,64.2670519],[-16.1120917,64.2669725],[-16.1120917,64.2669075],[-16.1116594,64.2668065],[-16.1114599,64.2666549],[-16.1110442,64.2665899],[-16.1107117,64.2666549],[-16.1102794,64.2666332],[-16.1096421,64.2665005],[-16.1090443,64.2665705],[-16.1080712,64.2665133],[-16.1065813,64.2666101],[-16.104794,64.2668239],[-16.1035709,64.2672152],[-16.1014036,64.2674388],[-16.1001806,64.2678114],[-16.0993222,64.2679698],[-16.0984425,64.2680443],[-16.0981421,64.2679465],[-16.0980563,64.2677509],[-16.0983353,64.2676018],[-16.0983138,64.2674155],[-16.0985284,64.267285],[-16.0981207,64.2670987],[-16.0977559,64.2670708],[-16.0976915,64.2668844],[-16.0973911,64.2668844],[-16.0959964,64.2665397],[-16.0953097,64.2665118],[-16.0943871,64.2665863],[-16.0935502,64.2665584],[-16.0898809,64.2667633],[-16.0886364,64.2666888],[-16.0880141,64.2667913],[-16.0869412,64.2667074],[-16.0856323,64.2669217],[-16.0853534,64.2671174],[-16.0846882,64.2673037],[-16.0842805,64.2672571],[-16.0827999,64.2673782],[-16.0827999,64.2671919],[-16.0831861,64.2670242],[-16.0834222,64.2668006],[-16.0838971,64.2666693],[-16.0840669,64.2664935],[-16.084498,64.2662383],[-16.084511,64.2660511],[-16.084707,64.2659036],[-16.084707,64.2658356],[-16.0845633,64.2658413],[-16.0840146,64.2659377],[-16.0838318,64.2660001],[-16.0836489,64.2660341],[-16.0835313,64.265932],[-16.0836619,64.2658242],[-16.0840292,64.2657465],[-16.0843118,64.2655911],[-16.0843118,64.2655503],[-16.0842364,64.2654848],[-16.0837184,64.2656198],[-16.0834171,64.2656566],[-16.083191,64.2656852],[-16.0828426,64.2656566],[-16.0823216,64.2657533],[-16.0820145,64.2656756],[-16.0818866,64.2657089],[-16.0817074,64.2656811],[-16.0814771,64.2655478],[-16.0815155,64.2654589],[-16.0816819,64.2653978],[-16.0817458,64.2650367],[-16.0819604,64.2647758],[-16.0820462,64.2646454],[-16.0821964,64.2645802],[-16.0823252,64.2643565],[-16.0818746,64.2643845],[-16.0815312,64.2642634],[-16.0808875,64.2643565],[-16.0800721,64.2645615],[-16.0790851,64.2642727],[-16.0779049,64.264077],[-16.0774757,64.2639093],[-16.0775187,64.2637043],[-16.0774328,64.2635832],[-16.0769822,64.2634714],[-16.0761883,64.2635086],[-16.0756733,64.2634434],[-16.0753514,64.263518],[-16.0748365,64.263518],[-16.074815,64.2636111],[-16.074536,64.2637043],[-16.0739138,64.2636298],[-16.0738709,64.2635366],[-16.0739352,64.2634434],[-16.0736348,64.2633037],[-16.0731628,64.2633037],[-16.0730984,64.2632198],[-16.0731842,64.2631266],[-16.0729053,64.2630521],[-16.0729696,64.2629123],[-16.0732915,64.262903],[-16.0732057,64.2627446],[-16.07327,64.2626607],[-16.0734846,64.2626421],[-16.0736134,64.2624744],[-16.0741248,64.2624645],[-16.0750536,64.2625093],[-16.0753013,64.26246],[-16.0754355,64.2623794],[-16.0754458,64.2622673],[-16.0751878,64.2620387],[-16.0751878,64.2619581],[-16.0750433,64.2618953],[-16.075033,64.2618326],[-16.0751362,64.2618012],[-16.0752807,64.2618281],[-16.0765501,64.2616712],[-16.0766842,64.2615861],[-16.0764985,64.2614741],[-16.0763437,64.2613934],[-16.0763024,64.2613217],[-16.0762095,64.2612724],[-16.0761889,64.2612141],[-16.0763024,64.2611245],[-16.0762508,64.2609721],[-16.0761579,64.2609049],[-16.0760547,64.2609004],[-16.0760134,64.2609497],[-16.0756625,64.2610124],[-16.0753942,64.2609811],[-16.0751878,64.260999],[-16.0751568,64.2610528],[-16.0752291,64.2611021],[-16.0751878,64.2611603],[-16.0749711,64.2611962],[-16.0748266,64.2612858],[-16.0748059,64.2613755],[-16.0743931,64.2614785],[-16.0740629,64.2616623],[-16.0737636,64.2617161],[-16.0733817,64.2617116],[-16.0732992,64.2618819],[-16.073134,64.261976],[-16.0731753,64.2620343],[-16.0730126,64.262083],[-16.0726478,64.2620457],[-16.0724547,64.2621017],[-16.0724547,64.2621948],[-16.0721757,64.2622507],[-16.0720684,64.2623905],[-16.0724117,64.2624185],[-16.0726478,64.2625676],[-16.0726907,64.2627353],[-16.0724761,64.2628285],[-16.0718324,64.2628657],[-16.0716178,64.2629682],[-16.0710384,64.2630894],[-16.0710599,64.2632198],[-16.0715534,64.2632384],[-16.0717036,64.2633316],[-16.0716822,64.2634807],[-16.0714032,64.2634993],[-16.0711028,64.2635646],[-16.071017,64.263723],[-16.0708239,64.2638348],[-16.070781,64.264105],[-16.0709312,64.264282],[-16.070738,64.2644311],[-16.070738,64.264664],[-16.0704376,64.2649156],[-16.0702016,64.2649994],[-16.0699656,64.2650553],[-16.0698154,64.2651858],[-16.0698368,64.2654932],[-16.069987,64.2656982],[-16.070738,64.2661175],[-16.070781,64.2662386],[-16.070738,64.2663411],[-16.0708453,64.2665553],[-16.070781,64.2667789],[-16.0706093,64.2667976],[-16.0705235,64.2669094],[-16.0703089,64.266956],[-16.0701158,64.267133],[-16.0700943,64.2672727],[-16.0699656,64.26731],[-16.0700085,64.2674218],[-16.0696866,64.2674777],[-16.0695793,64.2675988],[-16.0691502,64.2677106],[-16.0690858,64.2678317],[-16.0688283,64.2679062],[-16.0684421,64.2679342],[-16.0679271,64.2678969],[-16.0676696,64.2677758],[-16.0673906,64.2675056],[-16.0670259,64.2675336],[-16.0664036,64.2678503],[-16.0659744,64.2679714],[-16.0651161,64.2679714],[-16.0645368,64.2680739],[-16.0645153,64.2682136],[-16.0643007,64.2683068],[-16.0640647,64.2682509],[-16.0638501,64.2683068],[-16.063657,64.268577],[-16.0638501,64.2686981],[-16.0637214,64.2688006],[-16.0627987,64.2691266],[-16.0616829,64.2693222],[-16.0613825,64.2693036],[-16.0596659,64.2697414],[-16.0593655,64.2698905],[-16.0575416,64.2703469],[-16.056812,64.2703935],[-16.0561039,64.2705705],[-16.0552241,64.2707196],[-16.0549666,64.2707196]]],[[[-16.1329404,64.2556683],[-16.1319319,64.2560691],[-16.1312238,64.2565071],[-16.1315672,64.2567867],[-16.1331979,64.2575603],[-16.1334125,64.2578958],[-16.1331765,64.2580728],[-16.133155,64.2582965],[-16.13367,64.2584549],[-16.1341635,64.2584549],[-16.1343137,64.258604],[-16.1339704,64.2591818],[-16.1337129,64.2593962],[-16.1330048,64.2594987],[-16.1325757,64.2594148],[-16.1323825,64.2594614],[-16.1323396,64.2596851],[-16.1326615,64.2598994],[-16.1326186,64.2601976],[-16.1332623,64.2607194],[-16.1332194,64.2609058],[-16.1334125,64.2610735],[-16.1346279,64.2615099],[-16.1350746,64.2621404],[-16.1358988,64.2626048],[-16.1367158,64.2628647],[-16.1371553,64.2628193],[-16.137546,64.262972],[-16.1386268,64.2630214],[-16.1388027,64.263095],[-16.1386639,64.2632395],[-16.1380487,64.2633227],[-16.1366938,64.2632731],[-16.1359439,64.2632333],[-16.1353882,64.2630792],[-16.1343175,64.2629344],[-16.1338528,64.2629773],[-16.1334823,64.2632355],[-16.1331998,64.2632764],[-16.1328905,64.263253],[-16.1325946,64.2631771],[-16.1325946,64.2630603],[-16.1328636,64.2630136],[-16.1329443,64.2629084],[-16.1320029,64.2628092],[-16.1317877,64.2629201],[-16.1313035,64.2630428],[-16.1310615,64.2632588],[-16.1311556,64.2633172],[-16.1315322,64.2633406],[-16.1319087,64.2634282],[-16.1322764,64.2634495],[-16.1327253,64.2634278],[-16.1332241,64.2634567],[-16.1341552,64.2636805],[-16.1345875,64.2637166],[-16.1351528,64.2638754],[-16.1354354,64.2640126],[-16.1360506,64.2645685],[-16.1360506,64.2647418],[-16.1362668,64.264915],[-16.1368154,64.2649223],[-16.1377299,64.2650306],[-16.138395,64.2648934],[-16.1393427,64.2648212],[-16.1402073,64.2645252],[-16.1411051,64.2644963],[-16.1411882,64.2645468],[-16.1411051,64.2647418],[-16.1399412,64.2650594],[-16.1399745,64.2651749],[-16.1402738,64.2653193],[-16.1401906,64.265572],[-16.1414875,64.2657164],[-16.1417369,64.2657886],[-16.141687,64.2659618],[-16.1411384,64.2660773],[-16.1406562,64.2661279],[-16.1384781,64.2663805]]],[[[-16.152201,64.2662872],[-16.1517265,64.2661957],[-16.1517265,64.2660736],[-16.1518847,64.2659744],[-16.1519198,64.2657225],[-16.1516386,64.2654784],[-16.1517089,64.2652113],[-16.1511465,64.265051],[-16.1506896,64.2647763],[-16.149969,64.2649747],[-16.1494067,64.2649747],[-16.1486334,64.2652265],[-16.1481237,64.2652342],[-16.1476316,64.2650815],[-16.1484049,64.264845],[-16.1485806,64.2646924],[-16.1486861,64.2644329],[-16.148715,64.2641686],[-16.1486338,64.2635604],[-16.1484105,64.263318],[-16.148035,64.2631946],[-16.1475884,64.2632651],[-16.1473448,64.2632122],[-16.146888,64.2629181],[-16.1468092,64.262624],[-16.1469023,64.2622045],[-16.1465727,64.2618309],[-16.1459198,64.2615594],[-16.1447427,64.2613621],[-16.1438807,64.2609391],[-16.1432464,64.2608828],[-16.1426457,64.2610668],[-16.1423442,64.2610387],[-16.1421959,64.2609066],[-16.142232,64.2605943],[-16.1421243,64.2602162],[-16.1418239,64.259918],[-16.1411802,64.2595453],[-16.1401717,64.259508],[-16.1399571,64.2593309],[-16.1400858,64.2590607],[-16.1407081,64.2586786],[-16.1407296,64.2583245],[-16.1404935,64.257989],[-16.1402575,64.2577839],[-16.1403004,64.2575696],[-16.1400215,64.2573739],[-16.139764,64.2573459],[-16.1394636,64.2571875],[-16.1386267,64.2564139],[-16.1373607,64.2560598],[-16.136202,64.2554819],[-16.135451,64.255398],[-16.1346571,64.2555938],[-16.1340992,64.2556497]]],[[[-16.2147456,64.235701],[-16.2148124,64.2357971],[-16.2148124,64.2361609],[-16.2145549,64.2362821],[-16.2141043,64.2362821],[-16.2136323,64.2361795],[-16.2132031,64.2362075],[-16.2127096,64.2363567],[-16.2126238,64.2364966],[-16.2124092,64.2365992],[-16.2123448,64.2369723],[-16.2121731,64.2371681],[-16.2118292,64.2373584],[-16.2107564,64.2382257],[-16.2102199,64.2384216],[-16.2097264,64.2384309],[-16.2086964,64.2383376],[-16.2073446,64.2385055],[-16.2066579,64.2383936],[-16.205628,64.2385242],[-16.2054134,64.2386547],[-16.204834,64.2387014],[-16.2043405,64.2385895],[-16.2034178,64.2386547],[-16.2028599,64.2386081],[-16.2023664,64.2384216],[-16.2019372,64.2380858],[-16.2011862,64.2378993],[-16.2008,64.2379646],[-16.2003923,64.2378993],[-16.1998559,64.2379646],[-16.1988903,64.2378434],[-16.1983753,64.2379459],[-16.1980105,64.237918],[-16.1977745,64.2380299],[-16.1977959,64.2382444],[-16.1983753,64.2385148],[-16.1994911,64.2388413],[-16.1999202,64.2390837],[-16.1999631,64.2392143],[-16.1995984,64.2392329],[-16.1991478,64.239121],[-16.1988259,64.2389438],[-16.1969591,64.2384309],[-16.1965728,64.2384309],[-16.1966372,64.2382724],[-16.1962081,64.2381231],[-16.1961222,64.2379553],[-16.1962939,64.2378061],[-16.1971522,64.2376662],[-16.1968518,64.2375449],[-16.1968303,64.237405],[-16.1973882,64.2371346],[-16.1982036,64.2371066],[-16.1985255,64.2371905],[-16.1988044,64.2371439],[-16.1985469,64.236948],[-16.1985899,64.2366029],[-16.1988473,64.236491],[-16.1991263,64.2364817],[-16.1991263,64.2363511],[-16.1992765,64.2362765],[-16.2003923,64.2361832],[-16.2006498,64.235978],[-16.2004781,64.2357542],[-16.2006927,64.2357169],[-16.2009073,64.2351759],[-16.2007142,64.235064],[-16.1998988,64.2351013],[-16.1994696,64.2350267],[-16.199019,64.235092],[-16.1982894,64.2350547],[-16.1979676,64.2349334],[-16.1979676,64.2348308],[-16.198268,64.2347562],[-16.1982036,64.2346909],[-16.1976672,64.2346722],[-16.1974311,64.2345137],[-16.1969591,64.2344111],[-16.195972,64.234467],[-16.1956501,64.2344204],[-16.1945129,64.2336929],[-16.1942339,64.2332078],[-16.1938048,64.2328813],[-16.1937619,64.2327041],[-16.1941481,64.2327041],[-16.1946202,64.2327787],[-16.195221,64.2327974],[-16.1953927,64.232956],[-16.195221,64.2330492],[-16.195221,64.2333757],[-16.1956287,64.233525],[-16.196251,64.2336369],[-16.1963797,64.2338048],[-16.1968518,64.233926],[-16.1971093,64.2338794],[-16.1974097,64.2336089],[-16.1976457,64.2336369],[-16.1978174,64.2337208],[-16.1978817,64.2338328],[-16.198268,64.2338701],[-16.1986542,64.2337208],[-16.1988688,64.2335156],[-16.1996198,64.2333104],[-16.1998988,64.2333477],[-16.2008214,64.2332451],[-16.2013579,64.2330679],[-16.2014437,64.2329653],[-16.2013793,64.2328814],[-16.2011218,64.2327415],[-16.2011433,64.2325922],[-16.2020016,64.2321818],[-16.2024308,64.231818],[-16.2024951,64.2315941],[-16.202302,64.2313889],[-16.2024737,64.2311183],[-16.2022806,64.2308292],[-16.2018729,64.2306799],[-16.2011218,64.2306333],[-16.2006927,64.2305493],[-16.2005425,64.2304094],[-16.2001563,64.2302974],[-16.1994696,64.2303067],[-16.1991692,64.2302694],[-16.1991477,64.2300549],[-16.1994481,64.2297843],[-16.199491,64.229663],[-16.1993623,64.2295604],[-16.1995125,64.2294205],[-16.199255,64.2292992],[-16.1994696,64.22901],[-16.1988044,64.2288327],[-16.1985683,64.2288234],[-16.1981821,64.2291033],[-16.1977959,64.2291686],[-16.1973238,64.2294858],[-16.196723,64.2296164],[-16.196208,64.2299709],[-16.1960363,64.2303814],[-16.1961222,64.2306612],[-16.1967659,64.2308478],[-16.1968946,64.2309411],[-16.1968946,64.231053],[-16.1970234,64.2311556],[-16.1972809,64.2312209],[-16.1973023,64.2313422],[-16.1974096,64.2314915],[-16.197195,64.2319112],[-16.1966801,64.2320418],[-16.1961222,64.2320325],[-16.1957145,64.2321724],[-16.1945557,64.2322097],[-16.1942553,64.2323217],[-16.1933757,64.2324056],[-16.1928821,64.2325176],[-16.1921097,64.2325922],[-16.1910368,64.2325922],[-16.1902214,64.2324989],[-16.1892772,64.2325362],[-16.1889339,64.2327508],[-16.1875821,64.2327601],[-16.1868096,64.2328347],[-16.186359,64.2330119],[-16.1857582,64.2330679],[-16.1853505,64.2331985],[-16.1850715,64.2331798],[-16.1849857,64.2330679],[-16.1852432,64.2328907],[-16.1853382,64.2327204],[-16.1852356,64.2325357],[-16.1848546,64.232319],[-16.1844882,64.2322362],[-16.1840778,64.2320833],[-16.1831398,64.2318539],[-16.1826122,64.2317966],[-16.1819087,64.2317838],[-16.1813078,64.2317329],[-16.181044,64.2316437],[-16.1798862,64.2315863],[-16.1793292,64.2314461],[-16.1781224,64.2314113],[-16.1775655,64.2313157],[-16.1774043,64.231252],[-16.1765982,64.2311246],[-16.1761732,64.2309207],[-16.1756016,64.2308442],[-16.174561,64.2305511],[-16.1743852,64.2304237],[-16.1740041,64.2303026],[-16.1735205,64.2302771],[-16.1730661,64.2302134],[-16.1730921,64.230083],[-16.1725922,64.230097],[-16.1723825,64.230069],[-16.1722374,64.2299358],[-16.1722535,64.2298166],[-16.172189,64.2297254],[-16.1719148,64.2296904],[-16.1718665,64.2296132],[-16.1716084,64.2295782],[-16.1714794,64.22948],[-16.1712536,64.2294379],[-16.1709633,64.2295712],[-16.1703666,64.2299568],[-16.1705602,64.2300409],[-16.1703989,64.2302022],[-16.1690119,64.230728],[-16.1684636,64.2308542],[-16.1682217,64.2312258],[-16.1678669,64.2315273],[-16.1684152,64.2316675],[-16.168512,64.2317797],[-16.1687217,64.2319129],[-16.1687055,64.231976],[-16.1681088,64.2318989],[-16.1669154,64.231962],[-16.1666896,64.2319269],[-16.1666251,64.2318218],[-16.1667703,64.2316956],[-16.166996,64.2316465],[-16.1672057,64.2314362],[-16.1674476,64.2306299],[-16.1673992,64.2305107],[-16.1671896,64.2304546],[-16.1671412,64.2301671],[-16.1672541,64.230104],[-16.1669638,64.2297955],[-16.1667541,64.2296833],[-16.1667219,64.229501],[-16.1668832,64.2294029],[-16.1671251,64.2294379],[-16.1677218,64.2296132],[-16.1679637,64.2296343],[-16.1683507,64.2298446],[-16.1685765,64.2300409],[-16.1688345,64.2299919],[-16.1690442,64.230062],[-16.1694796,64.2299919],[-16.1692216,64.2297184],[-16.1694474,64.2295221],[-16.16927,64.2293117],[-16.1695603,64.2290663],[-16.1693667,64.2288069],[-16.1695441,64.2286316],[-16.1695119,64.2284633],[-16.1696086,64.2283511],[-16.1695119,64.2281338],[-16.169657,64.2279655],[-16.1696732,64.227713],[-16.1698183,64.2276429],[-16.1700925,64.2276429],[-16.1701892,64.227678],[-16.1703828,64.2276499],[-16.1704956,64.2275518],[-16.1707053,64.2275448],[-16.170894,64.227645],[-16.1709672,64.2277914],[-16.1711721,64.2278168],[-16.1714209,64.2279505],[-16.1718893,64.2279441],[-16.1720502,64.2280841],[-16.172621,64.2282432],[-16.1729138,64.2284977],[-16.1728991,64.2286186],[-16.1732357,64.2287522],[-16.1733821,64.228695],[-16.1734846,64.2287395],[-16.1738797,64.2287395],[-16.1741578,64.228835],[-16.1745969,64.2288095],[-16.1751677,64.2288604],[-16.1754311,64.2288095],[-16.1758504,64.2288453],[-16.1762456,64.2289662],[-16.176509,64.2291507],[-16.1765969,64.2293161],[-16.1764798,64.2294561],[-16.1756748,64.2298061],[-16.1757333,64.2299525],[-16.1755724,64.2300415],[-16.1755138,64.2301624],[-16.174943,64.2303151],[-16.175104,64.2303597],[-16.1753089,64.230366],[-16.1755724,64.2304424],[-16.1757919,64.2303979],[-16.1760261,64.2304169],[-16.1762749,64.2305251],[-16.1765676,64.2304997],[-16.1768457,64.2303597],[-16.1770945,64.2303215],[-16.1772701,64.230436],[-16.1774896,64.2304742],[-16.1775482,64.2306587],[-16.1777092,64.2307033],[-16.178397,64.2306524],[-16.1786605,64.2305951],[-16.1789093,64.2306842],[-16.1789825,64.2308051],[-16.17888,64.2309387],[-16.179363,64.2312187],[-16.1797143,64.2312187],[-16.1796996,64.2313714],[-16.1798313,64.2313905],[-16.1803143,64.2312505],[-16.1808266,64.2312059],[-16.1810168,64.2313968],[-16.1812217,64.2314604],[-16.1813827,64.2314159],[-16.1817194,64.2311805],[-16.1824365,64.2310278],[-16.1830366,64.2308178],[-16.1832415,64.2308369],[-16.1835488,64.230786],[-16.1838854,64.2309323],[-16.1842074,64.2309387],[-16.1849246,64.2310469],[-16.1852319,64.2312059],[-16.1854954,64.231225],[-16.1856564,64.2311996],[-16.1859198,64.2310596],[-16.186637,64.2310914],[-16.186754,64.231136],[-16.1869297,64.231136],[-16.1873395,64.2310405],[-16.187559,64.2310405],[-16.188297,64.2311037],[-16.1883185,64.231253],[-16.1884902,64.2313649],[-16.189327,64.2314395],[-16.1894987,64.2315142],[-16.1894987,64.2315981],[-16.1900351,64.2317754],[-16.1908934,64.2316448],[-16.191623,64.2316914],[-16.1925242,64.2315981],[-16.1932538,64.2313276],[-16.1934683,64.2310291],[-16.1932538,64.2306559],[-16.1939189,64.2301055],[-16.1942623,64.2300402],[-16.1945198,64.2298723],[-16.194391,64.2295924],[-16.1941336,64.22937],[-16.1935909,64.2291934],[-16.1933969,64.2292797],[-16.1933214,64.2291072],[-16.1930003,64.229058],[-16.1926603,64.229099],[-16.1915648,64.22937],[-16.191017,64.2297478],[-16.1907148,64.2297888],[-16.1904881,64.2297313],[-16.1904504,64.2295753],[-16.1909603,64.2290744],[-16.1915648,64.2287213],[-16.191697,64.228401],[-16.1918292,64.2283024],[-16.191867,64.228171],[-16.192037,64.2280889],[-16.192037,64.2280314],[-16.1910926,64.2280314],[-16.1909292,64.2279407],[-16.1907148,64.2280068],[-16.1906959,64.2280971],[-16.1904693,64.2281546],[-16.1904126,64.2280889],[-16.190167,64.2281382],[-16.1898648,64.2284338],[-16.1895815,64.2284749],[-16.1897137,64.22813],[-16.1895437,64.2280725],[-16.1893926,64.2281218],[-16.1890337,64.2280889],[-16.1887315,64.2279986],[-16.1885804,64.2275715],[-16.188486,64.2274237],[-16.1881082,64.2273744],[-16.1876171,64.2274155],[-16.1874093,64.227629],[-16.1873716,64.2278343],[-16.1875416,64.2280396],[-16.1874471,64.2282121],[-16.1875605,64.2283435],[-16.1880893,64.2284092],[-16.1882782,64.2285406],[-16.1886749,64.2286309],[-16.1887126,64.2287295],[-16.1883915,64.2288198],[-16.1879571,64.2288198],[-16.1875793,64.2288855],[-16.1871449,64.2288362],[-16.1869183,64.2287295],[-16.1865783,64.2287952],[-16.1863327,64.2290333],[-16.1859738,64.2291565],[-16.1858416,64.2291401],[-16.1856716,64.2290333],[-16.1850105,64.2291483],[-16.1840283,64.229058],[-16.183235,64.2288362],[-16.1824228,64.2288198],[-16.1816106,64.2287377],[-16.1814595,64.2286227],[-16.1815162,64.2285159],[-16.1822151,64.2282778],[-16.1829328,64.2282121],[-16.1831595,64.2280971],[-16.1831595,64.2279657],[-16.1823095,64.2278261],[-16.1819884,64.2277193],[-16.1818562,64.2276208],[-16.182064,64.2275058],[-16.1814029,64.2273416],[-16.1811762,64.2272266],[-16.1811195,64.2271034],[-16.1815162,64.2269884],[-16.1819506,64.2267913],[-16.1820073,64.2266353],[-16.1816484,64.2265039],[-16.1810818,64.2264956],[-16.1804207,64.2266188],[-16.1799107,64.226857],[-16.1789488,64.2271018],[-16.1786699,64.2271018],[-16.1783909,64.2270178],[-16.1780905,64.2270085],[-16.1777257,64.2270645],[-16.1775541,64.2272231],[-16.1772322,64.2273257],[-16.1766743,64.2272884],[-16.1764168,64.2273537],[-16.175816,64.2273537],[-16.1755799,64.2274843],[-16.1751937,64.2275403],[-16.1746573,64.2274563],[-16.1736488,64.2275123],[-16.1731552,64.2274097],[-16.1730694,64.2272698],[-16.1732625,64.2271391],[-16.1731123,64.2269525],[-16.1711168,64.2269245],[-16.1704945,64.2270272],[-16.1705024,64.2271748],[-16.1702836,64.2272379],[-16.1699004,64.2270725],[-16.1697275,64.227032],[-16.1695709,64.2270472],[-16.1690139,64.2267785],[-16.1688573,64.2267823],[-16.1687789,64.2267104],[-16.1690313,64.2264758],[-16.1689704,64.2263358],[-16.1686214,64.2261197],[-16.168546,64.2259613],[-16.1684078,64.2258739],[-16.1682319,64.2258301],[-16.1679028,64.2258001],[-16.1674224,64.2256534],[-16.1671771,64.2256178],[-16.1670238,64.2255067],[-16.167034,64.2250845],[-16.1669318,64.2249823],[-16.1669012,64.2248934],[-16.1665639,64.224609],[-16.166104,64.2244223],[-16.1657891,64.2241216],[-16.1655987,64.2240388],[-16.1651833,64.2239033],[-16.1648718,64.2238732],[-16.1641566,64.2236509],[-16.1636538,64.223578],[-16.1633785,64.2234791],[-16.1631512,64.2234257],[-16.1627958,64.2233213],[-16.1625507,64.2233128],[-16.1619869,64.2232445],[-16.1618029,64.2231867],[-16.1615057,64.2231867],[-16.1612233,64.2230736],[-16.1613199,64.2229702],[-16.1609038,64.2228118],[-16.1608518,64.2227375],[-16.1606586,64.2227052],[-16.1605769,64.2226503],[-16.1606289,64.2226115],[-16.160562,64.2225759],[-16.1605323,64.2225146],[-16.1605992,64.2224855],[-16.1605695,64.2224273],[-16.1604654,64.2223982],[-16.1602277,64.2224176],[-16.1600939,64.222353],[-16.1600593,64.2222651],[-16.1596375,64.222127],[-16.1592496,64.2221007],[-16.1588254,64.22199],[-16.158789,64.2220427],[-16.1592739,64.2224433],[-16.1595526,64.2227227],[-16.1596496,64.2229704],[-16.1595042,64.2230653],[-16.1594678,64.2232234],[-16.159589,64.2233288],[-16.1603769,64.2235397],[-16.1606799,64.2237558],[-16.1609223,64.2237979],[-16.161189,64.2238032],[-16.1618071,64.2240299],[-16.1621223,64.2242302],[-16.1621344,64.2245833],[-16.1622677,64.2247256],[-16.1625586,64.2247783],[-16.1628374,64.2251789],[-16.1631647,64.2253423],[-16.163395,64.2256321],[-16.1637828,64.2258219],[-16.1638192,64.2259589],[-16.1635889,64.226059],[-16.1636253,64.2262119],[-16.1638313,64.2263226],[-16.1642192,64.2263542],[-16.1645343,64.2264438],[-16.1648858,64.2267705],[-16.1652252,64.2268549],[-16.1654191,64.2270657],[-16.1653585,64.2273713],[-16.1650863,64.2278752],[-16.1648279,64.2279103],[-16.164731,64.228135],[-16.1650701,64.2283877],[-16.1647794,64.2287037],[-16.1638266,64.2293216],[-16.1637495,64.229477],[-16.163413,64.2296107],[-16.1632728,64.2296335],[-16.1626188,64.2295708],[-16.1623334,64.2296461],[-16.1623589,64.229717],[-16.1622569,64.2297613],[-16.1617728,64.229768],[-16.1615002,64.229725],[-16.1608047,64.2298181],[-16.1607111,64.2298588],[-16.1609518,64.2299751],[-16.1609219,64.2300984],[-16.1607856,64.2301438],[-16.1605722,64.2301438],[-16.1604949,64.2301754],[-16.1604995,64.2302761],[-16.1603499,64.2303407],[-16.1603061,64.2303924],[-16.1603624,64.2305311],[-16.1605564,64.2305284],[-16.1609068,64.2306182],[-16.1610319,64.2307161],[-16.1609506,64.2308711],[-16.1610131,64.2309772],[-16.1612947,64.2310588],[-16.1616889,64.2310153],[-16.1618953,64.2310371],[-16.162008,64.2311214],[-16.1619704,64.2313009],[-16.161965,64.2315848],[-16.1623406,64.2317907],[-16.1630591,64.2318972],[-16.1642348,64.2322166],[-16.1646431,64.2322876],[-16.165035,64.2322521],[-16.1651983,64.232316],[-16.1651819,64.2324012],[-16.1647084,64.2325503],[-16.1645777,64.2326567],[-16.1643165,64.2326922],[-16.1638102,64.2326496],[-16.163451,64.2326922],[-16.1632877,64.2329265],[-16.1630264,64.233104],[-16.1625365,64.2332388],[-16.1623732,64.2331891],[-16.1624549,64.2330117],[-16.1623569,64.2329194],[-16.1620793,64.2328626],[-16.1619487,64.2327632],[-16.1616221,64.2327419],[-16.1612302,64.2328271],[-16.1606096,64.2328342],[-16.1601539,64.2326937],[-16.1588874,64.2326919],[-16.1581578,64.2329344],[-16.1568918,64.2331862],[-16.1557975,64.2333262],[-16.1554327,64.2334941],[-16.1553469,64.2337273],[-16.1556473,64.2339045],[-16.1555185,64.2340071],[-16.1551323,64.2340817],[-16.1550894,64.2342403],[-16.1553039,64.2343149],[-16.1556043,64.2345854],[-16.1567416,64.2348372],[-16.1574282,64.2347626],[-16.1579647,64.2348559],[-16.1582007,64.2348092],[-16.1582222,64.2345947],[-16.1585655,64.2344082],[-16.1589732,64.2343429],[-16.1593809,64.2345108],[-16.1596813,64.2344641],[-16.1599173,64.2345481],[-16.1599817,64.2348186],[-16.1605825,64.2349491],[-16.1611404,64.2347626],[-16.1614408,64.2347439],[-16.1615267,64.2348465],[-16.1613979,64.2350051],[-16.1615052,64.2351264],[-16.1624064,64.2353875],[-16.1624708,64.2355461],[-16.1624279,64.2357046],[-16.1625995,64.2357606],[-16.1635651,64.2356673],[-16.164402,64.2357886],[-16.1649384,64.235658],[-16.1653032,64.2357046],[-16.1656465,64.2359285],[-16.1655178,64.236199],[-16.1655822,64.2363109],[-16.1655607,64.236628],[-16.1657324,64.2367772],[-16.1659469,64.2368239],[-16.1662474,64.2368332],[-16.1668267,64.2369544],[-16.1669125,64.2370664],[-16.1665692,64.2372342],[-16.1665048,64.2373928],[-16.1669125,64.2376446],[-16.16717,64.2379524],[-16.1676636,64.2380829],[-16.1680498,64.2383627],[-16.1680069,64.2385026],[-16.1678483,64.2385449],[-16.1670786,64.2385777],[-16.1668137,64.2385176],[-16.1663531,64.2385327],[-16.1661689,64.2385477],[-16.1661113,64.2386227],[-16.1660307,64.2386628],[-16.1658234,64.2387078],[-16.165785,64.2387535],[-16.1658465,64.2387879],[-16.1661228,64.2387879],[-16.1663416,64.238883],[-16.1665604,64.238873],[-16.166687,64.2387579],[-16.1668137,64.2387429],[-16.1673088,64.2388179],[-16.1674701,64.2388179],[-16.1676313,64.2387829],[-16.1680343,64.2388079],[-16.168207,64.2387879],[-16.1683567,64.2386828],[-16.1686215,64.2386828],[-16.1688634,64.2387529],[-16.1691151,64.2388706],[-16.1695236,64.2388765],[-16.1696598,64.2386871],[-16.1699321,64.2386516],[-16.1700547,64.2387167],[-16.1700955,64.2389357],[-16.170259,64.2390955],[-16.1705041,64.2391369],[-16.1708173,64.2391191],[-16.1712394,64.2392079],[-16.1714573,64.2393795],[-16.1714573,64.2394979],[-16.1711441,64.2396222],[-16.1709807,64.2397702],[-16.1710352,64.2398708],[-16.1712588,64.2399151],[-16.171286,64.2399979],[-16.1711907,64.2401992],[-16.1709319,64.2402879],[-16.1709183,64.2404181],[-16.1710409,64.2404536],[-16.1714494,64.2405069],[-16.1715992,64.2404536],[-16.1717899,64.2404596],[-16.1719159,64.2405647],[-16.1720875,64.2405926],[-16.1721948,64.2407605],[-16.1726884,64.2407885],[-16.1729673,64.2407512],[-16.1732033,64.2408444],[-16.1737827,64.2409283],[-16.1743191,64.2410309],[-16.1752438,64.2410375],[-16.1756945,64.2409442],[-16.1755013,64.240823],[-16.1755872,64.2407204],[-16.1764455,64.2405526],[-16.1767673,64.2405712],[-16.1770463,64.240422],[-16.1773682,64.2404406],[-16.1778188,64.2405992],[-16.1778831,64.2407391],[-16.1777544,64.2408323],[-16.1788702,64.2412053],[-16.1793423,64.2415503],[-16.1795783,64.2415503],[-16.1795568,64.2412799],[-16.179986,64.2411494],[-16.1800182,64.2410001],[-16.1801898,64.2409535],[-16.180104,64.2408043],[-16.1799109,64.2408043],[-16.1797392,64.2408602],[-16.1793744,64.2408229],[-16.1791813,64.2405525],[-16.1793101,64.2404219],[-16.1796319,64.2403473],[-16.1796963,64.2398437],[-16.1799967,64.2396199],[-16.1804044,64.2396106],[-16.1806404,64.2397039],[-16.1806404,64.239909],[-16.1809194,64.240282],[-16.1811983,64.240394],[-16.1816919,64.2402727],[-16.1817348,64.2401142],[-16.182121,64.2400862],[-16.1827862,64.2397039],[-16.1827862,64.239564],[-16.1832154,64.2395173],[-16.1837518,64.239592],[-16.184138,64.2397412],[-16.1845672,64.2396759],[-16.184653,64.2396199],[-16.1844599,64.2395267],[-16.1844599,64.2393868],[-16.1847389,64.2393775],[-16.1851466,64.2394241],[-16.1857259,64.2393681],[-16.1859405,64.2394148],[-16.1857688,64.239508],[-16.1857688,64.2396852],[-16.1859405,64.2398251],[-16.1862194,64.2398904],[-16.1864984,64.2400955],[-16.1872923,64.2401235],[-16.187464,64.2400209],[-16.1874211,64.2398904],[-16.1876142,64.2398531],[-16.1881077,64.239937],[-16.1883437,64.2401142],[-16.1883223,64.2402634],[-16.1886012,64.2403473],[-16.1891377,64.2403473],[-16.1898458,64.2402354],[-16.1900818,64.2402727],[-16.1901891,64.2403846],[-16.1900818,64.2405059],[-16.1902106,64.2405898],[-16.1903393,64.2407949],[-16.1910474,64.24114],[-16.1914122,64.24114],[-16.1916911,64.2410467],[-16.1916911,64.2409628],[-16.1920559,64.2408789],[-16.1925709,64.2409068],[-16.1930644,64.241084],[-16.1931717,64.2412332],[-16.1927855,64.2413731],[-16.1923563,64.2413545],[-16.1922276,64.2414664],[-16.1923992,64.2415689],[-16.1928284,64.2415596],[-16.1936867,64.2417275],[-16.1954677,64.2418767],[-16.1957896,64.2420072],[-16.1960685,64.2420352],[-16.1962616,64.2421284],[-16.1960471,64.2421844],[-16.1960471,64.2422869],[-16.196605,64.2425294],[-16.1968624,64.2428837],[-16.1967981,64.2430143],[-16.1969697,64.2430982],[-16.1975491,64.2431355],[-16.1977422,64.2432754],[-16.1976349,64.2434525],[-16.1973345,64.243611],[-16.1969054,64.2437043],[-16.1964547,64.243695],[-16.195811,64.2436017],[-16.1946952,64.2435924],[-16.1943304,64.243667],[-16.1940515,64.2436297],[-16.193794,64.2434712],[-16.1937082,64.2432008],[-16.1934936,64.2431355],[-16.1930001,64.2432008],[-16.1923992,64.2431448],[-16.1916053,64.2429117],[-16.191026,64.2428837],[-16.1902964,64.2427159],[-16.1901033,64.2423895],[-16.1895239,64.242231],[-16.1892021,64.2420072],[-16.1888158,64.2419233],[-16.1884296,64.2416715],[-16.1881721,64.2416435],[-16.1875498,64.2413731],[-16.1871207,64.2412985],[-16.1867344,64.2413078],[-16.186713,64.2414197],[-16.186949,64.2415596],[-16.1871636,64.2417554],[-16.1870992,64.2419886],[-16.1874211,64.2424361],[-16.1874211,64.2426972],[-16.1873138,64.2428931],[-16.1873352,64.243266],[-16.1870563,64.2434432],[-16.1865842,64.2434618],[-16.1855757,64.2433313],[-16.1853611,64.2432194],[-16.1850178,64.2432194],[-16.184653,64.24335],[-16.1845672,64.2435271],[-16.1842668,64.2436204],[-16.1839449,64.2435458],[-16.183387,64.2435458],[-16.1830437,64.2434525],[-16.1827648,64.2434712],[-16.1823356,64.243611],[-16.1826146,64.2439467],[-16.1825502,64.2440959],[-16.1822927,64.2441332],[-16.182121,64.2439747],[-16.1819064,64.2439747],[-16.181885,64.2438162],[-16.181649,64.2437136],[-16.1810481,64.2437043],[-16.1807906,64.2439654],[-16.1804902,64.2440679],[-16.1800182,64.2440306],[-16.1799109,64.2440959],[-16.1799538,64.2442637],[-16.1797178,64.2443663],[-16.1797821,64.2445155],[-16.1795461,64.2447766],[-16.1793315,64.2447672],[-16.1792886,64.2446553],[-16.179074,64.244618],[-16.1791384,64.2444502],[-16.1788809,64.244357],[-16.1789238,64.2441985],[-16.1786663,64.2441425],[-16.1783445,64.2443943],[-16.1780655,64.2444036],[-16.1779582,64.2445341],[-16.1777007,64.2445435],[-16.1776578,64.2444502],[-16.1774862,64.2443104],[-16.1769926,64.2441518],[-16.1770356,64.2438908],[-16.1777437,64.2439001],[-16.1777437,64.243611],[-16.1782372,64.2435271],[-16.1783659,64.2433593],[-16.178087,64.2432567],[-16.1772287,64.2431355],[-16.1767995,64.2431635],[-16.1768854,64.2433127],[-16.1763918,64.2434805],[-16.1759627,64.2434898],[-16.1756837,64.2433779],[-16.1755979,64.2432287],[-16.1753619,64.2432474],[-16.1751044,64.2431355],[-16.1744821,64.2434152],[-16.1742675,64.243611],[-16.1744821,64.2437323],[-16.1746538,64.2441891],[-16.1749542,64.2442358],[-16.1750185,64.2443756],[-16.1753619,64.244646],[-16.1749756,64.2447206],[-16.17504,64.2448418],[-16.1751902,64.2449724],[-16.1755121,64.2450003],[-16.1755764,64.2453966],[-16.1754262,64.2457882],[-16.1754477,64.246012],[-16.1758768,64.2460399],[-16.1759627,64.2461425],[-16.1755335,64.2462637],[-16.1753833,64.2463849],[-16.1754262,64.2466553],[-16.175276,64.2467765],[-16.1753189,64.2469536],[-16.1757266,64.2470748],[-16.1762631,64.2469163],[-16.1765635,64.2469723],[-16.1766922,64.247196],[-16.1771214,64.2472147],[-16.1774862,64.2471308],[-16.1777008,64.2471774],[-16.1777651,64.2473172],[-16.1776793,64.2474384],[-16.1772716,64.2474664],[-16.1761987,64.2477181],[-16.176306,64.2478486],[-16.1762202,64.2480071],[-16.1752546,64.2484919],[-16.173538,64.2488182],[-16.1730874,64.2487343],[-16.1718857,64.2492564],[-16.1713064,64.2497132],[-16.1712205,64.2499462],[-16.1714995,64.2502352],[-16.1724865,64.250375],[-16.1733448,64.2504216],[-16.1736882,64.2503284],[-16.1739886,64.2503284],[-16.1744392,64.250431],[-16.1751044,64.2504776],[-16.1754906,64.2503843],[-16.1757723,64.2502154],[-16.1756784,64.2500755],[-16.1759198,64.2499415],[-16.1760137,64.2498425],[-16.1762819,64.2497318],[-16.176577,64.2497143],[-16.176805,64.2498308],[-16.1771805,64.2498017],[-16.1773012,64.24986],[-16.1773683,64.2499474],[-16.1778377,64.2499357],[-16.1781595,64.249994],[-16.1784144,64.2502445],[-16.1788838,64.2502445],[-16.1790984,64.2501979],[-16.179152,64.2501047],[-16.1794337,64.2500522],[-16.1796482,64.2500639],[-16.1797958,64.249924],[-16.1801177,64.2498774],[-16.1805602,64.2497085],[-16.1806675,64.2495686],[-16.1806139,64.2493647],[-16.1810028,64.2491316],[-16.1814991,64.2491083],[-16.1819148,64.2490442],[-16.1823574,64.2490675],[-16.1828134,64.2490151],[-16.1833096,64.2490209],[-16.1835376,64.2489044],[-16.1840875,64.2488111],[-16.1845167,64.248817],[-16.1847447,64.2486829],[-16.1849995,64.2487062],[-16.1850532,64.2488286],[-16.185375,64.2488811],[-16.1854153,64.248782],[-16.1856299,64.2487529],[-16.1858042,64.2488111],[-16.1859383,64.2489451],[-16.1860859,64.2489451],[-16.1862736,64.2489218],[-16.186448,64.2489568],[-16.186515,64.2490792],[-16.1866556,64.2491105],[-16.186922,64.2490191],[-16.1872584,64.2489582],[-16.1875949,64.2489704],[-16.1878333,64.2490313],[-16.1880716,64.2489887],[-16.1884361,64.2488669],[-16.1885483,64.2487572],[-16.1887446,64.2487511],[-16.1891231,64.2486171],[-16.1895718,64.2485684],[-16.1901185,64.2486232],[-16.190469,64.248745],[-16.1905251,64.2488851],[-16.1907775,64.2489765],[-16.1907074,64.2491227],[-16.1908055,64.2492262],[-16.1910859,64.2492689],[-16.1914645,64.2492567],[-16.1915906,64.2493115],[-16.1917869,64.2495917],[-16.1916607,64.2496222],[-16.1914364,64.249543],[-16.1912121,64.2495917],[-16.1912822,64.2497257],[-16.1915766,64.2497257],[-16.1917869,64.2496648],[-16.1926702,64.2495612],[-16.1927683,64.2495978],[-16.1925861,64.2497501],[-16.1922916,64.2498232],[-16.1921795,64.2499267],[-16.1923898,64.2501155],[-16.1922496,64.2502373],[-16.1923197,64.2503226],[-16.1924739,64.2503592],[-16.1924038,64.2504627],[-16.1921514,64.2505602],[-16.1915906,64.2506515],[-16.1912822,64.2507612],[-16.1912401,64.250883],[-16.1913944,64.2509378],[-16.1919692,64.2509134],[-16.1922075,64.2508403],[-16.1924879,64.2508038],[-16.1927403,64.2507063],[-16.1929927,64.2507002],[-16.1931048,64.2507429],[-16.1934834,64.2506211],[-16.1938619,64.2504932],[-16.1939881,64.2505175],[-16.1940161,64.2508708],[-16.193904,64.2509743],[-16.1935394,64.2510596],[-16.1932731,64.2512423],[-16.1923898,64.2515225],[-16.1922496,64.2516443],[-16.191871,64.2517052],[-16.1916187,64.2518331],[-16.1913523,64.2518209],[-16.1907915,64.2520158],[-16.1906513,64.2522412],[-16.190413,64.2523143],[-16.190413,64.2524056],[-16.1908055,64.2524604],[-16.1909457,64.252564],[-16.1909317,64.2526614],[-16.1908476,64.2527528],[-16.1908616,64.2529294],[-16.1907915,64.2529842],[-16.1894316,64.2526919],[-16.1890951,64.2526675],[-16.1886324,64.2526919],[-16.1875777,64.2525987],[-16.1874275,64.2527292],[-16.1872129,64.2527292],[-16.1870627,64.2524868],[-16.1864833,64.2522631],[-16.1854963,64.2524216],[-16.184874,64.2522631],[-16.1845307,64.2522817],[-16.1843376,64.2524402],[-16.1826639,64.2527105],[-16.1819343,64.2526173],[-16.1816553,64.2523936],[-16.1811833,64.2523936],[-16.1802606,64.2525707],[-16.1801318,64.2527198],[-16.1796383,64.2528503],[-16.178029,64.2527105],[-16.1774067,64.252813],[-16.1771921,64.2529715],[-16.176248,64.2531206],[-16.1756901,64.2530927],[-16.1754326,64.2528597],[-16.1744456,64.252608],[-16.1730937,64.25258],[-16.1720852,64.2522911],[-16.1718706,64.252086],[-16.1713526,64.2517837],[-16.1702062,64.2512417],[-16.1694981,64.2511612],[-16.1691778,64.2512344],[-16.1693633,64.2515127],[-16.1697679,64.2517617],[-16.1695993,64.2518496],[-16.1688575,64.251791],[-16.1678797,64.2514615],[-16.1673065,64.2514322],[-16.1666659,64.251586],[-16.166413,64.2517837],[-16.1670873,64.2519302],[-16.1676605,64.2523623],[-16.1678628,64.2527431],[-16.1676437,64.2528017],[-16.1668345,64.2524868],[-16.1665816,64.2524501],[-16.1664298,64.2526479],[-16.1668345,64.2528749],[-16.1669693,64.2533143],[-16.1667164,64.2540613],[-16.1651596,64.2545015],[-16.164194,64.2550794],[-16.1637005,64.2552472],[-16.1632284,64.2555734],[-16.1631855,64.2558996],[-16.1635717,64.2562724],[-16.1636146,64.2566732],[-16.1635074,64.2569062],[-16.1639365,64.2572044],[-16.1649236,64.2575119],[-16.1654385,64.2576238],[-16.1655938,64.2577099],[-16.165696,64.25795],[-16.1655673,64.258127],[-16.165153,64.2582219],[-16.1647819,64.2581298],[-16.1644461,64.2581221],[-16.1644108,64.2582143],[-16.1646052,64.2583371],[-16.1643047,64.2584599],[-16.1637922,64.2585059],[-16.1631207,64.2583447],[-16.1627496,64.2584752],[-16.161919,64.2584982],[-16.1616362,64.2586517],[-16.1619897,64.2589127],[-16.161866,64.2590509],[-16.1612474,64.2591199],[-16.161053,64.2592274],[-16.1606642,64.2592581],[-16.1601694,64.2594653],[-16.1599927,64.2596802],[-16.1595509,64.2599719],[-16.1596115,64.2602909],[-16.1598475,64.2604214],[-16.1602981,64.2605611],[-16.1605127,64.260878],[-16.1603196,64.2612041],[-16.1597831,64.2613066],[-16.1595686,64.2615955],[-16.1592252,64.2617446],[-16.1591394,64.2618471],[-16.1595042,64.2621266],[-16.15959,64.2624341],[-16.1593969,64.2625739],[-16.1589677,64.2626671],[-16.1583884,64.2630118],[-16.1575301,64.2632727],[-16.157573,64.2634591],[-16.1569722,64.2637945],[-16.1561139,64.2639529],[-16.156071,64.264102],[-16.1563662,64.2642361],[-16.1563662,64.2645063],[-16.1561302,64.2645622],[-16.1563018,64.2648045],[-16.1562375,64.2649349],[-16.1564735,64.2650374],[-16.1565593,64.2652703],[-16.1563447,64.2654194],[-16.1541346,64.2657269],[-16.1536196,64.2656989],[-16.1531475,64.2657735],[-16.1531261,64.2659598],[-16.152933,64.2661554],[-16.152201,64.2662872]]],[[[-16.2180001,64.2327425],[-16.2181288,64.2328637],[-16.2181503,64.2330783],[-16.218043,64.2332275],[-16.2171418,64.23361],[-16.216541,64.2337406],[-16.2154991,64.2337731],[-16.2151987,64.2341182],[-16.2145764,64.234398],[-16.2144691,64.2348364],[-16.2146837,64.2349857],[-16.2145335,64.235396],[-16.2147456,64.235701]]],[[[-16.2185991,64.2276945],[-16.2182772,64.2277225],[-16.2180626,64.2276666],[-16.2179339,64.2275173],[-16.2176335,64.2274333],[-16.2173116,64.2274146],[-16.2169683,64.2272934],[-16.2164319,64.2269015],[-16.2163246,64.2266683],[-16.2163693,64.2263241],[-16.2162191,64.2261468],[-16.2155325,64.2257922],[-16.2153823,64.2255963],[-16.2149531,64.2253724],[-16.2145883,64.2253444],[-16.2140733,64.2254004],[-16.2135369,64.2253257],[-16.2129146,64.2251858],[-16.2124855,64.2252044],[-16.2120349,64.2250925],[-16.2115628,64.2248872],[-16.2107474,64.2249058],[-16.2104041,64.2251018],[-16.2096316,64.2257363],[-16.209696,64.2259509],[-16.2096101,64.2261375],[-16.2098462,64.2267253],[-16.210447,64.2270705],[-16.2109191,64.2270518],[-16.2112838,64.2271451],[-16.2114126,64.2273504],[-16.2115413,64.2274437],[-16.2118847,64.2274996],[-16.211949,64.2276023],[-16.2117345,64.2277609],[-16.2111336,64.2278169],[-16.2109191,64.2279381],[-16.2109405,64.2281341],[-16.2114555,64.2284419],[-16.2124211,64.2286192],[-16.2130434,64.2286285],[-16.2132579,64.228414],[-16.213494,64.2283393],[-16.2140733,64.2283766],[-16.2149746,64.2286285],[-16.2152964,64.2286472],[-16.2159831,64.2285632],[-16.2166483,64.2284979],[-16.2174207,64.2286192],[-16.2179143,64.2288151],[-16.2179572,64.2290017],[-16.2183863,64.2290483],[-16.2185795,64.2291696],[-16.2179357,64.2299253],[-16.2180216,64.2302611],[-16.2184507,64.2305223],[-16.218558,64.2307369],[-16.2183434,64.2309514],[-16.2176568,64.2309608],[-16.2164766,64.2312126],[-16.2162191,64.2313619],[-16.2163479,64.2316138],[-16.2169058,64.2317444],[-16.2170989,64.2319496],[-16.2168414,64.2323134],[-16.2168414,64.2325],[-16.2170774,64.2325839],[-16.2177426,64.2326399],[-16.2180001,64.2327425]]],[[[-16.2185991,64.2276945],[-16.2184997,64.2275764],[-16.2182422,64.2274644],[-16.218049,64.2272872],[-16.2179847,64.226718],[-16.2177486,64.2263728],[-16.2177701,64.2260556],[-16.2175984,64.2255144],[-16.2171478,64.2251412],[-16.2170179,64.224989],[-16.2170179,64.2247744],[-16.2168677,64.2246811],[-16.2163741,64.2247838],[-16.2160308,64.2247464],[-16.2153442,64.2241586],[-16.2154729,64.224],[-16.2154515,64.2237947],[-16.2151725,64.2235894],[-16.2151725,64.2234028],[-16.2153013,64.2233001],[-16.2153227,64.2230389],[-16.2151511,64.2229362],[-16.2146146,64.2228989],[-16.2144215,64.2227496],[-16.2146146,64.2225536],[-16.2144859,64.222395],[-16.2142069,64.2223203],[-16.2139923,64.2221617],[-16.2138851,64.2218538],[-16.2131984,64.2215738],[-16.212898,64.2215645],[-16.2128551,64.2216951],[-16.2126191,64.2216951],[-16.2112672,64.2211725],[-16.2104518,64.2211725],[-16.2100656,64.2212565],[-16.2091858,64.2212752],[-16.208585,64.2211539],[-16.2081559,64.2209952],[-16.207598,64.2209579],[-16.2062461,64.2211725],[-16.2056239,64.2210792],[-16.2052162,64.2210792],[-16.205066,64.2211632],[-16.2053664,64.2214992],[-16.2050874,64.2217324],[-16.2047012,64.2217791],[-16.2041647,64.2217418],[-16.2034566,64.2217884],[-16.2026412,64.2219844],[-16.2024267,64.222115],[-16.2024052,64.222311],[-16.2025125,64.222479],[-16.202491,64.2226749],[-16.2020619,64.2228522],[-16.2018473,64.2230109],[-16.2016971,64.2231975],[-16.2013323,64.2231975],[-16.2011607,64.2231322],[-16.2011392,64.2230389],[-16.2006457,64.2229269],[-16.1997444,64.2229455],[-16.1991222,64.2230575],[-16.1990149,64.2232162],[-16.198221,64.2232535],[-16.1980064,64.2231322],[-16.1973626,64.2231415],[-16.1963327,64.2229922],[-16.1951096,64.2227496],[-16.1944015,64.2226936],[-16.1939509,64.222591],[-16.1922343,64.2225723],[-16.1914842,64.2226092],[-16.1912482,64.2226931],[-16.1906474,64.2227771],[-16.1902826,64.2229078],[-16.1901109,64.2230477],[-16.1900466,64.223253],[-16.1894887,64.2235609],[-16.1889951,64.2237102],[-16.1885875,64.2237102],[-16.188051,64.2238689],[-16.1875575,64.2236916],[-16.1871712,64.2236449],[-16.1865919,64.2236076],[-16.1861413,64.2236543],[-16.185755,64.2234583],[-16.1850899,64.2234396],[-16.1845963,64.2235889],[-16.184253,64.2235329],[-16.1837595,64.2235703],[-16.1830299,64.2240182],[-16.1828153,64.2240182],[-16.1827724,64.2238875],[-16.1827295,64.2236916],[-16.182236,64.2235703],[-16.1811416,64.2235889],[-16.1805623,64.2234676],[-16.1803692,64.2232997],[-16.180455,64.2230477],[-16.1803262,64.2228331],[-16.179704,64.2227958],[-16.179425,64.2226558],[-16.1792319,64.2223759],[-16.1792319,64.2220119],[-16.179704,64.2216573],[-16.1801546,64.2214707],[-16.1802619,64.2212934],[-16.1800688,64.2211814],[-16.1793392,64.2211721],[-16.178953,64.2210694],[-16.17891,64.2209014],[-16.1785238,64.2208268],[-16.1779874,64.2209761],[-16.1776226,64.2208735],[-16.1777513,64.2207801],[-16.1777084,64.2206775],[-16.177408,64.2206308],[-16.1769789,64.2207241],[-16.1761849,64.2206868],[-16.1754768,64.2204908],[-16.1753481,64.2203602],[-16.1754339,64.2202389],[-16.1751979,64.2201362],[-16.1745327,64.2201922],[-16.1742752,64.2201175],[-16.174361,64.2199776],[-16.1748116,64.2198282],[-16.1748116,64.2197163],[-16.1743825,64.2195856],[-16.1735456,64.2195016],[-16.1722796,64.2195389],[-16.1708634,64.2198376],[-16.1706059,64.2197349],[-16.1693399,64.2197909],[-16.1689322,64.2197163],[-16.1667435,64.2197909],[-16.1656151,64.2200579],[-16.1652194,64.2199639],[-16.1648385,64.2200424],[-16.1644977,64.2200162],[-16.1644576,64.2198069],[-16.1640767,64.2196762],[-16.1634351,64.2197285],[-16.1633014,64.2196979],[-16.1632418,64.2195725],[-16.1634506,64.2193304],[-16.1633511,64.2191834],[-16.1627845,64.2189456],[-16.1617975,64.2187836],[-16.1610884,64.2189165],[-16.1608693,64.2188939],[-16.1607449,64.2188546],[-16.1604748,64.218906],[-16.1603229,64.218895],[-16.1601372,64.2186894],[-16.1598333,64.2185903],[-16.1593109,64.2186043],[-16.1585507,64.2185426],[-16.1582871,64.2183839],[-16.1580945,64.218375],[-16.1578764,64.2182352],[-16.1578457,64.2180947],[-16.157938,64.2179943],[-16.1578995,64.217904],[-16.157938,64.2178538],[-16.1577226,64.2177869],[-16.1574457,64.2178437],[-16.1567611,64.2178136],[-16.1563611,64.2177266],[-16.1561918,64.217643],[-16.1561149,64.2175292],[-16.156138,64.2173552],[-16.1564303,64.2172248],[-16.1564841,64.2171445],[-16.1564372,64.2170339],[-16.1562611,64.2168756],[-16.1562141,64.2167581],[-16.156085,64.2167377],[-16.155991,64.2166662],[-16.1558032,64.2165641],[-16.155674,64.2164108],[-16.1553218,64.2161913],[-16.1550987,64.2161198],[-16.1550652,64.2162103],[-16.1544405,64.2161337],[-16.1540562,64.2160466],[-16.153912,64.2159351],[-16.1537198,64.2159142],[-16.1536317,64.2158585],[-16.1535116,64.2158341],[-16.1534235,64.2157679],[-16.1533995,64.2156878],[-16.1536157,64.2155903],[-16.1536718,64.2155032],[-16.1537118,64.2152733],[-16.1538239,64.2151235],[-16.1540562,64.2150747],[-16.1542003,64.2149528],[-16.1540802,64.2148553],[-16.1541683,64.2146254],[-16.1543925,64.2146916],[-16.1545046,64.2146567],[-16.1543765,64.2145905],[-16.1543204,64.2145209],[-16.1541282,64.2143119],[-16.153856,64.214176],[-16.1536798,64.2141656],[-16.1537358,64.2139217],[-16.1537038,64.2138451],[-16.1541442,64.2135803],[-16.1541683,64.2135211],[-16.1545366,64.2132842],[-16.1545847,64.2132145],[-16.1549133,64.2131202],[-16.1549903,64.212894],[-16.1551444,64.2128102],[-16.1552022,64.2126678],[-16.1553851,64.2125463],[-16.1549518,64.2122154],[-16.1551155,64.21214],[-16.1550481,64.2120688],[-16.1546533,64.2120018],[-16.1543644,64.2118719],[-16.1542007,64.2118719],[-16.1538348,64.2117295],[-16.1537102,64.211809],[-16.1535091,64.2117728],[-16.1532665,64.2116612],[-16.1531209,64.2116612],[-16.1530238,64.2115798],[-16.1525871,64.2115406],[-16.1526009,64.2113988],[-16.1523297,64.2111775],[-16.1519963,64.2111293],[-16.1514954,64.2111495],[-16.150809,64.211319],[-16.1506235,64.2113392],[-16.1505215,64.2112988],[-16.1505122,64.2107984],[-16.1503638,64.2106612],[-16.1505308,64.2105442],[-16.1510688,64.2102617],[-16.1515233,64.2102173],[-16.1515882,64.2102375],[-16.151412,64.2104231],[-16.1514954,64.2105603],[-16.1517088,64.2106935],[-16.1519499,64.2106975],[-16.1520983,64.2106451],[-16.1519963,64.2104837],[-16.1520891,64.2101891],[-16.1521447,64.2100034],[-16.1522746,64.2099066],[-16.1524879,64.2098017],[-16.1531266,64.2094829],[-16.1533944,64.2093863],[-16.1539854,64.2092577],[-16.154189,64.2091132],[-16.1543283,64.2088755],[-16.1545211,64.2088382],[-16.1550675,64.2086517],[-16.1552711,64.2085165],[-16.1552604,64.2083067],[-16.1556996,64.208027],[-16.1559889,64.2079525],[-16.1569532,64.2078499],[-16.1580246,64.2077054],[-16.1583353,64.2075982],[-16.1589316,64.2075849],[-16.1595642,64.2076333],[-16.1597519,64.207594],[-16.1597728,64.207473],[-16.1596893,64.2074155],[-16.1595642,64.2074155],[-16.1595156,64.2073611],[-16.1598181,64.207199],[-16.160067,64.207101],[-16.1602686,64.2068741],[-16.1602567,64.2067399],[-16.1599296,64.2065972],[-16.1587975,64.2065565],[-16.1583124,64.2067379],[-16.1582358,64.2069787],[-16.1577251,64.2072861],[-16.1574527,64.2073861],[-16.1572825,64.2074935],[-16.1570271,64.2075638],[-16.1566441,64.2076231],[-16.156176,64.2077453],[-16.1559462,64.2078601],[-16.1552397,64.2079564],[-16.1547035,64.2080897],[-16.1545928,64.2081564],[-16.154074,64.2083143],[-16.1538452,64.2084849],[-16.1534857,64.2086745],[-16.1531589,64.2087456],[-16.1530064,64.2088831],[-16.152745,64.2089684],[-16.1523964,64.2090063],[-16.1517484,64.2093963],[-16.151741,64.2095109],[-16.1514702,64.209611],[-16.1507919,64.209737],[-16.1506205,64.209755],[-16.150419,64.2097112],[-16.1502514,64.2097269],[-16.1499641,64.2096644],[-16.1498803,64.2096175],[-16.1496409,64.2096227],[-16.1495691,64.2096904],[-16.1493776,64.2097737],[-16.1493177,64.2100029],[-16.1491262,64.2101175],[-16.1487671,64.2101748],[-16.1485157,64.21018],[-16.1474383,64.2102945],[-16.146744,64.210232],[-16.146361,64.2102268],[-16.146081,64.2101836],[-16.1458288,64.2101914],[-16.1455893,64.210303],[-16.1449992,64.2102668],[-16.1447285,64.2103242],[-16.1444438,64.2102245],[-16.1442772,64.2102064],[-16.1439162,64.2099798],[-16.1435066,64.209862],[-16.1435514,64.2096967],[-16.1433695,64.209566],[-16.1430848,64.2095134],[-16.1431275,64.2094453],[-16.1429733,64.2091878],[-16.1426994,64.209097],[-16.1426081,64.2090005],[-16.1428298,64.2089154],[-16.1429864,64.2085578],[-16.1428951,64.2084102],[-16.142869,64.2082116],[-16.1430777,64.2082116],[-16.1431162,64.208094],[-16.1420715,64.2078355],[-16.1415535,64.2079482],[-16.1408374,64.2078156],[-16.1404565,64.2078819],[-16.1400451,64.2077957],[-16.1397099,64.2077758],[-16.1389786,64.2073382],[-16.1389328,64.2070996],[-16.13907,64.2068808],[-16.1394966,64.2067747],[-16.1402127,64.2061781],[-16.1402432,64.2060388],[-16.1400146,64.2059195],[-16.1400298,64.2057471],[-16.1403041,64.2055549],[-16.1403498,64.205462],[-16.1407155,64.2054024],[-16.140782,64.2052166],[-16.1406761,64.2050388],[-16.1408425,64.2048413],[-16.1407366,64.204545],[-16.1409333,64.2044397],[-16.1408576,64.2042553],[-16.1406004,64.2039853],[-16.1406609,64.2033203],[-16.1402221,64.2029384],[-16.1401465,64.2025235],[-16.1399449,64.2022629],[-16.1399227,64.202094],[-16.1396343,64.2018912],[-16.1395123,64.2016595],[-16.1395634,64.2013938],[-16.1400784,64.2006747],[-16.1407276,64.2002096],[-16.1407552,64.1998135],[-16.1405897,64.1996155],[-16.1410034,64.1993034],[-16.1412378,64.1989373],[-16.1411964,64.1987333],[-16.1407,64.1986973],[-16.1402726,64.1987453],[-16.1401209,64.1988473],[-16.1397348,64.1988113],[-16.1393763,64.1988773],[-16.1392936,64.1989853],[-16.1394728,64.1991234],[-16.1394315,64.1992254],[-16.138549,64.1996095],[-16.138287,64.2001376],[-16.138287,64.2004677],[-16.1386455,64.2007617],[-16.1386041,64.2009418],[-16.1383835,64.2010078],[-16.1382043,64.2011518],[-16.1386317,64.2014759],[-16.138811,64.2018059],[-16.139266,64.202106],[-16.1394728,64.202418],[-16.1399554,64.2033541],[-16.1400244,64.2039542],[-16.1398313,64.2044942],[-16.1396659,64.2045182],[-16.1388931,64.2042841],[-16.1383566,64.2042747],[-16.13767,64.2045735],[-16.1372623,64.2049751],[-16.1367902,64.2049937],[-16.1369834,64.2053486],[-16.1376271,64.2058061],[-16.1365757,64.2063943],[-16.1359748,64.2064036],[-16.1355457,64.2061142],[-16.1345341,64.2058361],[-16.1340263,64.2058868],[-16.133635,64.2057999],[-16.1329274,64.2057274],[-16.1326194,64.2056332],[-16.1323863,64.2056876],[-16.1319118,64.2056948],[-16.1314289,64.2054449],[-16.1311958,64.2054159],[-16.1308549,64.2054937],[-16.1304245,64.205442],[-16.1300387,64.2051966],[-16.130009,64.205061],[-16.1295335,64.2047686],[-16.1283104,64.2038535],[-16.1281602,64.2034333],[-16.1276238,64.2029197],[-16.1276452,64.2026396],[-16.1264651,64.2016964],[-16.1262076,64.2016591],[-16.1260145,64.2014349],[-16.1259716,64.2010334],[-16.1255853,64.2004917],[-16.1255853,64.2002396],[-16.1253493,64.1999968],[-16.125242,64.1997166],[-16.1249779,64.1995205],[-16.1247633,64.1991376],[-16.1246131,64.1986893],[-16.1243771,64.1984559],[-16.1243557,64.1981009],[-16.1222957,64.1957939],[-16.1215876,64.1951962],[-16.1214374,64.1948786],[-16.121652,64.1943275],[-16.122167,64.1941126],[-16.1221026,64.193795],[-16.1224674,64.1936829],[-16.1225532,64.1934214],[-16.1227892,64.1932439],[-16.1226176,64.1923097],[-16.122918,64.1921509],[-16.1228322,64.1918894],[-16.1230253,64.1917959],[-16.1235832,64.191824],[-16.1236905,64.1917119],[-16.1235832,64.1913756],[-16.1237755,64.1906552],[-16.124033,64.1905244],[-16.1240759,64.1903282],[-16.1239471,64.1901227],[-16.1238399,64.1887213],[-16.1235609,64.1883009],[-16.1235609,64.1878151],[-16.1238184,64.1873105],[-16.1239257,64.1870396],[-16.124406,64.1867961],[-16.1248223,64.1867961],[-16.1259254,64.1871495],[-16.1260711,64.1870499],[-16.1282981,64.1871858],[-16.1301144,64.1874093],[-16.1306103,64.187357],[-16.131031,64.1873635],[-16.131617,64.1872588],[-16.1317823,64.1871738],[-16.1320829,64.1872457],[-16.1321289,64.1874563],[-16.1324223,64.1876479],[-16.13274,64.1877756],[-16.1329967,64.1879778],[-16.1330978,64.1881174],[-16.1336633,64.1881944],[-16.1339814,64.1881867],[-16.1347237,64.1883636],[-16.1349711,64.1885406],[-16.135731,64.188556],[-16.1361541,64.188669],[-16.1364098,64.1885948],[-16.136527,64.1882515],[-16.1364311,64.1881309],[-16.136186,64.1881077],[-16.1361699,64.1879162],[-16.136557,64.1878741],[-16.1376214,64.1880567],[-16.137831,64.1882673],[-16.1382181,64.1883165],[-16.1383793,64.188485],[-16.1382503,64.1885903],[-16.1384761,64.1886676],[-16.1385498,64.1888238],[-16.1384146,64.188971],[-16.1382878,64.1890335],[-16.1381948,64.1891624],[-16.1384146,64.1892544],[-16.1387358,64.1892617],[-16.1391731,64.1904301],[-16.1391375,64.1907788],[-16.1389062,64.1910267],[-16.1389062,64.1919331],[-16.1392265,64.1921578],[-16.1392443,64.1928705],[-16.1387282,64.1931804],[-16.1387994,64.1933973],[-16.1390663,64.1934748],[-16.1393333,64.1938079],[-16.1389062,64.1940713],[-16.1390663,64.1946755],[-16.1388706,64.1948769],[-16.1390485,64.1951636],[-16.1395828,64.1956103],[-16.1395244,64.1957669],[-16.1395828,64.1958642],[-16.1398842,64.1960759],[-16.1396994,64.196224],[-16.1398453,64.1965499],[-16.1400689,64.1968419],[-16.1402148,64.1969223],[-16.1401273,64.1970874],[-16.1402537,64.1971424],[-16.1407495,64.1971509],[-16.140944,64.1972778],[-16.1408759,64.1975106],[-16.1410218,64.1976799],[-16.140944,64.1978534],[-16.1413135,64.1980058],[-16.1415973,64.1983884],[-16.14178,64.1984202],[-16.1419079,64.1983566],[-16.1419627,64.198126],[-16.1421454,64.1979112],[-16.1422184,64.1975931],[-16.1424012,64.1973228],[-16.1422367,64.1968376],[-16.1420175,64.19644],[-16.1419444,64.1959867],[-16.1420723,64.1953902],[-16.1419809,64.1950562],[-16.1416155,64.1944676],[-16.1416521,64.1940302],[-16.1413232,64.1937439],[-16.1412684,64.1933701],[-16.1413415,64.1931553],[-16.1412136,64.1930121],[-16.1410674,64.1923917],[-16.141177,64.1920418],[-16.1410674,64.1918191],[-16.1412319,64.1916679],[-16.1411588,64.1913179],[-16.1415607,64.19096],[-16.1415425,64.1907452],[-16.1413963,64.1905702],[-16.141579,64.1903316],[-16.1415425,64.1902521],[-16.1411405,64.1901805],[-16.1409761,64.1900293],[-16.1410857,64.1898623],[-16.1409578,64.1894884],[-16.1411588,64.1892657],[-16.1415973,64.1892657],[-16.141853,64.1890907],[-16.1417982,64.1888838],[-16.1419992,64.1887725],[-16.1418348,64.1887009],[-16.1415242,64.1887804],[-16.1410309,64.1887406],[-16.1408116,64.1886611],[-16.1409213,64.1884145],[-16.1413415,64.1882713],[-16.1418165,64.1883827],[-16.1421819,64.1883429],[-16.1423463,64.1882395],[-16.1423098,64.1880247],[-16.1421271,64.1878338],[-16.1421088,64.1875315],[-16.141853,64.1874201],[-16.1416521,64.1870541],[-16.1411953,64.1867359],[-16.1406838,64.18672],[-16.1402635,64.1865768],[-16.1399347,64.1863222],[-16.1395423,64.186314],[-16.1393609,64.1864364],[-16.138871,64.1864325],[-16.1386623,64.1863416],[-16.1383629,64.1862784],[-16.1381724,64.1861362],[-16.1378458,64.1861204],[-16.1374557,64.1862547],[-16.1371292,64.186235],[-16.1369205,64.1861402],[-16.1364397,64.1860572],[-16.1359982,64.1857856],[-16.1356911,64.1857389],[-16.135466,64.1856675],[-16.1352869,64.1854714],[-16.1349687,64.185222],[-16.1349464,64.1850997],[-16.1353755,64.1845764],[-16.1353111,64.1843802],[-16.1358476,64.1837167],[-16.1358476,64.1833896],[-16.1364269,64.1832027],[-16.1367275,64.1829641],[-16.1370708,64.1828986],[-16.1383153,64.1830575],[-16.1393024,64.1827959],[-16.1399461,64.182609],[-16.1400963,64.1820109],[-16.1403967,64.1817399],[-16.1403109,64.1814689],[-16.1403538,64.1807586],[-16.1400963,64.1804876],[-16.1398388,64.1798708],[-16.1396457,64.1791418],[-16.1388303,64.1782539],[-16.1388089,64.1777024],[-16.1391093,64.177179],[-16.1389591,64.1768799],[-16.1397101,64.1764874],[-16.139989,64.176263],[-16.1399247,64.1761041],[-16.1396457,64.1760574],[-16.1392595,64.1761135],[-16.1392166,64.1762256],[-16.1387874,64.1764219],[-16.1383797,64.1764032],[-16.1382758,64.1762744],[-16.138426,64.1761435],[-16.1382329,64.1759659],[-16.1378681,64.1758724],[-16.1380398,64.1757135],[-16.137911,64.1756201],[-16.1375677,64.1756201],[-16.1373317,64.175564],[-16.1372244,64.1754051],[-16.1365377,64.1754331],[-16.1359369,64.1752181],[-16.1355721,64.1749284],[-16.1350142,64.1747694],[-16.1344563,64.1747227],[-16.1338341,64.1745544],[-16.1334693,64.1745358],[-16.1317956,64.1741712],[-16.131302,64.1739936],[-16.1311304,64.173816],[-16.1309158,64.1736945],[-16.1301433,64.1736664],[-16.1295425,64.1734608],[-16.1291348,64.1731149],[-16.1287057,64.1730775],[-16.1284482,64.1729279],[-16.1283409,64.1724885],[-16.1279878,64.1723079],[-16.1276445,64.1722705],[-16.127387,64.1722892],[-16.1272582,64.1723734],[-16.1270222,64.1724108],[-16.1267218,64.172336],[-16.1263999,64.1721397],[-16.1261639,64.1716255],[-16.1260566,64.1714011],[-16.1254772,64.1711207],[-16.1253914,64.170915],[-16.1257776,64.1704662],[-16.1257133,64.1701671],[-16.1259493,64.1699053],[-16.1263141,64.1698398],[-16.1267647,64.1696809],[-16.1271133,64.1696899],[-16.1275157,64.1697557],[-16.1278376,64.1698866],[-16.1279663,64.1699988],[-16.128374,64.1701671],[-16.1285242,64.170326],[-16.129404,64.170541],[-16.1300477,64.1706252],[-16.1307558,64.1705784],[-16.1313996,64.1706532],[-16.1326656,64.1706065],[-16.1337814,64.1706532],[-16.1343607,64.1707561],[-16.1351117,64.1707934],[-16.1355838,64.1707467],[-16.1367425,64.1708028],[-16.1379871,64.170915],[-16.1384377,64.1708869],[-16.1386522,64.1707467],[-16.1385879,64.1706439],[-16.1390385,64.1704662],[-16.1396178,64.1704569],[-16.140047,64.1703073],[-16.1401543,64.1701764],[-16.1400041,64.1700923],[-16.1404976,64.1698866],[-16.1412915,64.1696996],[-16.14333,64.1694846],[-16.1435231,64.1696155],[-16.1438879,64.1695874],[-16.1444887,64.1693817],[-16.1448321,64.1693443],[-16.1451539,64.1691854],[-16.1462912,64.1692134],[-16.1484584,64.1691573],[-16.1490807,64.1689891],[-16.1516985,64.1689517],[-16.1542949,64.1688114],[-16.1548099,64.1686712],[-16.1567411,64.1686151],[-16.1577281,64.1687366],[-16.1584148,64.1685683],[-16.1587366,64.1683533],[-16.1588439,64.1682411],[-16.1590156,64.1682317],[-16.1591658,64.1683252],[-16.1593804,64.1683533],[-16.1595306,64.1682785],[-16.1596593,64.1681008],[-16.1608609,64.1680167],[-16.1612043,64.1678858],[-16.1614403,64.1680167],[-16.1617407,64.1680354],[-16.1630282,64.1678203],[-16.1637363,64.1671378],[-16.1642083,64.1664459],[-16.1642513,64.1662495],[-16.1640581,64.1660532],[-16.1642942,64.1657446],[-16.1641869,64.1656791],[-16.1639079,64.1657165],[-16.1637792,64.16581],[-16.1631998,64.1659409],[-16.1630282,64.1659222],[-16.1631998,64.1656511],[-16.1637363,64.1652022],[-16.1643371,64.1651368],[-16.1647019,64.164875],[-16.1653671,64.1643046],[-16.1654314,64.1641549],[-16.1657747,64.1640614],[-16.1663756,64.1639866],[-16.1666116,64.1638557],[-16.167148,64.1638183],[-16.1680493,64.1638744],[-16.1687359,64.1640427],[-16.1689934,64.1640053],[-16.1694869,64.1641269],[-16.169959,64.1644074],[-16.1709675,64.1646131],[-16.1715039,64.1648656],[-16.17174,64.1648282],[-16.1718473,64.1648843],[-16.1717829,64.165062],[-16.1718902,64.1651835],[-16.1721906,64.1652584],[-16.172255,64.1654173],[-16.1720618,64.1655669],[-16.172491,64.1662215],[-16.1724052,64.1663711],[-16.1729845,64.1672406],[-16.1729631,64.1675679],[-16.1727485,64.1677081],[-16.1717185,64.1679512],[-16.1715469,64.1681195],[-16.1715039,64.1683533],[-16.1710748,64.1686338],[-16.1702379,64.1689049],[-16.1700448,64.1690545],[-16.1699804,64.1694098],[-16.170082,64.1696226],[-16.170723,64.1703578],[-16.1712986,64.1708764],[-16.1713702,64.1710001],[-16.171456,64.1712899]]],[[[-16.171456,64.1712899],[-16.1718208,64.1716452],[-16.1722285,64.1718602],[-16.1727435,64.171907],[-16.1729581,64.1722902],[-16.1731083,64.1726642],[-16.173001,64.1729353],[-16.1727006,64.1731409],[-16.1727882,64.1734406],[-16.1729337,64.1737435],[-16.1734027,64.1740535],[-16.1735968,64.1741169]]],[[[-16.1735968,64.1741169],[-16.1745833,64.1740605],[-16.1753757,64.1739971],[-16.1759256,64.1739055],[-16.176815,64.173983],[-16.1776883,64.1741592],[-16.1783999,64.1743564],[-16.1786263,64.1743776],[-16.1791276,64.1745678],[-16.1791276,64.1746946],[-16.1788689,64.1748003],[-16.1789174,64.1750327],[-16.1788042,64.1751173],[-16.1789335,64.1752723],[-16.1788689,64.1755541],[-16.1785454,64.1756456],[-16.1784484,64.1757654],[-16.1785454,64.1759767],[-16.1784322,64.1761247],[-16.178691,64.176181],[-16.1790306,64.176174],[-16.1793864,64.1761106],[-16.1796239,64.1760209],[-16.1801252,64.1761265],[-16.1802061,64.1762322],[-16.1801576,64.1763449],[-16.1802384,64.1764294],[-16.1806912,64.1764083],[-16.1810309,64.1763449],[-16.1813381,64.1764154],[-16.1813381,64.1764858],[-16.1811608,64.1765366],[-16.181274,64.1766986],[-16.1814519,64.1767761],[-16.182406,64.1768395],[-16.1825678,64.1767972],[-16.1825354,64.1767198],[-16.1823414,64.1766564],[-16.1822928,64.1765577],[-16.1825839,64.1765366],[-16.1827457,64.1765789],[-16.1835866,64.1764732],[-16.1841041,64.1764943],[-16.1844761,64.1764873],[-16.1849127,64.1763957],[-16.1853008,64.1763816],[-16.1862065,64.1761491],[-16.1864975,64.1759871],[-16.1874679,64.1756137],[-16.1875649,64.1754799],[-16.1881633,64.1753531],[-16.1888425,64.1752826],[-16.1890851,64.1751558],[-16.1899583,64.1751206],[-16.1907184,64.1752333],[-16.191333,64.175177],[-16.1917049,64.175177],[-16.1921739,64.1750572],[-16.1922381,64.174999],[-16.1923611,64.1749803],[-16.1924735,64.1749966],[-16.1925591,64.1749687],[-16.1925805,64.1749966],[-16.1924602,64.1752064],[-16.192494,64.1753386],[-16.1923254,64.1754708],[-16.1915161,64.175647],[-16.1912296,64.1757425],[-16.1907238,64.1757719],[-16.1902686,64.175838],[-16.1900157,64.175816],[-16.1895943,64.1759481],[-16.1891896,64.1759775],[-16.1887007,64.1759628],[-16.1884479,64.1760216],[-16.1882961,64.1761244],[-16.1882287,64.176352],[-16.1880601,64.1764695],[-16.1879758,64.1767339],[-16.1875712,64.1770277],[-16.1875038,64.1771672],[-16.1876555,64.1772773],[-16.1876724,64.177549],[-16.1875544,64.1776298],[-16.1875881,64.177784],[-16.1879252,64.1780264],[-16.1877904,64.1782026],[-16.187841,64.1782907],[-16.1880433,64.1783348],[-16.1881781,64.1785844],[-16.1879758,64.1787386],[-16.1875544,64.1794142],[-16.1873858,64.1795097],[-16.1869643,64.1796418],[-16.1867283,64.1797593],[-16.1867283,64.1799502],[-16.1868463,64.1800824],[-16.186762,64.1802806],[-16.1865597,64.1803688],[-16.1865091,64.1804495],[-16.1846547,64.1812058],[-16.1843512,64.1815142],[-16.1844186,64.1819327],[-16.1844692,64.182175],[-16.1849581,64.1825494],[-16.1849918,64.1827036],[-16.185211,64.1827697],[-16.1853964,64.1829753]]],[[[-16.1853964,64.1829753],[-16.1854133,64.1831735],[-16.1847221,64.1834231],[-16.1846378,64.1835846],[-16.1846884,64.1839591],[-16.1849918,64.1840545],[-16.1851759,64.1842122],[-16.1854119,64.1844545],[-16.1854287,64.1846967],[-16.1855636,64.1848289],[-16.1860525,64.184961],[-16.1863897,64.1849684],[-16.1869356,64.1853091],[-16.1872073,64.1853655],[-16.1875049,64.1855063],[-16.1879836,64.1858782],[-16.1882941,64.186019],[-16.1884364,64.1861993],[-16.1887081,64.1862669],[-16.1888246,64.186419],[-16.1893421,64.1867627],[-16.1905454,64.1872697],[-16.191244,64.1874782],[-16.1920074,64.1876472],[-16.1929131,64.1879232],[-16.1929519,64.1881711],[-16.1933142,64.1883007],[-16.1941552,64.1883345],[-16.1945821,64.1884584],[-16.1945821,64.1885767],[-16.1947633,64.18865],[-16.1949573,64.1886669],[-16.1951385,64.1886443],[-16.1953325,64.1886894],[-16.1955525,64.1888415],[-16.1957207,64.1889035],[-16.1960441,64.1888978],[-16.1961735,64.1889767],[-16.1961477,64.1890387],[-16.1959018,64.1891175],[-16.1954231,64.1892415],[-16.1954102,64.1893316],[-16.1955784,64.1893936],[-16.1962123,64.189433],[-16.1965746,64.1893485],[-16.1967687,64.1894048],[-16.1967816,64.1895062],[-16.1965617,64.1896133],[-16.1966522,64.189664],[-16.1968334,64.1896752],[-16.1967558,64.1897879],[-16.1968204,64.1898386],[-16.1970145,64.1898442],[-16.1975773,64.1897453],[-16.1984312,64.1895031],[-16.1989358,64.1892834],[-16.1993239,64.1892947],[-16.199518,64.1893904],[-16.1998156,64.1894299],[-16.2002167,64.1894411],[-16.2004107,64.189413],[-16.2005789,64.189351],[-16.2009542,64.1893566],[-16.2011224,64.1894749],[-16.2010318,64.1896214],[-16.2012129,64.1896946],[-16.2014458,64.1898805],[-16.2017305,64.1899143],[-16.202248,64.1899143],[-16.2024938,64.1900326],[-16.2028302,64.1901002],[-16.2031407,64.1900664],[-16.2033736,64.1901115],[-16.2035806,64.1902242],[-16.2039947,64.1902805],[-16.2041499,64.1903706],[-16.2045898,64.1903537],[-16.2047418,64.190496],[-16.20491,64.1905185],[-16.2051299,64.1906199],[-16.2051687,64.19071],[-16.2049488,64.1907607],[-16.2049876,64.1908452],[-16.2051817,64.1909072],[-16.2052075,64.1909466],[-16.205104,64.1911212],[-16.205104,64.1914085],[-16.20491,64.1914479],[-16.2048582,64.1915381],[-16.2044959,64.1916169],[-16.204483,64.1917127],[-16.2046253,64.1918253],[-16.2050523,64.1919155],[-16.205104,64.1920338],[-16.204897,64.1921858],[-16.2049617,64.1923323],[-16.2055439,64.1925182],[-16.2056733,64.1926083],[-16.2056733,64.1927097],[-16.2052075,64.1929688],[-16.2054145,64.1933518],[-16.2053277,64.1937847],[-16.2049968,64.1939912],[-16.2044231,64.1945435],[-16.2043128,64.1947884],[-16.2038715,64.1952542],[-16.2033058,64.1955621],[-16.2029212,64.1959406],[-16.2025701,64.1959551],[-16.202336,64.1960498],[-16.2024029,64.1961881],[-16.202035,64.1965156],[-16.2018344,64.1966393],[-16.2004633,64.1969668],[-16.1999951,64.1970032],[-16.1988442,64.1973208],[-16.1981921,64.1974299],[-16.1972056,64.1976556],[-16.1969046,64.1976628],[-16.196403,64.1975901],[-16.1961187,64.1976046],[-16.1950319,64.197561],[-16.1945135,64.1976483],[-16.1940119,64.1976337],[-16.1936106,64.1975173],[-16.1933765,64.1972334],[-16.1929585,64.1971097],[-16.1925739,64.1971097],[-16.1921225,64.1972771],[-16.191972,64.1974299],[-16.1913533,64.1974591],[-16.1904838,64.1972844],[-16.1900491,64.197066],[-16.1899453,64.1969346],[-16.1900701,64.1968192],[-16.1910062,64.1965476],[-16.1911934,64.1964457],[-16.1911154,64.1963235],[-16.1908346,64.1963235],[-16.1906786,64.1962895],[-16.190585,64.1961197],[-16.1903197,64.1959635],[-16.1897893,64.1959432],[-16.1894617,64.1960179],[-16.1893993,64.1961469],[-16.1889115,64.1964177],[-16.1886477,64.1967025],[-16.1886688,64.1968036],[-16.1884683,64.1969],[-16.1881939,64.1969368],[-16.1879196,64.1969138],[-16.1871539,64.1970103],[-16.1867547,64.1970001],[-16.1866431,64.1970077],[-16.186649,64.1970563],[-16.1867856,64.1970781],[-16.1880776,64.1972091],[-16.1884227,64.1972129],[-16.1891926,64.1973015],[-16.1895023,64.1973632],[-16.1900944,64.1974196],[-16.1911046,64.1976098],[-16.1921938,64.1978646],[-16.1932731,64.1981728],[-16.1937023,64.1983876],[-16.193831,64.1985744],[-16.193831,64.1989387],[-16.1939812,64.1990601],[-16.1943675,64.1991348],[-16.1945391,64.1993029],[-16.1945177,64.1996017],[-16.1941314,64.1998072],[-16.1941958,64.2000033],[-16.1944104,64.2000687],[-16.1947537,64.2000687],[-16.1950112,64.2001247],[-16.1952258,64.2004049],[-16.1952687,64.2005823],[-16.1947537,64.2009559],[-16.1947108,64.2013201],[-16.1949683,64.2015349],[-16.1953974,64.2016469],[-16.1954403,64.2017777],[-16.1951614,64.2020952],[-16.1952043,64.2023473],[-16.195612,64.2027115],[-16.1963845,64.2030757],[-16.196642,64.2032625],[-16.196642,64.203636],[-16.1967922,64.2037947],[-16.1973501,64.2038788],[-16.1975861,64.2040001],[-16.1977792,64.2043176],[-16.1983371,64.2043923],[-16.1987877,64.2043456],[-16.1990667,64.204467],[-16.1993671,64.2044857],[-16.1995173,64.204299],[-16.1993242,64.2038414],[-16.1991096,64.2037013],[-16.1990667,64.2034212],[-16.1990023,64.2028796],[-16.1991525,64.2024874],[-16.1996031,64.2023286],[-16.2000323,64.2023753],[-16.2003327,64.2024874],[-16.2008262,64.2024874],[-16.2018347,64.2023006],[-16.2021995,64.2020952],[-16.2030149,64.2020018],[-16.2035728,64.2018524],[-16.204238,64.2018711],[-16.2049032,64.2019831],[-16.2053752,64.2022166],[-16.2056113,64.2025341],[-16.2061263,64.2026461],[-16.2065554,64.2026461],[-16.20677,64.2026928],[-16.2068344,64.2028703],[-16.2071133,64.203001],[-16.2078858,64.2030944],[-16.208272,64.2030197],[-16.2084222,64.2028422],[-16.2084222,64.2026835],[-16.208036,64.202366],[-16.2072635,64.2019831],[-16.2061477,64.2016936],[-16.2055684,64.2014508],[-16.204989,64.2013668],[-16.2041522,64.2013668],[-16.203208,64.2012361],[-16.2018562,64.2011427],[-16.2007189,64.2012267],[-16.1998784,64.2011394],[-16.1994645,64.2012331],[-16.1994314,64.2013412],[-16.199183,64.2014133],[-16.1988518,64.2014277],[-16.1983717,64.2012692],[-16.1977922,64.2011899],[-16.1973782,64.2009089],[-16.196861,64.1998656],[-16.1964519,64.1996223],[-16.1960961,64.1990343],[-16.1958866,64.1988478],[-16.195877,64.1985825],[-16.1959913,64.1983753],[-16.1962675,64.1982178],[-16.1967151,64.1980603],[-16.1986387,64.197567],[-16.1988958,64.1974427],[-16.2004767,64.1970654],[-16.2008624,64.1970253],[-16.2015284,64.197018],[-16.2021587,64.1970502],[-16.2029527,64.1971436],[-16.2037252,64.1971436],[-16.2046018,64.1973267],[-16.2053247,64.1975964],[-16.2059711,64.1977475],[-16.206762,64.197812],[-16.2070685,64.1977948],[-16.2072069,64.1977217],[-16.2071772,64.1976614],[-16.2070174,64.1975947],[-16.2053651,64.1972771],[-16.2046356,64.197081],[-16.2044424,64.1969782],[-16.2042493,64.1965953],[-16.2038845,64.196231],[-16.2037987,64.1958854],[-16.2038631,64.1956706],[-16.2043352,64.1953624],[-16.2052364,64.1945124],[-16.2061161,64.1935876],[-16.2065453,64.1933821],[-16.2068457,64.1930271],[-16.2075109,64.1927562],[-16.2077898,64.1925881],[-16.2080902,64.1920462],[-16.20794,64.1918968],[-16.2081332,64.191766],[-16.2087554,64.1915885],[-16.2110514,64.1911681],[-16.2121028,64.1911027],[-16.2131757,64.1908411],[-16.2147421,64.1906543],[-16.2156863,64.1906823],[-16.2166304,64.1906076],[-16.2173814,64.1903367],[-16.2179393,64.1902526],[-16.2188191,64.1902245],[-16.2203855,64.1904581],[-16.221394,64.1904394],[-16.2223811,64.1905609]]],[[[-16.2223811,64.1905609],[-16.2225956,64.1907944],[-16.2225956,64.1911401],[-16.2228102,64.1914297],[-16.2232608,64.1916913],[-16.2235183,64.192093],[-16.2234539,64.1923265]]],[[[-16.2234539,64.1923265],[-16.2231106,64.1923639],[-16.2229604,64.1924573],[-16.2231535,64.1929057],[-16.2230033,64.1930271],[-16.2225313,64.1930738],[-16.2222738,64.1932793],[-16.2222738,64.1934288],[-16.2219734,64.1935502],[-16.2212867,64.1935969],[-16.2204069,64.1942134],[-16.2196559,64.1948299],[-16.2195701,64.1950261],[-16.2197203,64.1952596],[-16.219613,64.1953343],[-16.219098,64.1954184],[-16.2187547,64.1953624],[-16.218626,64.1955959],[-16.2181324,64.195764],[-16.2177891,64.1957547],[-16.2171668,64.1959882],[-16.2171025,64.1960816],[-16.2172741,64.1961656],[-16.2172741,64.1962964],[-16.217081,64.1963898],[-16.217317,64.1965112],[-16.217081,64.196698],[-16.217317,64.1968101],[-16.2173385,64.1969409],[-16.2170381,64.1973238],[-16.2163085,64.1978749],[-16.2156648,64.198015],[-16.2152571,64.1980243],[-16.214828,64.1979683],[-16.2134547,64.1982204],[-16.2123174,64.1982298],[-16.2116951,64.1980056],[-16.2109227,64.1979122],[-16.2093992,64.1978095],[-16.2088161,64.197881],[-16.2085665,64.1978484],[-16.2083269,64.1978441],[-16.2082022,64.1978745],[-16.2081972,64.1979505],[-16.2084283,64.1980439],[-16.2090934,64.1982307],[-16.209587,64.1985202],[-16.2120117,64.1994075],[-16.2124838,64.199669],[-16.2134923,64.2000799],[-16.2137498,64.2003414],[-16.2140502,64.201434],[-16.2140931,64.2020504],[-16.2136425,64.2027321],[-16.2135996,64.2029282],[-16.2138785,64.2031803],[-16.2141789,64.203227],[-16.2143077,64.2035258],[-16.2143077,64.2043942],[-16.214651,64.2046837],[-16.2146081,64.2048331],[-16.2141977,64.2051644],[-16.2141548,64.2056033],[-16.214262,64.2059674],[-16.2144981,64.2062102],[-16.215292,64.2064623],[-16.2155924,64.206649],[-16.2156997,64.2068731],[-16.2161718,64.2071158],[-16.2165366,64.2071719],[-16.217352,64.2073959],[-16.2176953,64.2073959],[-16.2182532,64.2072746],[-16.2186823,64.2074146],[-16.2191973,64.207508],[-16.2197981,64.20748],[-16.2214075,64.2080401],[-16.2223301,64.2080682],[-16.223167,64.2082269],[-16.2234459,64.2081148],[-16.2234674,64.2077601],[-16.2237034,64.2075827],[-16.2250123,64.2075733],[-16.2259994,64.2077227],[-16.2262569,64.20762],[-16.2262354,64.2072746],[-16.2259994,64.2069851],[-16.2261281,64.2068357],[-16.2259779,64.206565],[-16.2260423,64.2058087],[-16.2265358,64.2050804],[-16.2272869,64.2047722],[-16.2287674,64.2046789],[-16.2299691,64.2048376],[-16.2306772,64.2051364],[-16.2306986,64.2053138],[-16.2304626,64.2056406],[-16.2304973,64.2060131],[-16.2303042,64.2064333],[-16.2304759,64.2067974],[-16.2311196,64.2071989],[-16.2312913,64.2078711],[-16.2315702,64.2081139],[-16.2321067,64.2082819],[-16.2326217,64.2082819]]],[[[-16.2394453,64.2096904],[-16.2389173,64.2096787],[-16.2371363,64.2093239],[-16.2363424,64.2090625],[-16.2353982,64.2084557],[-16.2348618,64.2082409],[-16.2342181,64.2081382],[-16.2336387,64.2081102],[-16.2326217,64.2082819]]],[[[-16.2442173,64.2139728],[-16.2441315,64.2136834],[-16.2441959,64.2133941],[-16.2443246,64.2132634],[-16.2442388,64.213142],[-16.2443246,64.213058],[-16.2446465,64.213002],[-16.244625,64.212862],[-16.2446679,64.2126753],[-16.2439598,64.2125726],[-16.2437882,64.2124419],[-16.2437453,64.2121806],[-16.2446036,64.2115271],[-16.2446679,64.2113217],[-16.2449683,64.2112284],[-16.2452688,64.211219],[-16.2455048,64.2111537],[-16.2456765,64.211023],[-16.245891,64.210939],[-16.2459339,64.2107896],[-16.2458267,64.2106963],[-16.2455048,64.2106029],[-16.2453117,64.2103695],[-16.2453117,64.2100148],[-16.2450971,64.2098747],[-16.2447752,64.2098747],[-16.2444748,64.2099681],[-16.2442602,64.2101175],[-16.2439169,64.2102202],[-16.243359,64.2101548],[-16.2430157,64.2100241],[-16.242887,64.2097534],[-16.2429299,64.209604],[-16.2428226,64.209548],[-16.242608,64.2095667],[-16.2424363,64.2097254],[-16.2420072,64.2098747],[-16.2410845,64.2098841],[-16.2401833,64.2097067],[-16.2394453,64.2096904]]],[[[-16.2623591,64.2172464],[-16.260611,64.2183409],[-16.2597312,64.2186209],[-16.2580575,64.2189196],[-16.2564697,64.2189569],[-16.2544526,64.2191809],[-16.2534656,64.2196008],[-16.2528862,64.2196662],[-16.2513198,64.2196568],[-16.250483,64.2198901],[-16.2497534,64.2199088],[-16.2482943,64.2195448],[-16.2478222,64.2195355],[-16.2473072,64.2196102],[-16.2468995,64.2195635],[-16.2461271,64.2192742],[-16.2459339,64.2190036],[-16.2462987,64.2186209],[-16.2464275,64.2183223],[-16.246406,64.217837],[-16.2462558,64.217725],[-16.2456979,64.2176036],[-16.2454833,64.217221],[-16.2450971,64.2169596],[-16.2446894,64.216857],[-16.2445177,64.2166796],[-16.2445392,64.2163343],[-16.2447752,64.2161383],[-16.2448825,64.2156623],[-16.2447538,64.2152609],[-16.2444534,64.2149156],[-16.2439813,64.2147475],[-16.2438096,64.2146449],[-16.2438096,64.2145235],[-16.2440028,64.2144209],[-16.2440242,64.2141875],[-16.2442173,64.2139728]]],[[[-16.2659197,64.1718526],[-16.2659626,64.1721144],[-16.2662416,64.17232],[-16.2671428,64.1724696],[-16.2677007,64.1726566],[-16.2686019,64.173367],[-16.2692027,64.1740775],[-16.2699323,64.1743766],[-16.2711339,64.174442],[-16.2715202,64.1745822],[-16.2720351,64.1746103],[-16.272636,64.1744233],[-16.2735801,64.1743579],[-16.2739663,64.1744046],[-16.2741594,64.1742457],[-16.2745671,64.1742083],[-16.274889,64.1743392],[-16.2755757,64.1740868],[-16.2761765,64.1740401],[-16.2771421,64.1742364],[-16.2781935,64.1741896],[-16.2795453,64.1740401],[-16.2808972,64.1741055],[-16.2818198,64.1744046],[-16.2820773,64.1746383],[-16.2831931,64.1751337],[-16.2833862,64.17533],[-16.2833219,64.1756572],[-16.2830858,64.17576],[-16.2837081,64.1767601],[-16.28403,64.1774892],[-16.2839656,64.1776948],[-16.2836652,64.1778631],[-16.2837081,64.178078],[-16.2839871,64.178321],[-16.2839012,64.1785827],[-16.2840729,64.1790781],[-16.28403,64.1795828],[-16.2837296,64.1803024],[-16.2836223,64.1812089],[-16.2836867,64.1813584],[-16.2833648,64.1817322],[-16.2833004,64.1819939],[-16.2833433,64.1822556],[-16.2831073,64.1828536],[-16.2822275,64.1838629],[-16.2817984,64.1848721],[-16.2816482,64.1855448],[-16.2817555,64.185984],[-16.2819915,64.1861895],[-16.2818842,64.1866007],[-16.2821417,64.1866941],[-16.2821417,64.1868156],[-16.2813907,64.1872173],[-16.2808113,64.1877592],[-16.2806611,64.1880115],[-16.2804036,64.1880956],[-16.2803607,64.1882077],[-16.2805324,64.1885067],[-16.2804465,64.1886842],[-16.280232,64.188843],[-16.2801891,64.1890112],[-16.2803178,64.1892635],[-16.2804036,64.1895998],[-16.2801891,64.1900482],[-16.2798886,64.1903098],[-16.2797599,64.1906928],[-16.2795453,64.1908984],[-16.2796741,64.1911786],[-16.2794809,64.1917111],[-16.2794166,64.1926827],[-16.2795024,64.193458],[-16.2797814,64.193813],[-16.2797599,64.1943454],[-16.2795668,64.1953729],[-16.2792449,64.1957839],[-16.2787085,64.1962696],[-16.2785797,64.1965685],[-16.2783866,64.1967086],[-16.2780862,64.1967739],[-16.2779789,64.1970541],[-16.2776141,64.1975678],[-16.2769919,64.1981469],[-16.2767987,64.1983711],[-16.2756615,64.1990995],[-16.2752967,64.1991276],[-16.2749105,64.1991182],[-16.2744169,64.1991649],[-16.2735586,64.1995105],[-16.2728076,64.1997346],[-16.2720781,64.2000521],[-16.271606,64.2005378],[-16.271091,64.2008179],[-16.2707477,64.2012195],[-16.270855,64.2017424],[-16.2707906,64.2018732],[-16.2705975,64.2020133],[-16.2705116,64.2022],[-16.2706404,64.2025362],[-16.271091,64.2031525],[-16.2712627,64.2039836],[-16.271606,64.2042357],[-16.271842,64.2048333],[-16.2718206,64.2053002],[-16.2716274,64.2056083],[-16.2711983,64.2058511],[-16.2711983,64.2061965],[-16.2714129,64.2069341],[-16.2717133,64.2071022],[-16.2717776,64.2073543],[-16.2713485,64.2077464],[-16.2712197,64.2080078],[-16.2713699,64.2081759],[-16.2711339,64.20854],[-16.2707906,64.2088481],[-16.2696319,64.2094923],[-16.269074,64.2096883],[-16.2684946,64.2106126],[-16.2680869,64.2107526],[-16.2679796,64.2111727],[-16.2673144,64.2116861],[-16.267014,64.2117795],[-16.2666707,64.2126103],[-16.2663918,64.2128623],[-16.2660699,64.2133757],[-16.2654262,64.2139451],[-16.265276,64.2142812],[-16.2646966,64.2149905],[-16.2636023,64.2160359],[-16.263495,64.2163719],[-16.2629371,64.2168386],[-16.2623591,64.2172464]]],[[[-16.2640157,64.1640143],[-16.2642245,64.1643541],[-16.2648254,64.1645878],[-16.2652331,64.1651208],[-16.2656193,64.1651863],[-16.2661128,64.1658969],[-16.2667136,64.1663551],[-16.2669068,64.16686],[-16.2675719,64.1673182],[-16.2682586,64.1682251],[-16.2682586,64.168543],[-16.2677221,64.1693845],[-16.2664991,64.1701605],[-16.266027,64.1707588],[-16.2659197,64.1712262],[-16.2659197,64.1718526]]],[[[-16.2246605,64.1327511],[-16.2255929,64.1330482],[-16.2266117,64.1331927],[-16.226955,64.1333425],[-16.2279299,64.1336478],[-16.2289114,64.133918],[-16.2298229,64.134148],[-16.2303238,64.134419],[-16.2308817,64.1344377],[-16.2312894,64.1346156],[-16.2315898,64.1347841],[-16.23174,64.1349619],[-16.2326198,64.1352522],[-16.2327486,64.1353926],[-16.2331992,64.1356454],[-16.2333065,64.1358419],[-16.2334781,64.1359262],[-16.2341862,64.1360853],[-16.2347656,64.1363287],[-16.234787,64.1364316],[-16.2350874,64.1365533],[-16.235581,64.1367124],[-16.2358599,64.1369184],[-16.2364393,64.1371149],[-16.2366324,64.1373583],[-16.237319,64.1375923],[-16.2376838,64.1379105],[-16.2379842,64.1380416],[-16.2382632,64.1381071],[-16.2386709,64.1383691],[-16.2392717,64.1386312],[-16.2400442,64.1388184],[-16.2406021,64.1391273],[-16.2408381,64.1393238],[-16.2419324,64.1396514],[-16.2420397,64.1398011],[-16.242383,64.139979],[-16.2430268,64.1401756],[-16.2436491,64.1402785],[-16.2439709,64.1404377],[-16.2447219,64.1405312],[-16.2451082,64.140681],[-16.2457948,64.1407933],[-16.245945,64.1408869],[-16.2465244,64.1410366],[-16.2470608,64.1412332],[-16.2474041,64.1414671],[-16.2479406,64.1415233],[-16.248241,64.1416356],[-16.2486058,64.1416636],[-16.2488204,64.1418134],[-16.2491208,64.1419538],[-16.2493353,64.1419912],[-16.2506228,64.142403],[-16.2508374,64.1426276],[-16.2510519,64.1427118],[-16.2513524,64.1427211],[-16.2524682,64.143189],[-16.2524896,64.1432826],[-16.252275,64.1433575],[-16.2529188,64.1439564],[-16.2537985,64.1441155],[-16.2539702,64.1443307],[-16.2544423,64.1444056],[-16.2548714,64.1443307],[-16.2557941,64.1443868],[-16.2565451,64.1443868],[-16.2572178,64.1449097],[-16.2580975,64.1450313],[-16.2592348,64.1450594],[-16.2594708,64.1451155],[-16.2600716,64.1451623],[-16.2603291,64.145284],[-16.2616381,64.145677],[-16.2621316,64.1456583],[-16.2620887,64.1458173],[-16.2622174,64.1459109],[-16.2642988,64.1465472],[-16.2652644,64.1470244],[-16.2657579,64.1471928],[-16.2661227,64.1474642],[-16.2667235,64.1476419],[-16.2668523,64.1478104],[-16.2686333,64.1489051],[-16.2694029,64.1499835],[-16.2700224,64.1504224],[-16.2706848,64.1512278],[-16.2731832,64.1527019],[-16.2733549,64.1530199],[-16.2737196,64.1531696],[-16.2738913,64.1533754],[-16.2739128,64.153628],[-16.2743419,64.1539461],[-16.2749642,64.1546009],[-16.2752217,64.1551154],[-16.276316,64.1561536],[-16.2768954,64.1571358],[-16.2769383,64.1574632],[-16.2774747,64.1589035],[-16.2775606,64.1603251],[-16.2772387,64.1613539],[-16.277067,64.1623732],[-16.2766808,64.1627473],[-16.2758439,64.1631494],[-16.2745779,64.1635609],[-16.2742132,64.1635796],[-16.2736767,64.1634954],[-16.2721747,64.1635048],[-16.2711876,64.1633271],[-16.2698787,64.1632055],[-16.2692135,64.1633084],[-16.2682265,64.1633084],[-16.2677544,64.1631775],[-16.2674755,64.1631681],[-16.2664455,64.1632429],[-16.2658232,64.1634767],[-16.2655872,64.1636544],[-16.2650937,64.1637105],[-16.2648576,64.1638227],[-16.2647718,64.163991],[-16.2644499,64.1640472],[-16.2640157,64.1640143]]],[[[-16.2494714,64.1138669],[-16.2418943,64.1168357],[-16.2376027,64.1176502],[-16.2322382,64.1196457],[-16.2310104,64.1203124],[-16.2299741,64.120875],[-16.2284131,64.1217225],[-16.2260933,64.123724],[-16.2265693,64.1241821],[-16.2258475,64.1251835],[-16.2244402,64.1257835],[-16.2239838,64.1264157],[-16.2222089,64.1271784],[-16.2225235,64.1281935],[-16.2230952,64.1293157],[-16.2231123,64.1297409],[-16.2231419,64.1304759],[-16.2229605,64.1313268],[-16.2238876,64.1319495],[-16.2241709,64.132502],[-16.2246605,64.1327511]]],[[[-16.2494714,64.1138669],[-16.2536496,64.1138421],[-16.2591074,64.1125183],[-16.26889,64.1122278],[-16.2737548,64.1108889],[-16.2848348,64.1076062],[-16.2877958,64.1054705],[-16.2901282,64.1031276],[-16.2933469,64.1026794],[-16.2978717,64.1018033],[-16.3014636,64.1008661],[-16.3005773,64.0991341],[-16.3015103,64.0979319],[-16.2997135,64.0968261]]],[[[-16.2997135,64.0968261],[-16.3053017,64.0972256],[-16.3152484,64.097634],[-16.3273066,64.0989304],[-16.3302453,64.0988081],[-16.3317847,64.0982375],[-16.3343504,64.0986451],[-16.3359778,64.0975857]]],[[[-16.3359778,64.0975857],[-16.3382335,64.0968588],[-16.3425604,64.09514],[-16.3451727,64.0945694],[-16.348664,64.0942732],[-16.3504208,64.0917815]]],[[[-16.3504208,64.0917815],[-16.3513284,64.0905565],[-16.3526909,64.0898494],[-16.3574695,64.0927569],[-16.3606881,64.0946225],[-16.3659882,64.0976691],[-16.3687777,64.0993188],[-16.3712024,64.1009309],[-16.3728761,64.102093],[-16.3773822,64.106029],[-16.3786482,64.1073128],[-16.3810085,64.1102455],[-16.3853001,64.1152295],[-16.387124,64.117946],[-16.3879179,64.1189014],[-16.3898276,64.1207371],[-16.3913726,64.1217767],[-16.3927888,64.1224885],[-16.3953422,64.1242678],[-16.3981103,64.1257567],[-16.4008998,64.1279479],[-16.4027237,64.1293898],[-16.4047193,64.1312529],[-16.4061998,64.1317866],[-16.4072513,64.131824],[-16.4077233,64.1316368],[-16.4075087,64.1311125],[-16.4031314,64.1276295],[-16.4012002,64.126431],[-16.3972734,64.1233501],[-16.3970159,64.1229755],[-16.3992905,64.1239026],[-16.4018225,64.1253166],[-16.4043545,64.1268617],[-16.4072083,64.1288561],[-16.4102124,64.1301294],[-16.4126157,64.1309159],[-16.4141606,64.1313465],[-16.4178299,64.1319551],[-16.4216064,64.1327134],[-16.4287304,64.1337806],[-16.4321207,64.1343516],[-16.4359402,64.134829],[-16.4399098,64.1351099],[-16.4437078,64.1355311],[-16.4470338,64.136046],[-16.450982,64.1368603],[-16.4541148,64.1376934],[-16.458578,64.1393594],[-16.4593719,64.1395934],[-16.4596938,64.1396028],[-16.4597796,64.1394904],[-16.4594792,64.1391441],[-16.4568399,64.1378806],[-16.4539861,64.1369258],[-16.4531063,64.1364578],[-16.4495443,64.1356341],[-16.4451455,64.1349975],[-16.4377426,64.1340521],[-16.4304255,64.1328632],[-16.4247822,64.1317866],[-16.4177011,64.1299047],[-16.4129161,64.1280977],[-16.4021014,64.1233313],[-16.3989471,64.1218985],[-16.3933038,64.119351],[-16.3910507,64.1177493],[-16.3872527,64.1133559],[-16.3833689,64.1093367],[-16.376202,64.1026647],[-16.3726615,64.0998811],[-16.3695716,64.0977347],[-16.3649796,64.0950256],[-16.3608812,64.0924007],[-16.3561538,64.0887551]]],[[[-16.3561538,64.0887551],[-16.3586624,64.0896443],[-16.362897,64.0893579],[-16.3669618,64.0891962]]],[[[-16.3669618,64.0891962],[-16.3783735,64.086764],[-16.3820787,64.0860645],[-16.385658,64.085029],[-16.3907169,64.0849887]]],[[[-16.3907169,64.0849887],[-16.3965975,64.0851886],[-16.401198,64.0857107],[-16.4076677,64.0881112],[-16.4136544,64.0910366],[-16.4183965,64.0934648],[-16.420671,64.0943179],[-16.4230099,64.0949835],[-16.4296189,64.0963897],[-16.4340821,64.0971302],[-16.4383521,64.0975801],[-16.4406267,64.0975708],[-16.4431372,64.097327],[-16.447021,64.0965209],[-16.449596,64.0961647],[-16.4536515,64.0957522],[-16.4538446,64.095621],[-16.4532652,64.0955272],[-16.4502611,64.0955835],[-16.4445963,64.0961647],[-16.4413348,64.0968021],[-16.4394679,64.0969052],[-16.436893,64.0966803],[-16.4339319,64.0962959],[-16.4282241,64.0951241],[-16.4229455,64.0940648],[-16.4199629,64.0928367],[-16.4151779,64.0902022],[-16.4106074,64.08813],[-16.4047388,64.0845684],[-16.3996748,64.0812015],[-16.3983659,64.0797946],[-16.3928942,64.0754703],[-16.3912848,64.0737911],[-16.3904883,64.0724792],[-16.3906954,64.0709971]]],[[[-16.4079058,64.0687534],[-16.4045552,64.0690702],[-16.4013623,64.0695303],[-16.3965366,64.0692764],[-16.3940693,64.0697841],[-16.3934162,64.0705457],[-16.3906954,64.0709971]]],[[[-16.5407688,64.0572842],[-16.5401465,64.0573968],[-16.5393097,64.0573875],[-16.5381724,64.0576221],[-16.5361068,64.057881],[-16.535034,64.0581345],[-16.5326307,64.0585756],[-16.5311287,64.0590356],[-16.529927,64.0589793],[-16.5291116,64.0591858],[-16.5278027,64.0592984],[-16.5265582,64.0596926],[-16.5259359,64.0597583],[-16.5240476,64.0603027],[-16.52261,64.0604248],[-16.5178034,64.06065],[-16.5135119,64.06065],[-16.5116236,64.0612507],[-16.5100143,64.0613727],[-16.5088302,64.0616582],[-16.5100533,64.0623339],[-16.5100533,64.0624559],[-16.5094095,64.0626342],[-16.5093452,64.0627938],[-16.5096885,64.0631223],[-16.5106755,64.0632912],[-16.5110618,64.0634695],[-16.5111261,64.0638074],[-16.5109116,64.0643048],[-16.510461,64.0645676],[-16.5094954,64.0647177],[-16.5088302,64.0646051],[-16.5062552,64.0653559],[-16.5055686,64.0657782],[-16.5048176,64.0659752],[-16.5050322,64.0665195],[-16.504603,64.0670825],[-16.5040237,64.067411],[-16.5040237,64.067852],[-16.502586,64.0683962],[-16.5021139,64.0687622],[-16.5019423,64.0690906],[-16.5012556,64.069344],[-16.5011698,64.0698131],[-16.4982945,64.0714363],[-16.497243,64.0722244],[-16.4965135,64.0724402],[-16.4960199,64.0724871],[-16.494239,64.0737536],[-16.4939171,64.0744291],[-16.4922863,64.0758269],[-16.4914495,64.0770933],[-16.4908916,64.0789412],[-16.4893895,64.0803012],[-16.4885527,64.0807514],[-16.4862996,64.0817456],[-16.4834887,64.0825053],[-16.4812356,64.0826178],[-16.4785963,64.0831243],[-16.4745837,64.0833118],[-16.4683395,64.0829836],[-16.4674383,64.082721],[-16.4667517,64.0823083],[-16.4650136,64.0819707],[-16.4643055,64.0816237],[-16.4637047,64.0815018],[-16.4630824,64.0816518],[-16.4625889,64.0815956],[-16.4618018,64.0812911],[-16.4605507,64.081337],[-16.4572033,64.0822843],[-16.4540061,64.0829408],[-16.4548215,64.0832315],[-16.4567956,64.0836442],[-16.4597138,64.0842444],[-16.4630398,64.0848539],[-16.4636191,64.085079],[-16.4635119,64.0852665],[-16.4628681,64.0852665],[-16.4581689,64.0847414],[-16.4514741,64.0839443],[-16.4449724,64.0827157],[-16.4442618,64.0824671],[-16.4426739,64.0822514],[-16.4414937,64.0819232],[-16.4405281,64.0819326],[-16.4394767,64.0816606],[-16.4370734,64.0802912],[-16.4360435,64.0800567],[-16.4347775,64.0800473],[-16.4326746,64.079494],[-16.4291126,64.0776273],[-16.4284689,64.0774491],[-16.4275033,64.0767362],[-16.4267523,64.0764266],[-16.4246993,64.0755685],[-16.4245558,64.0750932],[-16.4233982,64.0746133],[-16.422845,64.0737354],[-16.4217678,64.0728706],[-16.4205119,64.0720242],[-16.4184263,64.0710762],[-16.4175582,64.0705843],[-16.4171059,64.0698681],[-16.416512,64.0694204]]],[[[-16.552592,64.0517546],[-16.5528709,64.0519424],[-16.5527851,64.052149],[-16.5523559,64.0522616],[-16.5519268,64.0522522],[-16.5508968,64.0527592],[-16.5499741,64.0529658],[-16.5496308,64.0529564],[-16.5492446,64.0528249],[-16.5488154,64.0528062],[-16.5475494,64.053238],[-16.5472919,64.053576],[-16.5475279,64.0538295],[-16.5473348,64.0543834],[-16.5466911,64.0547589],[-16.5463692,64.0547496],[-16.5460688,64.0543646],[-16.5453393,64.0541112],[-16.5449959,64.0532005],[-16.5446097,64.053116],[-16.5429789,64.0526935],[-16.5427214,64.0523931],[-16.5427,64.0518955],[-16.5421206,64.0516889],[-16.5397174,64.0512852],[-16.537636,64.0510504],[-16.5345675,64.0515011],[-16.5343959,64.0518861],[-16.5326363,64.0528531],[-16.5313703,64.0529282],[-16.5272719,64.0523461],[-16.5254051,64.0522992],[-16.5243751,64.0528249],[-16.5222294,64.0529846],[-16.519118,64.0534258],[-16.5187961,64.0536042],[-16.5201265,64.0539703],[-16.5227443,64.0542802],[-16.5247184,64.0550312],[-16.526199,64.0551532],[-16.5281517,64.0551251],[-16.5293318,64.0552659],[-16.5304262,64.0551532],[-16.533044,64.0554067],[-16.5404684,64.0569181],[-16.5407688,64.0570965],[-16.5407688,64.0572842]]],[[[-16.4139618,64.0370896],[-16.416831,64.0363141],[-16.4176679,64.0359665],[-16.419363,64.0356095],[-16.4227319,64.0352337],[-16.4285255,64.0350458],[-16.430049,64.0348391],[-16.4334822,64.0347452],[-16.4341688,64.0345197],[-16.4347053,64.0345197],[-16.4354134,64.0346982],[-16.436894,64.0347076],[-16.4375162,64.0344352],[-16.438117,64.0344446],[-16.4388681,64.0346419],[-16.4400911,64.0345385],[-16.4414859,64.0346982],[-16.4422369,64.0345855],[-16.4429021,64.0349613],[-16.4438033,64.0347734],[-16.4441896,64.0348673],[-16.4444685,64.0353089],[-16.446743,64.0361544],[-16.4475584,64.0362765],[-16.4492536,64.0367744],[-16.4496613,64.0369811],[-16.4515925,64.0374883],[-16.4521289,64.0378453],[-16.4536739,64.0382116],[-16.4540815,64.0384465],[-16.4554978,64.0389443],[-16.4571234,64.0391997],[-16.4591456,64.0395173],[-16.4600897,64.0395643],[-16.4611197,64.0397991],[-16.4621496,64.0403157],[-16.4653683,64.0413301],[-16.4662223,64.0413791],[-16.4668017,64.0414542],[-16.4676171,64.0413227],[-16.4681106,64.0413415],[-16.4697414,64.0418205],[-16.4720159,64.0419896],[-16.4732175,64.0422995],[-16.4752131,64.0425062],[-16.4781313,64.0426564],[-16.4804058,64.0425437],[-16.4815646,64.0426564],[-16.4823799,64.0429945],[-16.4841609,64.0431166],[-16.4843111,64.0436708],[-16.4850407,64.0437741],[-16.4854698,64.044516],[-16.4861136,64.0446475],[-16.4876585,64.0447696],[-16.4881521,64.0451264],[-16.4905982,64.0452579],[-16.4917569,64.0455866],[-16.494246,64.0457744],[-16.4959197,64.0461031],[-16.4978724,64.0468074],[-16.4982586,64.0471079],[-16.5004473,64.0471267],[-16.5044384,64.0475399],[-16.5073138,64.0479437],[-16.5085368,64.0480188],[-16.5100174,64.0482254],[-16.5126782,64.0488076],[-16.5144806,64.0489578],[-16.5183859,64.0495118],[-16.5225702,64.0499249],[-16.5248876,64.0500282],[-16.5282779,64.0500376],[-16.5320759,64.0499062],[-16.5360241,64.0500658],[-16.5378051,64.050601],[-16.5407473,64.0506467],[-16.5453822,64.050534],[-16.5473563,64.0507875],[-16.5482146,64.0506843],[-16.5486652,64.0507875],[-16.5487296,64.0510504],[-16.5483648,64.0511725],[-16.5493304,64.0517452],[-16.5494591,64.0521302],[-16.5503174,64.0523743],[-16.5507466,64.0522992],[-16.5508968,64.0520738],[-16.5509826,64.0517922],[-16.5518195,64.0516513],[-16.552592,64.0517546]]],[[[-16.4080718,64.0357325],[-16.4091063,64.0367838],[-16.4121318,64.0373474],[-16.4127541,64.0373756],[-16.4136338,64.0371783],[-16.4139618,64.0370896]]],[[[-16.4128618,64.0125783],[-16.4123168,64.0125699],[-16.4106431,64.01304],[-16.410265,64.01327],[-16.4107156,64.0147931],[-16.4114022,64.0166357],[-16.4103294,64.017604],[-16.4073253,64.0182996],[-16.4071751,64.0192396],[-16.4083123,64.0193806],[-16.4085269,64.0197566],[-16.409514,64.0197284],[-16.4103294,64.019954],[-16.4096212,64.0207623],[-16.4061236,64.0211947],[-16.405437,64.0214955],[-16.4059734,64.0218997],[-16.4058232,64.0222756],[-16.4062739,64.0226234],[-16.4097715,64.0233377],[-16.4101791,64.0236572],[-16.4099646,64.0241835],[-16.4108229,64.0243997],[-16.4105868,64.0247568],[-16.4099217,64.0248602],[-16.4098787,64.0250012],[-16.4106941,64.0263263],[-16.4105868,64.0270499],[-16.409514,64.028046],[-16.4095354,64.029089],[-16.4092779,64.0295964],[-16.4084196,64.0302636],[-16.4082694,64.0306112],[-16.4074326,64.0308649],[-16.4070463,64.0324058],[-16.4076901,64.032791],[-16.4071536,64.0339185],[-16.4073038,64.0349519],[-16.4080718,64.0357325]]],[[[-16.5052601,64.0247634],[-16.5018268,64.0250172],[-16.4959374,64.0250156],[-16.4913454,64.0248371],[-16.4827409,64.0239818],[-16.4760676,64.0229668],[-16.4728704,64.0224311],[-16.4674845,64.0209272],[-16.4634075,64.0195172],[-16.461648,64.0186054],[-16.4614978,64.0182576],[-16.4605107,64.0176936],[-16.4595666,64.0168946],[-16.4579573,64.0159733],[-16.4536657,64.0143751],[-16.4461341,64.0122502],[-16.4437308,64.0118647],[-16.4431944,64.0119399],[-16.4434519,64.012175],[-16.4463057,64.0135195],[-16.4467564,64.0140366],[-16.4463701,64.014281],[-16.4449968,64.0139708],[-16.4405336,64.0133315],[-16.4356198,64.0111783],[-16.4341178,64.0110373],[-16.4321866,64.0112724],[-16.4302769,64.0111031],[-16.4291825,64.0113382],[-16.4267578,64.0112065],[-16.4249554,64.0114134],[-16.4212861,64.0111971],[-16.420814,64.0113382],[-16.4203634,64.0119211],[-16.4165225,64.0122596],[-16.4147415,64.0126075],[-16.4128618,64.0125783]]],[[[-16.5563709,64.0211062],[-16.5552551,64.0211344],[-16.5514142,64.0215856],[-16.5485603,64.0222529],[-16.5460497,64.0223845],[-16.5411788,64.0217266],[-16.5376812,64.0215856],[-16.5346128,64.0212472],[-16.5321666,64.0213694],[-16.5307075,64.021454],[-16.5293557,64.0221026],[-16.5276176,64.0223281],[-16.5249998,64.0224503],[-16.5230882,64.0225573],[-16.5219112,64.0229119],[-16.5158172,64.0233349],[-16.5114613,64.0234195],[-16.5103241,64.0237296],[-16.5079423,64.0244439],[-16.5052601,64.0247634]]],[[[-16.5567004,64.0209462],[-16.5564782,64.0208337],[-16.5551263,64.0207773],[-16.5529162,64.0207397],[-16.5523583,64.0205799],[-16.5510065,64.0205987],[-16.5500409,64.0204107],[-16.5499979,64.0200911],[-16.549719,64.0197715],[-16.5489894,64.0195835],[-16.5476591,64.0196117],[-16.5467793,64.0192921],[-16.5459854,64.0192733],[-16.545642,64.0188973],[-16.5450841,64.0186811],[-16.5437323,64.0185401],[-16.5423805,64.0178163]]],[[[-16.5423805,64.0178163],[-16.5422303,64.0171582],[-16.5430027,64.016989],[-16.5424878,64.0165284],[-16.5417153,64.016472],[-16.5407068,64.016237],[-16.539827,64.0157575],[-16.5391618,64.0155131],[-16.5380031,64.0153627],[-16.5362221,64.014855],[-16.5330035,64.0145259],[-16.5312869,64.013943],[-16.5304715,64.0136328],[-16.5296775,64.0135576],[-16.5277249,64.0137926],[-16.5267593,64.0137644],[-16.5254289,64.0135012],[-16.5248281,64.0133131],[-16.5237552,64.0131533],[-16.5226609,64.012608],[-16.5231544,64.011837],[-16.5230042,64.0115079],[-16.5223605,64.0113762],[-16.5209872,64.0113762],[-16.5202147,64.0110095],[-16.5193135,64.0108591],[-16.5191418,64.0104078],[-16.5186697,64.0101633],[-16.5187556,64.0095897],[-16.5183693,64.0093358],[-16.5165669,64.0090819],[-16.5155798,64.0091854],[-16.5135414,64.0090349],[-16.5106231,64.0085929],[-16.5096575,64.0083484],[-16.5097434,64.0079253],[-16.5103227,64.0072576],[-16.509915,64.0070413],[-16.508928,64.0070037],[-16.5075976,64.0073046],[-16.5055806,64.0082074],[-16.5028125,64.009176],[-16.5023619,64.0095051],[-16.5016538,64.0095709],[-16.4996797,64.0094298],[-16.4947659,64.0097307],[-16.4935643,64.0096273],[-16.4903885,64.0097025],[-16.488393,64.009947],[-16.486333,64.0098248],[-16.4827496,64.0089691],[-16.4817411,64.0084519],[-16.4827281,64.0083579],[-16.484595,64.0084143],[-16.487878,64.0081322],[-16.4902598,64.0080099],[-16.4909679,64.0077654],[-16.4915687,64.007173],[-16.4930493,64.006872],[-16.4934141,64.0066557],[-16.4934784,64.0064489],[-16.4938647,64.0062326],[-16.4938003,64.0060633],[-16.4935643,64.0059598],[-16.4921051,64.0059222],[-16.489895,64.0061949],[-16.4876849,64.0070037],[-16.4870411,64.0070131],[-16.4858824,64.0072952],[-16.4849168,64.0069379],[-16.4842731,64.0069003],[-16.4830715,64.0069567],[-16.4819986,64.0068438],[-16.4810115,64.0063548],[-16.4802176,64.0064112],[-16.4794237,64.0062984],[-16.4789945,64.0058],[-16.4794022,64.0054614],[-16.4789301,64.0053485],[-16.4774925,64.0047466],[-16.4771491,64.0042858],[-16.4766556,64.0042294],[-16.4753252,64.0045868],[-16.4748317,64.0049347],[-16.4740592,64.005151],[-16.4737159,64.0059504],[-16.4726645,64.0075115],[-16.4712912,64.0084895],[-16.4689738,64.009411],[-16.4671626,64.0105389],[-16.4660897,64.0105953],[-16.4656391,64.0103508],[-16.4652743,64.0103508],[-16.4646091,64.0104731],[-16.4627423,64.0103602],[-16.4620342,64.0101345],[-16.4607467,64.0102286],[-16.4590945,64.0101157],[-16.4589228,64.0099277],[-16.4580645,64.0100123],[-16.4552321,64.0093823],[-16.4544596,64.0089968],[-16.4536013,64.0089968],[-16.4532365,64.0085548],[-16.4540734,64.008],[-16.457056,64.0071348],[-16.4580001,64.0072101],[-16.4595666,64.0067587],[-16.4606609,64.0057806],[-16.4600601,64.0051693],[-16.4611973,64.0034858],[-16.4638366,64.0024794],[-16.4716686,64.0010874]]],[[[-16.4723221,64.0010766],[-16.4739432,64.0010498],[-16.4780845,64.0002596],[-16.4807882,63.9999586],[-16.4820971,63.9999963],[-16.4833846,64.000222],[-16.4858307,64.0004101],[-16.4891352,64.0004572],[-16.4919033,64.0004101],[-16.495315,64.0001468],[-16.4960446,64.0006359],[-16.4966669,64.0006829],[-16.4999499,64.0002314],[-16.5045847,64.0008052],[-16.5073099,64.000871],[-16.5083828,64.0012567],[-16.5091552,64.0012755],[-16.5105285,64.0008899],[-16.5111079,64.0008522],[-16.5113868,64.0009651],[-16.5110435,64.0013037],[-16.5111079,64.0015201],[-16.5113654,64.0016047],[-16.5122022,64.0015859],[-16.5138974,64.0018869],[-16.5150775,64.0017928],[-16.5164508,64.0014166],[-16.5178027,64.00168],[-16.5186824,64.0020844],[-16.5209355,64.0018493],[-16.5247764,64.0019715],[-16.5265145,64.0018493],[-16.5285744,64.0019715],[-16.5303983,64.0020186],[-16.5336599,64.002423],[-16.5365781,64.0023948],[-16.5386381,64.0025547],[-16.5407838,64.0028651],[-16.5421142,64.0029685],[-16.5434364,64.002915],[-16.5446381,64.0028021],[-16.5465264,64.0023601],[-16.5479211,64.00157],[-16.5486936,64.000714],[-16.5503458,64.0002719],[-16.5511851,63.9997638],[-16.5546827,63.9992841],[-16.5556698,63.9992277],[-16.556335,63.9989078],[-16.5563994,63.998635],[-16.5618444,63.998006],[-16.5632177,63.9981377],[-16.5653811,63.997911],[-16.565982,63.9980239],[-16.5663682,63.9979675],[-16.5670978,63.9975065],[-16.5670559,63.9973537]]],[[[-16.5612559,63.9831774],[-16.5631596,63.9846468],[-16.56294,63.985538],[-16.5637271,63.986124],[-16.5638369,63.986397],[-16.5626105,63.9859394],[-16.5619881,63.985538],[-16.5615671,63.9850081],[-16.5602308,63.9841971],[-16.5596816,63.9839964],[-16.557906,63.9836993],[-16.5559291,63.983322],[-16.5558559,63.9828001],[-16.5553433,63.9825271],[-16.5541352,63.9824789],[-16.5534762,63.9819088],[-16.5525792,63.9816037],[-16.5521033,63.9810657],[-16.5502179,63.9805999],[-16.5492477,63.9798612],[-16.5465569,63.9795962],[-16.5460077,63.9798049],[-16.546447,63.9800057],[-16.5463189,63.9801663],[-16.5459345,63.9802065],[-16.5444152,63.9799816],[-16.5442321,63.980078],[-16.5446348,63.980343],[-16.544525,63.9804313],[-16.5434999,63.9804955],[-16.5413399,63.9799495],[-16.5403697,63.9799736],[-16.5411202,63.9803831],[-16.5400585,63.9808408],[-16.5400036,63.981154],[-16.5404429,63.9814672],[-16.5401135,63.9817161],[-16.5388504,63.9818606],[-16.5378619,63.9816358],[-16.5374226,63.9811701],[-16.5374592,63.9808408],[-16.5368368,63.9802627],[-16.5346585,63.9784077],[-16.534146,63.9782952],[-16.5330111,63.978488],[-16.5321324,63.9784799],[-16.530906,63.9781587],[-16.5299358,63.9776287],[-16.5285629,63.9772271],[-16.5264944,63.977195],[-16.5249385,63.9774199],[-16.52395,63.9783354],[-16.5224124,63.9786486],[-16.5200693,63.9787048],[-16.5174883,63.9786486],[-16.5160971,63.9789618],[-16.5158407,63.9791799],[-16.515969,63.9795239],[-16.5164083,63.9797648],[-16.5167744,63.9801342],[-16.5165914,63.9805036],[-16.5161337,63.9805598],[-16.5161154,63.9806642],[-16.5164998,63.9808087],[-16.516628,63.9810416],[-16.5163168,63.9813467],[-16.5148416,63.9814311],[-16.5139189,63.9816194],[-16.5139403,63.9818924],[-16.5143717,63.9820373],[-16.5149274,63.9820712],[-16.5159788,63.9824194],[-16.5172019,63.9825795],[-16.51791,63.98225],[-16.5187039,63.9821653],[-16.5199056,63.9822124],[-16.5203133,63.9824053],[-16.5201201,63.9825936],[-16.5190044,63.9825842],[-16.518146,63.982763],[-16.5178027,63.9829795],[-16.5178456,63.9832054],[-16.5173307,63.9835254],[-16.5165153,63.9838077],[-16.514863,63.9838454],[-16.5142407,63.9840901],[-16.5142622,63.984316],[-16.5161505,63.985003],[-16.5170302,63.9856524],[-16.5200772,63.985963],[-16.5213432,63.9856524],[-16.5235963,63.985643],[-16.5243473,63.9855583],[-16.5256991,63.9857183],[-16.5263214,63.9862077],[-16.5305486,63.9863676],[-16.5317288,63.9859724],[-16.5324798,63.9859536],[-16.5327158,63.9862077],[-16.5324154,63.98665],[-16.5329733,63.9869888],[-16.5356984,63.9874217],[-16.5378013,63.9876193],[-16.5405264,63.9876569],[-16.5431871,63.9881369],[-16.5458479,63.9883062],[-16.5493884,63.9888709],[-16.5504184,63.9891249],[-16.5505686,63.9892567],[-16.5500965,63.9892849],[-16.5471568,63.9888709],[-16.5439382,63.9885791],[-16.5432301,63.9884004],[-16.5410628,63.9884756],[-16.53999,63.988438],[-16.5390673,63.9881651],[-16.5371361,63.9883062],[-16.5359774,63.9885039],[-16.5356126,63.9884192],[-16.5351834,63.9880616],[-16.5341964,63.9880051],[-16.533145,63.9880333],[-16.5326514,63.9878075],[-16.5317502,63.9876663],[-16.5313211,63.9878075],[-16.5315571,63.9880522],[-16.5311923,63.9883533],[-16.5299048,63.9884945],[-16.5296044,63.9887862],[-16.5300336,63.9888803],[-16.5302053,63.9890026],[-16.5299048,63.9890591],[-16.5292826,63.9889932],[-16.528789,63.9890685],[-16.5284457,63.9890402],[-16.5281024,63.9888897],[-16.5277376,63.9888238],[-16.5273085,63.988598],[-16.525785,63.9884662],[-16.5252914,63.9887015],[-16.5244117,63.9886168],[-16.5230599,63.9888238],[-16.5228238,63.9891532],[-16.5201631,63.9896613],[-16.5168157,63.9898119],[-16.513361,63.9894825],[-16.5109792,63.9892661],[-16.5058723,63.9892096],[-16.504499,63.9892473],[-16.5039411,63.9894919],[-16.5023747,63.9893037],[-16.5020099,63.9893884],[-16.5021172,63.9895484],[-16.5019455,63.9896425],[-16.5005078,63.989586],[-16.4993706,63.9897178],[-16.4982333,63.9895672],[-16.4970961,63.9898683],[-16.49686,63.9900189],[-16.4954867,63.9900283],[-16.4952507,63.9902353],[-16.4969888,63.9913927],[-16.4990916,63.9920701],[-16.4990487,63.9922207],[-16.4982333,63.992183],[-16.4978256,63.9925594],[-16.498169,63.9928417],[-16.4994564,63.9933592],[-16.5000787,63.9934062],[-16.5005078,63.9932651],[-16.5012589,63.9933309],[-16.5017095,63.9938954],[-16.5015807,63.9940836],[-16.5022245,63.9943],[-16.5025463,63.994554],[-16.5030398,63.9946481],[-16.5032115,63.9948269],[-16.5026536,63.9953631],[-16.5027824,63.99589],[-16.5043488,63.9967178],[-16.5053358,63.9979032],[-16.5078464,63.9995306],[-16.5095844,64.0001044],[-16.5107217,64.0002172],[-16.5127816,63.9993142],[-16.5137901,63.999079],[-16.5152063,63.9990226],[-16.517554,63.9985423],[-16.5181977,63.9984952],[-16.5191633,63.9986928],[-16.5198499,63.9991067],[-16.5209014,63.9991631],[-16.5214378,63.9994171],[-16.5229398,63.9993325],[-16.5237123,63.9994171],[-16.5246565,63.9998122],[-16.5265662,63.9998028],[-16.5271455,63.999483],[-16.5283043,63.9993701],[-16.5291196,63.9991161],[-16.5301282,63.9990503],[-16.532467,63.9992384],[-16.5341837,63.9992102],[-16.5362651,63.9994077],[-16.5368659,63.9993701],[-16.538046,63.9995864],[-16.5381533,63.9996899],[-16.5367371,63.999784],[-16.5345984,64.0001871],[-16.5338259,64.0005352],[-16.5330749,64.0005916],[-16.5330319,64.0007515],[-16.5352635,64.000949],[-16.5381818,64.0009773],[-16.5411215,64.0016733],[-16.5418725,64.001504],[-16.5435677,64.0020401],[-16.5450053,64.0019084],[-16.5458636,64.0014099],[-16.5463786,64.0008268],[-16.5472369,64.0004693],[-16.549726,63.9999896],[-16.5499406,63.9998391],[-16.5494685,63.9997262],[-16.5488657,63.9996197],[-16.54847,63.9996102],[-16.547632,63.9994667],[-16.5469419,63.9994713],[-16.5464912,63.9995126],[-16.5445048,63.9995206],[-16.5399558,63.9996335],[-16.5394408,63.9994924],[-16.5393979,63.999323],[-16.5402562,63.9990597],[-16.5427238,63.9989562],[-16.5452779,63.9990223],[-16.5461325,63.9989087],[-16.5464797,63.9989832],[-16.5486293,63.9987961],[-16.5488461,63.9989147],[-16.5486683,63.9990139],[-16.5488657,63.9993202],[-16.5493827,63.99935],[-16.549726,63.9992559],[-16.5505629,63.9993029],[-16.5521293,63.9991806],[-16.5532451,63.9991336],[-16.555305,63.9987573],[-16.556326,63.9983249],[-16.5598451,63.9978358],[-16.560875,63.9974407],[-16.5640722,63.9976194],[-16.5644155,63.9977981],[-16.565982,63.9977699],[-16.5667973,63.997403],[-16.5670559,63.9973537]]],[[[-16.5538981,63.9685652],[-16.5547393,63.9688255],[-16.5554898,63.9693798],[-16.5567162,63.9710988],[-16.557485,63.9724081],[-16.5580891,63.9750908],[-16.5562769,63.9768497],[-16.5556728,63.9777009],[-16.5558193,63.9787771],[-16.556222,63.9791063],[-16.556222,63.9795399],[-16.556405,63.9805036],[-16.556643,63.9811299],[-16.5577596,63.9817482],[-16.5588762,63.982246],[-16.560725,63.9828804],[-16.5612559,63.9831774]]],[[[-16.4687486,63.9458775],[-16.4698644,63.9459435],[-16.4716454,63.9455382],[-16.4726968,63.9455099],[-16.4732762,63.9451989],[-16.4740272,63.9449162],[-16.4760013,63.9443506],[-16.4767738,63.9442658],[-16.4780827,63.9443695],[-16.4785333,63.9445486],[-16.479456,63.9450764],[-16.479971,63.9451141],[-16.4808722,63.9450669],[-16.4812155,63.9451329],[-16.4812584,63.9452366],[-16.4810009,63.9453403],[-16.4794775,63.9455193],[-16.478426,63.9454439],[-16.4774604,63.9451706],[-16.4771386,63.9451989],[-16.4764948,63.9454816],[-16.4763446,63.9457173],[-16.4758726,63.946],[-16.4762373,63.946377],[-16.4754434,63.9466974],[-16.4756365,63.9469707],[-16.475422,63.94731],[-16.4747774,63.947462],[-16.4721167,63.9475656],[-16.469649,63.9474337],[-16.4691126,63.9478484],[-16.4693272,63.9485175],[-16.4706575,63.9491583],[-16.4719235,63.9493467],[-16.4726102,63.9502985],[-16.4751636,63.9512314],[-16.4795879,63.9517183],[-16.4824632,63.9522271],[-16.4906386,63.9537158],[-16.4931276,63.9540833],[-16.4951018,63.9548182],[-16.5045217,63.9564198],[-16.5058091,63.956514],[-16.5110448,63.9575786],[-16.5126112,63.9577858],[-16.5161303,63.9586525],[-16.5169886,63.959067],[-16.5199712,63.9593213],[-16.5226789,63.9591779],[-16.5231831,63.9591252],[-16.5241621,63.9589681],[-16.5268591,63.9587467],[-16.5278307,63.9589105],[-16.5287094,63.9593123],[-16.5288192,63.9595212],[-16.528508,63.9600114],[-16.5288192,63.9605257],[-16.529167,63.9606784],[-16.5291304,63.9608231],[-16.5286544,63.9609356],[-16.5275012,63.9609918],[-16.5266226,63.9609677],[-16.5263227,63.9610357],[-16.5263114,63.9611927],[-16.5266226,63.9616989],[-16.5274829,63.9621328],[-16.529167,63.9624221],[-16.5312721,63.9626471],[-16.531986,63.9624382],[-16.5328097,63.9624864],[-16.5347134,63.9631774],[-16.5396009,63.9644148],[-16.5398389,63.9646397],[-16.5404613,63.9650495],[-16.5411019,63.9652986],[-16.5427311,63.9662707],[-16.5453304,63.967283],[-16.5487352,63.9682229],[-16.5509318,63.9684961],[-16.5536226,63.96848],[-16.5538981,63.9685652]]],[[[-16.4741128,63.9409871],[-16.4709158,63.9408631],[-16.4694782,63.9412779],[-16.4692421,63.942277],[-16.4696498,63.9427672],[-16.4706584,63.9431254],[-16.4719887,63.9439265],[-16.4716239,63.9443412],[-16.47083,63.9447559],[-16.468577,63.9454911],[-16.4684268,63.9457173],[-16.4687486,63.9458775]]],[[[-16.5267595,63.949729],[-16.5171679,63.9471846],[-16.5066107,63.9448002],[-16.5033492,63.9444137],[-16.5003022,63.9432356],[-16.495324,63.9425286],[-16.4884146,63.942161],[-16.4844235,63.9420856],[-16.4824279,63.9421516],[-16.4809903,63.9415578],[-16.4796384,63.9414164],[-16.4790805,63.9415106],[-16.4780291,63.9412279],[-16.4766773,63.9410865],[-16.4741128,63.9409871]]],[[[-16.5861864,63.9655277],[-16.5851534,63.9656999],[-16.5807516,63.9660038],[-16.5774042,63.9667384],[-16.5760738,63.9668891],[-16.5755159,63.9667761],[-16.5748078,63.9662581],[-16.5736062,63.9662393],[-16.5722544,63.9665029],[-16.5723831,63.966842],[-16.572941,63.9671339],[-16.5736491,63.9678402],[-16.574958,63.968038],[-16.5772111,63.9677743],[-16.5804941,63.9679156],[-16.5814597,63.9681604],[-16.5814812,63.9683676],[-16.58058,63.9683676],[-16.5775115,63.9683488],[-16.5760309,63.9686501],[-16.5738422,63.9685653],[-16.5697224,63.967633],[-16.5680487,63.9670115],[-16.566096,63.9650526],[-16.5653879,63.9646193],[-16.5646798,63.9644969],[-16.5631134,63.9634891],[-16.560281,63.961935],[-16.5595729,63.9617466],[-16.5586073,63.9619256],[-16.5571696,63.9615582],[-16.5556891,63.9611155],[-16.5551312,63.9605786],[-16.554466,63.9605032],[-16.5530498,63.9600417],[-16.5506643,63.9597137],[-16.5490346,63.9592526],[-16.5479403,63.9583294],[-16.5440135,63.9565678],[-16.5403228,63.9551923],[-16.5367179,63.9542501],[-16.5361602,63.9537094],[-16.5345853,63.9531641],[-16.5334899,63.9525323],[-16.5331793,63.9525754],[-16.5324926,63.9523887],[-16.5293536,63.9512256],[-16.5267595,63.949729]]],[[[-16.6077066,63.9591681],[-16.6072989,63.9588196],[-16.6076422,63.9582167],[-16.6063118,63.9574442],[-16.6053033,63.9573877],[-16.6037584,63.9575949],[-16.6013766,63.9560216],[-16.598866,63.9545896],[-16.5934158,63.9524131],[-16.5913344,63.9518383],[-16.5896821,63.9517723],[-16.5876866,63.9520833],[-16.5852618,63.9519419],[-16.5805412,63.9509431],[-16.5763355,63.9487946],[-16.5710998,63.9457977],[-16.5692544,63.9437996],[-16.5684176,63.9436017],[-16.5678168,63.9425177],[-16.56704,63.9418803],[-16.566215,63.9415783],[-16.5659858,63.9413233],[-16.5660316,63.9411689],[-16.5664289,63.9406655],[-16.5665358,63.9402695],[-16.5663678,63.939652],[-16.5661539,63.9394574],[-16.5659247,63.9394439],[-16.5658177,63.9397259],[-16.5659858,63.9402695],[-16.5658483,63.9405313],[-16.5654205,63.9407125],[-16.5649543,63.9406238],[-16.5645343,63.9406722],[-16.5642288,63.9407662],[-16.5631135,63.9407796],[-16.5627162,63.9408669],[-16.5622273,63.941236],[-16.561769,63.9418132],[-16.5624259,63.9425783],[-16.5622579,63.9430079],[-16.5628232,63.9436051],[-16.5626398,63.943934],[-16.5634629,63.9453694],[-16.5647887,63.9464509],[-16.5654327,63.9466006],[-16.5668722,63.9466588],[-16.5676391,63.9468884],[-16.5680468,63.9473879],[-16.5677249,63.948057],[-16.5683472,63.9493669],[-16.5707934,63.9511573],[-16.572746,63.9520053],[-16.5734756,63.952957],[-16.5759432,63.9540311],[-16.5769732,63.9540123],[-16.5787327,63.9553219],[-16.579355,63.9560379],[-16.5795052,63.9570177],[-16.577853,63.9591938],[-16.5775311,63.9597779],[-16.5784967,63.961172],[-16.580342,63.9623871],[-16.5852559,63.9645251],[-16.5862429,63.9654104]]],[[[-16.6151309,63.958292],[-16.6151095,63.9585464],[-16.6144228,63.9586312],[-16.6116977,63.9585558],[-16.6107106,63.9588667],[-16.609509,63.9592623],[-16.6077066,63.9591681]]],[[[-16.6366737,63.9537749],[-16.6361373,63.9536336],[-16.6355579,63.9524558],[-16.6341632,63.9516455],[-16.6337126,63.9510801],[-16.6328113,63.9508257],[-16.631717,63.9494593],[-16.6300398,63.9490812],[-16.6291246,63.9492401],[-16.6288777,63.9489458],[-16.629007,63.9488426],[-16.6287131,63.9486412],[-16.6285485,63.9481094],[-16.6286661,63.9477221],[-16.6283769,63.9470337],[-16.62754,63.9462703],[-16.6252226,63.9448755],[-16.6246432,63.9443383],[-16.6232028,63.9426477],[-16.6220551,63.9425138],[-16.6209558,63.9420769],[-16.6195444,63.9412423],[-16.6188207,63.9401931],[-16.6180969,63.9399865],[-16.6167617,63.9405288],[-16.6149807,63.9406891],[-16.6131139,63.9413772],[-16.6128779,63.9422444],[-16.6124487,63.9426686],[-16.6119981,63.9426968],[-16.6110111,63.9428005],[-16.6108608,63.9432529],[-16.6105819,63.9435263],[-16.6100025,63.9435546],[-16.6066551,63.9428288],[-16.6061831,63.9428571],[-16.6057365,63.9430343],[-16.6055179,63.943121],[-16.6056466,63.9441389],[-16.6081572,63.9477109],[-16.6092515,63.9493977],[-16.6092301,63.949671],[-16.608479,63.9509337],[-16.6080284,63.9525921],[-16.6083288,63.9542504],[-16.6082001,63.9558803],[-16.608758,63.9562666],[-16.6101742,63.9566246],[-16.6121269,63.9567847],[-16.6151309,63.958292]]],[[[-16.6653216,63.9602789],[-16.6646993,63.9602694],[-16.664356,63.9600905],[-16.6648281,63.9596477],[-16.6648066,63.9591861],[-16.6651929,63.958847],[-16.6652358,63.9579332],[-16.6650427,63.9575093],[-16.6658795,63.9569158],[-16.6673601,63.9564259],[-16.667682,63.9551634],[-16.6681755,63.9547018],[-16.6681326,63.9543155],[-16.6688621,63.9536842],[-16.6688407,63.9530906],[-16.6699136,63.9525536],[-16.6698706,63.9520353],[-16.6691411,63.951828],[-16.6685188,63.9516113],[-16.6688407,63.9510931],[-16.6697848,63.950669],[-16.6698063,63.9498398],[-16.6711366,63.9488221],[-16.6733897,63.9472671],[-16.6746986,63.9449864],[-16.6755569,63.9430259],[-16.6764658,63.9426129],[-16.6769226,63.9421218],[-16.6770067,63.9414512],[-16.676586,63.9407542],[-16.676586,63.939735],[-16.6762254,63.9392861],[-16.6757926,63.9391224],[-16.6747228,63.9388056],[-16.6743502,63.9388373],[-16.6740136,63.9391383],[-16.6736169,63.9392175],[-16.6733044,63.9395185],[-16.6732924,63.9400835],[-16.6735809,63.9401522],[-16.6735689,63.9402684],[-16.6705815,63.9413014],[-16.6703416,63.9415895],[-16.6698778,63.9418214],[-16.6692701,63.9418495],[-16.6684224,63.9421164],[-16.6681185,63.9420883],[-16.6679266,63.9419548],[-16.6670309,63.9420743],[-16.6665991,63.9419478],[-16.6661993,63.942004],[-16.6655595,63.942819],[-16.6658776,63.9438801],[-16.6668861,63.9439838],[-16.6668217,63.9445681],[-16.6658776,63.9446718],[-16.6655772,63.9450111],[-16.6654055,63.9450017],[-16.6652553,63.9448886],[-16.6647404,63.9447378],[-16.6642683,63.9447849],[-16.6640108,63.9451713],[-16.6633027,63.9452656],[-16.663131,63.9447283],[-16.6628306,63.9444173],[-16.6627877,63.944012],[-16.6616719,63.9437481],[-16.660363,63.9438612],[-16.6601484,63.9445304],[-16.6606205,63.9449168],[-16.6604488,63.9455577],[-16.6607492,63.9457839],[-16.660599,63.9458876],[-16.6599767,63.9460855],[-16.6596549,63.9463682],[-16.6582172,63.9471222],[-16.6575735,63.9477913],[-16.6575735,63.94814],[-16.65708,63.9488468],[-16.6561358,63.9489316],[-16.6558354,63.9488185],[-16.655535,63.9482437],[-16.6549127,63.947829],[-16.6538613,63.9474803],[-16.6529172,63.9465473],[-16.653003,63.9461892],[-16.6535394,63.9456614],[-16.6539471,63.9455954],[-16.6541188,63.9454541],[-16.6540544,63.9452844],[-16.6540115,63.9448132],[-16.6541403,63.9440215],[-16.6536467,63.9430412],[-16.6536467,63.9420892],[-16.653282,63.941665],[-16.6509645,63.941288],[-16.6490333,63.9414482],[-16.6478746,63.9421081],[-16.6473167,63.9427584],[-16.6454284,63.9447849],[-16.6451066,63.9447943],[-16.6449349,63.9446058],[-16.6451495,63.9441817],[-16.6447847,63.9438141],[-16.6446131,63.943192],[-16.6447633,63.9428621],[-16.6440766,63.9420327],[-16.6435831,63.9419101],[-16.6434329,63.9415519],[-16.6431325,63.9414954],[-16.6429179,63.9416933],[-16.6431969,63.942683],[-16.6426819,63.9427207],[-16.6426604,63.9434465],[-16.6418665,63.9437104],[-16.6410725,63.9437764],[-16.6406005,63.9434936],[-16.6401713,63.9438235],[-16.6397422,63.9438424],[-16.639549,63.943324],[-16.6392916,63.9432486],[-16.6384976,63.9435785],[-16.6381328,63.944144],[-16.6381758,63.9446058],[-16.6376608,63.9456897],[-16.6378968,63.9468395],[-16.6376179,63.9485923],[-16.6384547,63.9500153],[-16.639549,63.9509387],[-16.639592,63.9514287],[-16.6384762,63.9521354],[-16.6371458,63.9536147],[-16.6366737,63.9537749]]],[[[-16.708435,63.9553864],[-16.7083707,63.9550944],[-16.7088856,63.9543972],[-16.7094119,63.9540337],[-16.7107012,63.9536116],[-16.7122393,63.9529783],[-16.7135028,63.9519645],[-16.7137524,63.9513206],[-16.714938,63.9504095],[-16.7166071,63.9499985],[-16.7169503,63.9498683],[-16.7177927,63.9494299],[-16.7201482,63.948827],[-16.720663,63.9484776],[-16.7208209,63.9482096],[-16.7203625,63.9480028],[-16.7196973,63.9479839],[-16.718603,63.9482666],[-16.7176374,63.9483609],[-16.7167147,63.9483703],[-16.7146762,63.948587],[-16.7131956,63.948898],[-16.7121657,63.9489546],[-16.7111786,63.9493504],[-16.7101701,63.9494729],[-16.7096766,63.9493975],[-16.7101701,63.948964],[-16.7096551,63.9487284],[-16.7102774,63.9482384],[-16.7101486,63.9480782],[-16.710213,63.9476447],[-16.7095693,63.9475504],[-16.7088826,63.9475881],[-16.7081102,63.9473148],[-16.7073162,63.9473242],[-16.705149,63.9476541],[-16.7029603,63.9482101],[-16.7024453,63.9485305],[-16.7009004,63.9487944],[-16.6998919,63.948719],[-16.699849,63.9485022],[-16.6998188,63.9482861],[-16.7000144,63.9481251],[-16.6997699,63.9478996],[-16.6989022,63.9479425],[-16.6987677,63.9478996],[-16.6987433,63.9476849],[-16.6995377,63.9474165],[-16.6993055,63.9472984],[-16.6993055,63.9471642],[-16.6998062,63.9471254],[-16.6999007,63.9470321],[-16.6996351,63.946918],[-16.6994344,63.9467728],[-16.699033,63.9468091],[-16.6987083,63.946695],[-16.6975149,63.9468833],[-16.6969533,63.9468714],[-16.6957632,63.9465716],[-16.6940306,63.9464487],[-16.6931372,63.9465909],[-16.6929032,63.946481],[-16.6931855,63.946326],[-16.6932843,63.945985],[-16.6930726,63.9458175],[-16.6930726,63.9453463],[-16.6927902,63.9453339],[-16.6918726,63.9457741],[-16.6920561,63.9460408],[-16.692042,63.9462888],[-16.6912796,63.946729],[-16.6913643,63.9467724],[-16.6919714,63.9468034],[-16.6923385,63.9470081],[-16.6921973,63.9472933],[-16.6918726,63.9474669],[-16.6921549,63.9476591],[-16.6926632,63.9475909],[-16.6930161,63.9476963],[-16.6932843,63.9481799],[-16.6927761,63.9484341],[-16.6927709,63.9489031],[-16.6932353,63.9492702],[-16.6924737,63.94967],[-16.692195,63.950086],[-16.6913962,63.9504939],[-16.6915634,63.950706],[-16.6911176,63.951016],[-16.6905789,63.9510568],[-16.6896975,63.9505842],[-16.6893757,63.9500659],[-16.6885388,63.9498492],[-16.6862858,63.9496937],[-16.6851056,63.9500471],[-16.6846979,63.9506125],[-16.6841185,63.9507067],[-16.6837323,63.9505842],[-16.683625,63.9503486],[-16.6838396,63.9499717],[-16.6837538,63.9497361],[-16.6832602,63.9495194],[-16.6813505,63.9493027],[-16.6804064,63.9500283],[-16.6789258,63.9502733],[-16.67781,63.9508763],[-16.6771019,63.951583],[-16.6754711,63.9533073],[-16.6748059,63.9536183],[-16.6735184,63.9534769],[-16.6723597,63.9540423],[-16.6710937,63.9551729],[-16.6680038,63.9567839],[-16.6677892,63.9576789],[-16.6691196,63.9581122],[-16.6688621,63.9583854],[-16.6675961,63.9584608],[-16.6664374,63.9592992],[-16.6663301,63.9597702],[-16.6653216,63.9602789]]],[[[-16.7215748,63.9574583],[-16.7211783,63.9573114],[-16.7211783,63.9571264],[-16.7221821,63.9563919],[-16.7225662,63.9557824],[-16.7237683,63.9551567],[-16.7234833,63.9549445],[-16.7234957,63.954803],[-16.7245119,63.9543187],[-16.7246234,63.9541337],[-16.7243756,63.954014],[-16.7245243,63.9538344],[-16.7251687,63.9538127],[-16.7256272,63.9534045],[-16.7261601,63.953312],[-16.726123,63.9530399],[-16.7259742,63.9529746],[-16.7254166,63.9529801],[-16.7254166,63.9529148],[-16.7259123,63.9528059],[-16.7259247,63.9526372],[-16.7255901,63.9526264],[-16.7250076,63.952708],[-16.7248713,63.9526264],[-16.7249085,63.9523815],[-16.7246482,63.9522726],[-16.7240782,63.9522726],[-16.7235577,63.9523379],[-16.7233594,63.9522346],[-16.7218103,63.9525012],[-16.7204099,63.9529365],[-16.7169399,63.9537528],[-16.7142071,63.9545291],[-16.7111602,63.9554241],[-16.7092504,63.9554807],[-16.708435,63.9553864]]],[[[-16.7102204,63.9675858],[-16.7148338,63.9660789],[-16.7153702,63.9657211],[-16.7178942,63.965118],[-16.7197035,63.9645088],[-16.7211287,63.9638288],[-16.721674,63.963633],[-16.7228141,63.9634589],[-16.723694,63.9630183],[-16.7241649,63.9625559],[-16.7261353,63.961506],[-16.7279323,63.9602983],[-16.7299027,63.9582037],[-16.7302373,63.9576106],[-16.731489,63.9570339],[-16.7338932,63.9560817],[-16.7379332,63.9541881],[-16.7396062,63.9532141],[-16.7405977,63.9523379],[-16.7421012,63.9515394],[-16.7422668,63.9511032],[-16.7419513,63.9506583],[-16.7414617,63.9506019],[-16.7403582,63.9504747],[-16.7384909,63.950591],[-16.7378341,63.9506618],[-16.7365204,63.9511298],[-16.7361239,63.9514128],[-16.7357769,63.9514727],[-16.7352316,63.9517339],[-16.7348722,63.9520332],[-16.7340047,63.9522835],[-16.7334347,63.9525502],[-16.7325052,63.9528114],[-16.7320343,63.9531651],[-16.7315138,63.9533175],[-16.730857,63.9533556],[-16.7295557,63.954297],[-16.7271887,63.9548411],[-16.7250944,63.9558858],[-16.7239914,63.9570937],[-16.7228761,63.957442],[-16.7215748,63.9574583]]],[[[-16.7255716,63.9697961],[-16.7243732,63.9699013],[-16.7218387,63.9702594],[-16.7205942,63.9708031],[-16.7162383,63.9717706],[-16.7158949,63.9721237],[-16.7161739,63.9725757],[-16.7159378,63.9726605],[-16.7151868,63.9726228],[-16.7140925,63.9729994],[-16.7135346,63.97283],[-16.713953,63.9724722],[-16.7136257,63.9718413],[-16.7116597,63.9718554],[-16.7106659,63.9720932],[-16.7097151,63.9726511],[-16.7092645,63.9726181],[-16.7086422,63.9724345],[-16.7073333,63.9726511],[-16.7070084,63.9728113],[-16.7069793,63.9729571],[-16.7066252,63.9730183],[-16.7061317,63.9730183],[-16.7058099,63.9728017],[-16.7054236,63.9725757],[-16.7049516,63.9725286],[-16.7048855,63.9722574],[-16.7053612,63.9716415],[-16.7065293,63.9706949],[-16.7079986,63.9700735],[-16.7081298,63.9697827],[-16.7092903,63.9687667],[-16.7094443,63.9684464],[-16.7099962,63.968008],[-16.7102204,63.9675858]]],[[[-16.7318044,63.9791463],[-16.732491,63.9785014],[-16.732491,63.9780825],[-16.7345295,63.9771175],[-16.7356131,63.9761361],[-16.736568,63.9759455],[-16.7361657,63.9757125],[-16.736458,63.9753135],[-16.7381666,63.9743309],[-16.7391644,63.9740343],[-16.7398939,63.9737048],[-16.7404345,63.9728918],[-16.7411211,63.9720067],[-16.742001,63.9712723],[-16.7422799,63.9708392],[-16.7420438,63.970406],[-16.7407993,63.97018],[-16.7379884,63.970519],[-16.7376021,63.970067],[-16.7367438,63.969954],[-16.7363361,63.9699823],[-16.7348663,63.9707215],[-16.7338685,63.9709145],[-16.7325647,63.9709566],[-16.7317196,63.9707894],[-16.7305032,63.9708376],[-16.7300163,63.9711306],[-16.7288434,63.9710568],[-16.7288912,63.9705625],[-16.7280652,63.9704563],[-16.7278908,63.9706548],[-16.7275959,63.9707475],[-16.7272138,63.9706638],[-16.7271935,63.9703596],[-16.7276275,63.9700431],[-16.7273377,63.9698281],[-16.726736,63.9696938],[-16.7255716,63.9697961]]],[[[-16.7389367,63.9895615],[-16.739123,63.9894497],[-16.7396353,63.9894196],[-16.73981,63.9888431],[-16.7402815,63.9887132],[-16.7406987,63.9886811],[-16.7414546,63.9883638],[-16.741425,63.9882],[-16.7416632,63.9881486],[-16.7420202,63.9882376],[-16.7424316,63.9881296],[-16.742579,63.9878217],[-16.7423616,63.9876758],[-16.7420666,63.9876495],[-16.7416394,63.9873722],[-16.7416234,63.9872976],[-16.7420338,63.9872811],[-16.7425359,63.9873612],[-16.7427521,63.9872481],[-16.7432094,63.9872477],[-16.7439579,63.987375],[-16.7449906,63.9874319],[-16.7450995,63.9875982],[-16.7450804,63.9878713],[-16.745219,63.987987],[-16.7455445,63.9879937],[-16.7458004,63.9878899],[-16.7458236,63.9877256],[-16.7455441,63.9876129],[-16.7454974,63.9875001],[-16.7456974,63.9873969],[-16.7459283,63.9873366],[-16.7466026,63.987424],[-16.7482088,63.9874421],[-16.7483713,63.9873428],[-16.7485494,63.9868846],[-16.7492863,63.9868349],[-16.749692,63.9864885],[-16.750151,63.9863153],[-16.7505203,63.9863666],[-16.7507747,63.9865199],[-16.7515074,63.9866068],[-16.7521702,63.9864741],[-16.7536876,63.9857287],[-16.7536649,63.9854582],[-16.7541057,63.9850699],[-16.7547338,63.9848287],[-16.7550478,63.9844729],[-16.7558666,63.9842098],[-16.7563833,63.9837206],[-16.7564279,63.983382],[-16.7571643,63.9831947],[-16.7578584,63.9825798],[-16.7567198,63.9822912],[-16.7563501,63.9820023],[-16.7565911,63.9817971],[-16.7576841,63.9816252],[-16.7587013,63.9813332],[-16.7593161,63.9809603],[-16.7603124,63.9806376],[-16.7619173,63.9805331],[-16.7647001,63.9803777],[-16.7675104,63.9806907],[-16.768032,63.9806189],[-16.7694781,63.9799118],[-16.7709068,63.9798259],[-16.7713159,63.9796826],[-16.7716488,63.9793636],[-16.7715903,63.9789642],[-16.7719615,63.9787896],[-16.7730054,63.9787358],[-16.7733938,63.9788427],[-16.7740839,63.9788795],[-16.7746977,63.9788158],[-16.7749771,63.9786769],[-16.7747915,63.9785952],[-16.7734046,63.9783668],[-16.7727215,63.9780741],[-16.77265,63.9776845],[-16.772975,63.9773966],[-16.7739613,63.9770779],[-16.7745688,63.9767679],[-16.7751573,63.9767341],[-16.7779792,63.9769341],[-16.7792234,63.9771712],[-16.7801507,63.9771307],[-16.7826609,63.9766885],[-16.7833729,63.976491],[-16.7836081,63.9761931],[-16.7841167,63.976116],[-16.785477,63.9762464],[-16.7918215,63.9750511],[-16.79404,63.9743345],[-16.7960678,63.9739025],[-16.8016491,63.9723019],[-16.8029052,63.9717326],[-16.804581,63.9705607],[-16.8049953,63.970008],[-16.8059002,63.9696057],[-16.805657,63.969082],[-16.8052612,63.9688262],[-16.8049286,63.9688408],[-16.8039475,63.9686211],[-16.8016897,63.9688189],[-16.8008171,63.9690103],[-16.798949,63.9704207],[-16.7970429,63.9708936],[-16.7961608,63.9714236],[-16.7955075,63.971669],[-16.7939149,63.9718585],[-16.7925417,63.9722793],[-16.7921029,63.9724347],[-16.7895815,63.9725565],[-16.787453,63.972471],[-16.7865866,63.9725611],[-16.7845477,63.9725209],[-16.7817793,63.9721794],[-16.780921,63.9713226],[-16.7788396,63.971445],[-16.777359,63.9713368],[-16.7746768,63.9717558],[-16.7713937,63.9728009],[-16.7703209,63.9729657],[-16.7686043,63.9727727],[-16.7665229,63.9725279],[-16.7638836,63.9725655],[-16.7627893,63.9726503],[-16.759399,63.9730834],[-16.7584977,63.9732246],[-16.7545924,63.9741755],[-16.7534552,63.9742979],[-16.7503867,63.9747875],[-16.7483483,63.9750323],[-16.7427693,63.9754936],[-16.7387352,63.9765104],[-16.7383919,63.9768117],[-16.737555,63.9768117],[-16.736847,63.9770187],[-16.7366753,63.9773953],[-16.735817,63.9777907],[-16.7337141,63.9792404],[-16.7323944,63.9792781],[-16.7318044,63.9791463]]],[[[-16.8070717,63.9792357],[-16.8069866,63.9775746],[-16.807266,63.9772806],[-16.8075453,63.9761394],[-16.8070618,63.9758551],[-16.8069747,63.9751847],[-16.8074462,63.9746894],[-16.808218,63.9745331],[-16.8084075,63.9741969],[-16.8085955,63.9728493],[-16.8089692,63.9721347],[-16.808834,63.9720251],[-16.80816,63.97206],[-16.8073344,63.9724316],[-16.8060418,63.972738],[-16.804854,63.9733623],[-16.8036125,63.974177],[-16.8031865,63.9746434],[-16.8030009,63.9769746],[-16.8017425,63.9778467],[-16.8010795,63.9784548],[-16.8005882,63.9796278],[-16.7996774,63.9801907],[-16.7986807,63.9810737],[-16.7978032,63.9816913],[-16.7974824,63.9822196],[-16.7961411,63.9825053],[-16.7954489,63.9828552],[-16.7933433,63.9833972],[-16.7910674,63.9837999],[-16.7889719,63.9839459],[-16.7879107,63.9839077],[-16.7872835,63.9840674],[-16.7862487,63.9841518],[-16.785581,63.984187],[-16.7853425,63.9843539],[-16.7840699,63.9844844],[-16.7831976,63.9844697],[-16.7826755,63.9845855],[-16.7820617,63.9846292],[-16.7810402,63.984607],[-16.7808425,63.9845251],[-16.7812197,63.9842106],[-16.7824324,63.9840895],[-16.7831048,63.9838694],[-16.7847071,63.9836737],[-16.7859384,63.9836712],[-16.7882461,63.9835107],[-16.7903955,63.9832072],[-16.7938434,63.9824262],[-16.7948599,63.9820878],[-16.7951762,63.981844],[-16.7943069,63.9814318],[-16.7926539,63.9814355],[-16.7896372,63.9816902],[-16.7868282,63.9819698],[-16.7828432,63.9822187],[-16.7730983,63.9831035],[-16.7689278,63.9834444],[-16.7667437,63.983316],[-16.7646669,63.9839124],[-16.7629596,63.9841639],[-16.7595877,63.9843469],[-16.7585564,63.9842222],[-16.7584484,63.983981],[-16.7573105,63.9840222],[-16.7560408,63.9844216],[-16.7552879,63.9849649],[-16.7546637,63.985094],[-16.75466,63.9853523],[-16.7542271,63.9855353],[-16.7541875,63.9858637],[-16.7536114,63.9862485],[-16.7533389,63.9869805],[-16.75228,63.9880712],[-16.749762,63.9894818],[-16.7473751,63.9902805],[-16.744001,63.9906746],[-16.7437665,63.9906453],[-16.7438339,63.9904793],[-16.7437073,63.9903629],[-16.7425079,63.9901147],[-16.7411007,63.9900065],[-16.7398494,63.9896476],[-16.7390872,63.9896768],[-16.7389367,63.9895615]]],[[[-16.6973039,64.0089785],[-16.6973226,64.0088707],[-16.6986004,64.0085362],[-16.6986703,64.0083274],[-16.6990214,64.0081728],[-16.6988295,64.0079032],[-16.6983768,64.0079038],[-16.6980358,64.0079998],[-16.6977806,64.007984],[-16.6977681,64.00789],[-16.6982653,64.0076916],[-16.6983357,64.0074516],[-16.6989411,64.0071332],[-16.6995571,64.006973],[-16.6994548,64.0067771],[-16.6994803,64.0066735],[-16.699681,64.0065762],[-16.7001006,64.0064374],[-16.7008413,64.0063114],[-16.7011452,64.0063916],[-16.7016345,64.0063445],[-16.7020075,64.0063654],[-16.7036992,64.0062162],[-16.7038857,64.0062522],[-16.7039365,64.0063986],[-16.7037129,64.006528],[-16.7037298,64.0066715],[-16.7039637,64.0067891],[-16.7049146,64.0067997],[-16.7052736,64.0065362],[-16.7059147,64.0064665],[-16.7058805,64.006242],[-16.7062209,64.0061181],[-16.7063372,64.0060142],[-16.7063655,64.0058279],[-16.7068483,64.0057596],[-16.7070541,64.0058202],[-16.7072928,64.0057898],[-16.7075438,64.0055714],[-16.7079398,64.005488],[-16.7082271,64.0053519],[-16.7085144,64.005298],[-16.7086295,64.0051688],[-16.7091829,64.0048565],[-16.7095479,64.004813],[-16.7098085,64.0047146],[-16.7104549,64.0047831],[-16.7112109,64.0046507],[-16.7120085,64.0046456],[-16.7126422,64.0044094],[-16.7130738,64.0044102],[-16.7134115,64.0043067],[-16.7140709,64.0041549],[-16.7152076,64.0039939],[-16.7157168,64.0037903],[-16.7165899,64.0036015],[-16.7173654,64.0035717],[-16.7176428,64.0034236],[-16.7186749,64.0032548],[-16.7195645,64.0032227],[-16.7212014,64.0026994],[-16.7225656,64.002617],[-16.7229597,64.0024995],[-16.7237586,64.0025002],[-16.7244016,64.0026102],[-16.7251696,64.002666],[-16.7261377,64.0025972],[-16.726844,64.0024825],[-16.7273673,64.002494],[-16.7277728,64.0025628],[-16.7285969,64.0024252],[-16.7289347,64.0024352],[-16.7294425,64.0025669],[-16.730313,64.0026078],[-16.7305099,64.002735],[-16.7309141,64.002785],[-16.7313286,64.0027668],[-16.7320499,64.0023724],[-16.7329296,64.0021279],[-16.7338309,64.002062],[-16.7359981,64.0016576],[-16.7371139,64.0007734],[-16.7374357,64.0004066],[-16.739088,63.9991273],[-16.7402682,63.9985911],[-16.7438599,63.9978151],[-16.7457716,63.9967774],[-16.7470027,63.9966414],[-16.7484269,63.9967689],[-16.7518976,63.9964028],[-16.7522347,63.9960641],[-16.7537305,63.9956313],[-16.7570364,63.9943821],[-16.7572815,63.9935148],[-16.7572852,63.9928477],[-16.7567747,63.9924625],[-16.7568617,63.9920086],[-16.7571203,63.991743],[-16.7581514,63.9916373],[-16.7593756,63.9912587],[-16.7607611,63.9912506],[-16.7619473,63.9910302],[-16.7644502,63.9914281],[-16.7656158,63.9915235],[-16.7660054,63.9913172],[-16.7657514,63.9908662],[-16.7653892,63.9906573],[-16.764555,63.9904672],[-16.7647936,63.9902253],[-16.7647027,63.9899801],[-16.7632346,63.9898156],[-16.763328,63.9896323],[-16.7643618,63.9892678],[-16.7646319,63.9888785],[-16.7648162,63.9880376],[-16.7658305,63.9881355],[-16.7670672,63.9878268],[-16.7680075,63.9877855],[-16.7686922,63.9878683],[-16.7701493,63.9880076],[-16.772886,63.9886209],[-16.7748501,63.9886037],[-16.7768597,63.9887187],[-16.7778608,63.9889936],[-16.7791894,63.9889539],[-16.7838655,63.9884438],[-16.7839502,63.9882456],[-16.7865668,63.988198],[-16.7879278,63.987965],[-16.7903677,63.9881684],[-16.7910513,63.9879031],[-16.7917348,63.9878072],[-16.7927057,63.9878836],[-16.7939958,63.9878111],[-16.7956336,63.9880605],[-16.7965885,63.9880456],[-16.7969374,63.9879477],[-16.7970551,63.9878068],[-16.797116,63.9875741],[-16.7970876,63.9870524],[-16.79784,63.9866332],[-16.7986136,63.986191],[-16.8005084,63.9848658],[-16.8023068,63.9837575],[-16.8027054,63.9834368],[-16.8033398,63.9831427],[-16.8037612,63.9827952],[-16.8039545,63.9825333],[-16.8042603,63.982376],[-16.8050033,63.9823941],[-16.8052501,63.9822326],[-16.8052095,63.9821116],[-16.8054512,63.9821055],[-16.8055287,63.9820047],[-16.8058386,63.9819665],[-16.8062764,63.9815846],[-16.8063277,63.9813001],[-16.8061657,63.9809086],[-16.8064054,63.980687],[-16.8062815,63.9804025],[-16.8064481,63.9800464],[-16.8067904,63.9798349],[-16.8070717,63.9792357]]],[[[-16.6973039,64.0089785],[-16.6978176,64.0089461],[-16.6983314,64.0089865],[-16.699264,64.0087451],[-16.6995644,64.0082622],[-16.699789,64.008132],[-16.7006745,64.0082057],[-16.7017197,64.008173],[-16.7037856,64.0077859],[-16.704469,64.0078265],[-16.7058026,64.0077033],[-16.7077853,64.0072994],[-16.7087032,64.0069117],[-16.7092417,64.0063936],[-16.7093182,64.0062655],[-16.7092478,64.0061695],[-16.7094008,64.005956],[-16.7097373,64.005748],[-16.7098291,64.0056043],[-16.7103298,64.005321],[-16.7103042,64.0050593],[-16.7106936,64.0049971],[-16.7114723,64.0049264],[-16.7126382,64.0046562],[-16.712975,64.0046575],[-16.7134406,64.0045155],[-16.7143893,64.0044076],[-16.7148502,64.0041786],[-16.7152108,64.0041674],[-16.7156675,64.00403],[-16.716173,64.0039994],[-16.7169007,64.0040166],[-16.7169943,64.0041121],[-16.7176447,64.0040157],[-16.7183947,64.0036507],[-16.7189271,64.0035149],[-16.7227109,64.0031654],[-16.7288285,64.0028118],[-16.7291937,64.00283],[-16.729381,64.0029038],[-16.7299241,64.0029168],[-16.730703,64.0030479],[-16.7310567,64.0030111],[-16.7313095,64.0030407],[-16.7316807,64.0029821],[-16.731834,64.0029238],[-16.7326479,64.0028973],[-16.7332123,64.0029462],[-16.7337586,64.0031116],[-16.7342421,64.0031057],[-16.7346018,64.0031655],[-16.7349109,64.0031884],[-16.7354203,64.0030664],[-16.7359296,64.0031101],[-16.7374316,64.0036025],[-16.7379064,64.0037934],[-16.7381281,64.003951],[-16.7387903,64.0042163],[-16.7395031,64.0043323],[-16.739891,64.0044455],[-16.7401214,64.0046001],[-16.7401609,64.0047355],[-16.7410906,64.0048543],[-16.7426916,64.005342],[-16.743399,64.0058005],[-16.7432559,64.0062037],[-16.7424025,64.0063612],[-16.7416194,64.0064046],[-16.7415048,64.0064641],[-16.7415439,64.0065201],[-16.741839,64.0067066],[-16.7417755,64.0067579],[-16.7417955,64.0069151],[-16.7421994,64.0071117],[-16.742927,64.0072005],[-16.7434625,64.0075177],[-16.7486758,64.0079382],[-16.7521455,64.0085271],[-16.7538128,64.0092476],[-16.7546916,64.0100505],[-16.757067,64.0110421],[-16.7577826,64.0117635],[-16.7597856,64.0121088],[-16.7612446,64.0120259],[-16.7622101,64.0122008],[-16.7632722,64.0121753],[-16.7648064,64.0120089],[-16.7675258,64.0122226],[-16.7692153,64.0123423],[-16.7702395,64.0122363],[-16.7716099,64.0124278],[-16.7725955,64.0124013],[-16.7726163,64.0121812],[-16.7740858,64.0121464],[-16.775448,64.0120739],[-16.7786437,64.012911],[-16.7806479,64.0135104],[-16.7835927,64.0147455],[-16.7849667,64.0150434],[-16.786212,64.0152096],[-16.7871215,64.0159993],[-16.7877736,64.0163096],[-16.787959,64.0167112],[-16.7867712,64.0167181],[-16.7856402,64.0162806],[-16.7837642,64.0160448],[-16.7824586,64.0156861],[-16.7816068,64.0156078],[-16.7794741,64.0156958],[-16.7774208,64.0154305],[-16.7773845,64.0150617],[-16.775965,64.0142148],[-16.7756315,64.0141192],[-16.7751907,64.0142869],[-16.7750266,64.0146681],[-16.7745192,64.0148331],[-16.7741052,64.0148246],[-16.7731943,64.0145439],[-16.7723769,64.0144508],[-16.7693708,64.0140568],[-16.768647,64.0138366],[-16.7650021,64.0136231],[-16.7644095,64.013712],[-16.764289,64.0138949],[-16.7653354,64.0139787],[-16.7654112,64.0141462],[-16.765005,64.0142369],[-16.7641847,64.0144853],[-16.7636416,64.0146109],[-16.7636136,64.0148493],[-16.7641154,64.0149312],[-16.7642343,64.0151085],[-16.7638713,64.0152561],[-16.7620277,64.015197],[-16.7609503,64.0152256],[-16.7609886,64.015367],[-16.7622428,64.0154689],[-16.7624149,64.0156469],[-16.7622012,64.0157207],[-16.7605339,64.0156973],[-16.7599086,64.0156617],[-16.7587592,64.0154747],[-16.7576018,64.0155036],[-16.7557786,64.0156778],[-16.7541334,64.0160089],[-16.7530804,64.0162987],[-16.7531432,64.0164005],[-16.7553716,64.0159085],[-16.7574771,64.0157029],[-16.7588113,64.015645],[-16.7603901,64.0159748],[-16.7603334,64.0160936],[-16.7600786,64.0161648],[-16.7587876,64.0161434],[-16.7574985,64.0162294],[-16.7562953,64.0165974],[-16.7558629,64.0168635],[-16.7558181,64.0173068],[-16.754897,64.0176589],[-16.7537737,64.0189141],[-16.7549738,64.0194729],[-16.755827,64.0195795],[-16.7560391,64.0196704],[-16.7565373,64.0197765],[-16.7567105,64.0199248],[-16.7564657,64.0199681],[-16.755794,64.0200576],[-16.7551963,64.0199481],[-16.7541527,64.0200379],[-16.7519797,64.0205559],[-16.7513674,64.0208024],[-16.7495394,64.0207983],[-16.7490417,64.0209071],[-16.7462011,64.0222525],[-16.74594,64.0238111]]],[[[-16.74594,64.0238111],[-16.7468643,64.0240126],[-16.7489474,64.0243644],[-16.7491653,64.0244667],[-16.7474982,64.0251787],[-16.7481601,64.0251831],[-16.7500029,64.0250787],[-16.7547156,64.0246519],[-16.7553933,64.0246796],[-16.7576418,64.0241577],[-16.7599333,64.0239553],[-16.7652797,64.0237663],[-16.767128,64.0233608],[-16.7697458,64.0222235],[-16.7782216,64.020111],[-16.7851309,64.0192392],[-16.7942719,64.0186987],[-16.7996793,64.0183697],[-16.8116955,64.0173921],[-16.8192486,64.0157375],[-16.8277673,64.0136504],[-16.8368439,64.0110366],[-16.841767,64.0085708],[-16.8462609,64.0056911],[-16.848811,64.0048484],[-16.851086,64.0032537],[-16.8547479,64.0019458],[-16.8578576,64.000081],[-16.8581728,63.9996946],[-16.8586851,63.999059],[-16.8586342,63.9985461]]],[[[-16.8586342,63.9985461],[-16.8603809,63.9978555],[-16.8610977,63.9976326],[-16.8615777,63.9971345],[-16.8618862,63.9964558],[-16.8628805,63.9960327],[-16.8643745,63.9933801],[-16.8661658,63.9931637],[-16.8682901,63.9931732],[-16.8692041,63.9934699],[-16.8692912,63.9946347],[-16.8706044,63.9955812],[-16.8731627,63.9947999],[-16.8762127,63.9951402],[-16.8779447,63.9952758],[-16.878553,63.9959493]]],[[[-16.8774333,63.9990553],[-16.8737773,64.001438],[-16.8740909,64.0018369],[-16.8757619,64.0019069],[-16.8757326,64.002309],[-16.8761678,64.0026528],[-16.8751559,64.0033896],[-16.8753386,64.0040174],[-16.8722742,64.0051456],[-16.8713352,64.0053446],[-16.8690347,64.0059252],[-16.869099,64.0060569],[-16.8697857,64.0060381],[-16.8700003,64.006433],[-16.8692707,64.0069315],[-16.8668031,64.0076462],[-16.8645929,64.00869],[-16.8645616,64.0090814]]],[[[-16.7422876,64.0443766],[-16.7422018,64.0438319],[-16.742588,64.0430429],[-16.7432317,64.0425358],[-16.7437038,64.0417844],[-16.7434892,64.041343],[-16.7414722,64.0408733],[-16.7403377,64.0406102],[-16.7401874,64.0401594],[-16.7404235,64.0398494],[-16.7410458,64.0397179],[-16.7407453,64.0391543],[-16.7400587,64.0388255],[-16.7399085,64.038384],[-16.7402304,64.0380741],[-16.7403806,64.0378768],[-16.7409814,64.0375856],[-16.7412818,64.0369656],[-16.7410672,64.0367589],[-16.7413891,64.0365522],[-16.7422045,64.0364019],[-16.743728,64.0366932],[-16.7443073,64.0365804],[-16.744994,64.0367119],[-16.7453587,64.0364395],[-16.7463243,64.0364395],[-16.7472685,64.0358571],[-16.7476976,64.035331],[-16.7471612,64.0348425],[-16.7459381,64.0348143],[-16.7454446,64.03457],[-16.7444575,64.0345982],[-16.7442859,64.0345043],[-16.7448652,64.0340909],[-16.7454875,64.0339312],[-16.7469037,64.0339875],[-16.7476333,64.033809],[-16.7498005,64.0339781],[-16.7504228,64.0342318],[-16.7512811,64.0342506],[-16.7521179,64.0340909],[-16.7529333,64.0341191],[-16.7537702,64.0340157],[-16.7557657,64.033405],[-16.7578686,64.0324091],[-16.758169,64.0317702],[-16.75995,64.0312347],[-16.7616237,64.0312535],[-16.7625893,64.0310186],[-16.7644346,64.0312159],[-16.7665589,64.0312253],[-16.7718375,64.0300883],[-16.7755068,64.029891],[-16.7768586,64.0296373],[-16.7781246,64.0298252],[-16.7822016,64.029487],[-16.7856563,64.029393],[-16.7877665,64.0296669],[-16.790443,64.029417],[-16.7948057,64.0296729],[-16.8084468,64.0290329],[-16.8144335,64.0284409],[-16.8153154,64.0286017],[-16.818386,64.0281235],[-16.818989,64.0278332],[-16.8233471,64.0273737],[-16.8262975,64.0265655],[-16.8273596,64.0260768],[-16.8290119,64.0256352],[-16.8299807,64.0255561],[-16.8310411,64.0253587],[-16.8343723,64.0241474],[-16.8348213,64.023587],[-16.8359585,64.0231077],[-16.8365593,64.0227505],[-16.8378682,64.022149],[-16.837997,64.0218858],[-16.8382545,64.0218012],[-16.8387051,64.0217166],[-16.8395205,64.0214253],[-16.8404432,64.0213125],[-16.8430825,64.0200999],[-16.8453355,64.0195735],[-16.849906,64.0172235],[-16.8512793,64.0170449],[-16.8531246,64.0161518],[-16.854219,64.0152681],[-16.8559356,64.0130681],[-16.8563433,64.0127954],[-16.8565364,64.0124758],[-16.8570514,64.0121843],[-16.8577595,64.0120903],[-16.8581887,64.0118552],[-16.8603559,64.0107927],[-16.8611713,64.0100593],[-16.8631239,64.0094951],[-16.863317,64.0093635],[-16.8645616,64.0090814]]],[[[-16.1578132,64.2221359],[-16.158472,64.2218213],[-16.1584889,64.2216578],[-16.1588059,64.2210091],[-16.1583338,64.2207268],[-16.1579876,64.220447],[-16.1575098,64.2202193],[-16.157042,64.2198827],[-16.156462,64.2194347],[-16.1561203,64.2191005],[-16.1557842,64.2187118],[-16.1549434,64.2183678],[-16.1547555,64.2189644],[-16.15458,64.2194522],[-16.1546653,64.2198361],[-16.1551149,64.2203362],[-16.1548316,64.2206581],[-16.1545357,64.221089],[-16.1543771,64.2214136],[-16.1554913,64.2215446],[-16.1558443,64.2217698],[-16.1561748,64.2222129],[-16.1570508,64.2222301],[-16.1578132,64.2221359]]],[[[-16.7212293,63.947993],[-16.7218485,63.9477994],[-16.7219265,63.9476555],[-16.7223789,63.9474568],[-16.7224865,63.9473349],[-16.7228971,63.9472147],[-16.7229655,63.9471331],[-16.7228866,63.9470434],[-16.722682,63.9470472],[-16.7224278,63.9471245],[-16.7222078,63.9472394],[-16.7213925,63.9472017],[-16.7211135,63.9470981],[-16.7201479,63.9472394],[-16.7198904,63.9473525],[-16.7200192,63.9475033],[-16.7199762,63.9476635],[-16.7204054,63.9478049],[-16.7212293,63.947993]]],[[[-16.7450265,63.971696],[-16.7444256,63.9719315],[-16.7429786,63.9718926],[-16.7423009,63.9721627],[-16.7423469,63.9723622],[-16.7428894,63.9724105],[-16.7436329,63.9723528],[-16.7445168,63.9723787],[-16.7443934,63.9725529],[-16.7429021,63.9731461],[-16.7424086,63.9734379],[-16.7421243,63.9738851],[-16.7424194,63.9741064],[-16.7415249,63.9751675],[-16.7417645,63.9751799],[-16.7430094,63.974822],[-16.7430953,63.9744453],[-16.7434366,63.9740232],[-16.7445942,63.9733791],[-16.7456875,63.9731398],[-16.7491422,63.9730927],[-16.7501293,63.9729327],[-16.7510304,63.9726597],[-16.7510841,63.9723348],[-16.7516903,63.971824],[-16.7514596,63.9713886],[-16.750661,63.9712289],[-16.7506909,63.9709042],[-16.7510491,63.9704405],[-16.7514288,63.9702123],[-16.7521369,63.9701699],[-16.7524374,63.9699298],[-16.7524588,63.969685],[-16.7523086,63.9695154],[-16.7511848,63.969389],[-16.7494467,63.9698081],[-16.7487225,63.9702377],[-16.7485133,63.9711381],[-16.7474941,63.9713006],[-16.7450265,63.971696]]],[[[-16.1478082,64.2110222],[-16.1472309,64.2107606],[-16.1462867,64.2106019],[-16.1444306,64.2106719],[-16.1455021,64.2112541],[-16.1454177,64.211712],[-16.1458516,64.2120617],[-16.1452268,64.2120494],[-16.1441397,64.2119599],[-16.1436492,64.2121548],[-16.1436068,64.2125633],[-16.1439051,64.2127058],[-16.1441822,64.2130522],[-16.1443037,64.2133958],[-16.1439913,64.2133897],[-16.1435149,64.2134485],[-16.1437849,64.2138632],[-16.1437213,64.2144762],[-16.1433735,64.2148106],[-16.142719,64.2150707],[-16.142087,64.2151264],[-16.1408429,64.2150337],[-16.1399197,64.2148789],[-16.1391662,64.2145913],[-16.138875,64.2143807],[-16.1387465,64.2141051],[-16.1387819,64.2137646],[-16.1385119,64.2133499],[-16.1382348,64.2130035],[-16.1384258,64.212666],[-16.1390874,64.2123379],[-16.1392784,64.2120004],[-16.1393279,64.2115238],[-16.1388953,64.2111741],[-16.1381207,64.2110906],[-16.1373249,64.2112113],[-16.1364217,64.2108522],[-16.1366069,64.2105831],[-16.1380488,64.2102704],[-16.1377718,64.2099237],[-16.1374807,64.2097131],[-16.1369042,64.2092241],[-16.1359882,64.2090015],[-16.1352279,64.2087816],[-16.134503,64.2082215],[-16.1335871,64.2079986],[-16.1334586,64.2077233],[-16.1331888,64.2073086],[-16.1330603,64.207033],[-16.1323284,64.2065409],[-16.1314197,64.2062499],[-16.1304671,64.2063675],[-16.1293519,64.2065502],[-16.128074,64.206798],[-16.1271001,64.2071196],[-16.1261488,64.2072374],[-16.1261203,64.2075096],[-16.1246914,64.2076861],[-16.1237329,64.2078717],[-16.1230784,64.2081317],[-16.1225392,64.2088034],[-16.1223468,64.2091408],[-16.1226094,64.2096236],[-16.1227093,64.2101714],[-16.1224954,64.2107132],[-16.1224456,64.2111898],[-16.1220691,64.2117963],[-16.122005,64.2124093],[-16.1216569,64.2127436],[-16.1216285,64.2130158],[-16.1208254,64.2132047],[-16.1200365,64.2132572],[-16.1195529,64.213384],[-16.1199045,64.2163753],[-16.1206985,64.2167393],[-16.1211705,64.2193432],[-16.1282301,64.2197351],[-16.1289168,64.2191658],[-16.1304329,64.2187173],[-16.1311147,64.218185],[-16.1319321,64.21786],[-16.1332189,64.2175442],[-16.1338722,64.2172844],[-16.1350162,64.2168291],[-16.1355139,64.2165662],[-16.1364739,64.2163803],[-16.1377451,64.2162008],[-16.1387121,64.2159469],[-16.1395223,64.2156898],[-16.1407863,64.2155784],[-16.141725,64.2155969],[-16.1424726,64.2153205],[-16.1431646,64.2156216],[-16.1437655,64.2153952],[-16.1435938,64.2159319],[-16.1422227,64.2168349],[-16.1410859,64.2172219],[-16.1406094,64.2172807],[-16.139679,64.2171941],[-16.1368346,64.2170193],[-16.135751,64.2171826],[-16.1350858,64.2174159],[-16.1367059,64.2174486],[-16.1364806,64.2177659],[-16.1368346,64.2182746],[-16.1388302,64.2184846],[-16.1392808,64.2187972],[-16.1384924,64.2195589],[-16.1378319,64.2198871],[-16.1371573,64.2203514],[-16.1363612,64.2204721],[-16.1360486,64.2204659],[-16.1352667,64.2204505],[-16.1349116,64.2208528],[-16.1344067,64.2211841],[-16.1340658,64.2214504],[-16.1335609,64.2217816],[-16.1335945,64.2220495],[-16.1346674,64.2228706],[-16.1346889,64.2229733],[-16.1343563,64.22288],[-16.1348605,64.2235285],[-16.1355364,64.2216482],[-16.1356866,64.2216435],[-16.1353433,64.2235798],[-16.1364484,64.2235938],[-16.1386693,64.2231319],[-16.1407399,64.222502],[-16.1440981,64.2229173],[-16.1450691,64.2226225],[-16.1452613,64.2222851],[-16.1463206,64.2226471],[-16.1469315,64.2227958],[-16.1481901,64.2227521],[-16.1485097,64.2226902],[-16.1492776,64.2228419],[-16.1500204,64.2230992],[-16.1512435,64.2231972],[-16.1526901,64.2231817],[-16.1531878,64.2229187],[-16.153216,64.2226462],[-16.1537053,64.222451],[-16.1536619,64.2222728],[-16.1528311,64.2218199],[-16.1519777,64.2215848],[-16.1523702,64.2214286],[-16.1530066,64.221332],[-16.1534047,64.2211215],[-16.1531024,64.2204059],[-16.1524259,64.219683],[-16.1520899,64.2192942],[-16.1518842,64.2188536],[-16.1511908,64.2182942],[-16.1507288,64.2179029],[-16.1503884,64.2175688],[-16.1504166,64.2172963],[-16.1500693,64.2170165],[-16.1501088,64.2166351],[-16.1499032,64.2161944],[-16.1494255,64.2159667],[-16.15008,64.2157066],[-16.1498687,64.2153205],[-16.1497779,64.214991],[-16.1493285,64.2144911],[-16.1488565,64.2142088],[-16.149185,64.2134509],[-16.1489694,64.2131192],[-16.1485144,64.2126736],[-16.1483088,64.212233],[-16.1483483,64.2118516],[-16.1480011,64.2115717],[-16.1482631,64.2114677],[-16.1480294,64.2112993],[-16.1478082,64.2110222]]],[[[-16.1177159,64.2025302],[-16.110034,64.1988694],[-16.1062575,64.1993737],[-16.103468,64.2004197],[-16.1049825,64.2068141],[-16.105979,64.2069044],[-16.1064482,64.2069138],[-16.1072226,64.2069974],[-16.1075135,64.2072081],[-16.108586,64.207434],[-16.1096657,64.2075919],[-16.110402,64.2075844],[-16.1106114,64.2076515],[-16.1109006,64.2076572],[-16.1112651,64.2076331],[-16.112782,64.2076633],[-16.1133559,64.2077061],[-16.1146568,64.207732],[-16.1150933,64.2077093],[-16.1155265,64.2077179],[-16.1158611,64.2077215],[-16.116122,64.2077519],[-16.1163234,64.2077848],[-16.1170051,64.2078065],[-16.1179995,64.2078237],[-16.1195126,64.2077879],[-16.1201516,64.2076642],[-16.1216233,64.2070795],[-16.1229083,64.2067637],[-16.1235486,64.2066398],[-16.1245284,64.2062498],[-16.1250474,64.2057825],[-16.1249048,64.2056433],[-16.1234665,64.203576],[-16.1177159,64.2025302]]],[[[-16.113081,64.2078805],[-16.1161709,64.2081325],[-16.1182523,64.2082072],[-16.1186385,64.2095143],[-16.1177802,64.2109333],[-16.1155272,64.2119228],[-16.1145187,64.2121002],[-16.1128905,64.2128026],[-16.1124533,64.2127384],[-16.1114502,64.2127023],[-16.1100984,64.2120768],[-16.1091757,64.2118061],[-16.1086607,64.2120582],[-16.1080277,64.2119601],[-16.1072123,64.2120722],[-16.108253,64.2105459],[-16.1079633,64.209743],[-16.1072874,64.2098037],[-16.1071479,64.2092669],[-16.1085641,64.2093509],[-16.109165,64.2092715],[-16.1092079,64.2087767],[-16.1097229,64.20845],[-16.1094761,64.2080532],[-16.1105168,64.2080392],[-16.1119437,64.2078571],[-16.113081,64.2078805]]],[[[-16.8628895,64.1076886],[-16.862679,64.1081196],[-16.862915,64.1083258],[-16.8635588,64.1084007],[-16.8640952,64.1082321],[-16.8646746,64.1084944],[-16.864696,64.108813],[-16.8645458,64.1089348],[-16.8664126,64.1098905],[-16.8665414,64.110031],[-16.8670778,64.1102091],[-16.8671207,64.1103121],[-16.8674764,64.1105835]]],[[[-16.8780256,64.110115],[-16.8765128,64.1103727],[-16.8723714,64.1104148],[-16.8714166,64.1106022],[-16.868906,64.1104523],[-16.8682247,64.1106584],[-16.8674764,64.1105835]]],[[[-16.8790851,64.1037609],[-16.8845014,64.1026376],[-16.8851824,64.1026988],[-16.8875477,64.1039074],[-16.8897463,64.1042815],[-16.8899806,64.1046173],[-16.8896306,64.1054921],[-16.8887454,64.1066672],[-16.8862774,64.1081814],[-16.8821991,64.1096278],[-16.8780256,64.110115]]],[[[-16.8628895,64.1076886],[-16.863143,64.1073044],[-16.8641649,64.1070233],[-16.8659942,64.1067422],[-16.8678074,64.106536],[-16.8681614,64.1063017],[-16.8684297,64.1059925],[-16.8696468,64.1058119],[-16.870551,64.1057895],[-16.8713929,64.1056992],[-16.8720227,64.1052972],[-16.8755536,64.1044932],[-16.8790851,64.1037609]]],[[[-16.6015226,64.6899183],[-16.5995485,64.6901293],[-16.5983898,64.6915328],[-16.5980679,64.6914869],[-16.5980679,64.6910008],[-16.5976388,64.6910008],[-16.5971667,64.6912393],[-16.5971667,64.6919547],[-16.5968019,64.6924409],[-16.5961153,64.692661],[-16.5957076,64.6924226],[-16.5951282,64.6924592],[-16.5941626,64.693404],[-16.5929395,64.6948532],[-16.5929181,64.6957612],[-16.5940768,64.6959446],[-16.5996772,64.6945689],[-16.600836,64.6937159],[-16.6010934,64.6930096],[-16.6022307,64.6922116],[-16.6022092,64.6919456],[-16.6019303,64.6917254],[-16.6025097,64.6911108],[-16.6028744,64.6905604],[-16.6026599,64.6901385],[-16.6015226,64.6899183]]],[[[-16.5896873,64.6907136],[-16.5888719,64.6906402],[-16.5864901,64.6907044],[-16.5857605,64.6908695],[-16.5857391,64.6910805],[-16.586018,64.6912181],[-16.5857605,64.6915759],[-16.585782,64.6919795],[-16.5861468,64.6920987],[-16.5869836,64.6921629],[-16.5871982,64.6926858],[-16.5881423,64.6926858],[-16.5888075,64.6924748],[-16.5897302,64.6923739],[-16.5904812,64.6918602],[-16.5909533,64.6914016],[-16.5908889,64.6911723],[-16.5904169,64.6908879],[-16.5896873,64.6907136]]],[[[-16.5326113,64.0711396],[-16.5321177,64.0709426],[-16.5312594,64.0708112],[-16.5298432,64.0708581],[-16.5295428,64.0710552],[-16.5273327,64.0712241],[-16.5261096,64.0709707],[-16.5246719,64.0708863],[-16.5235132,64.0712616],[-16.5226978,64.0715524],[-16.5193933,64.0725],[-16.5189427,64.0728378],[-16.5179771,64.0729973],[-16.5163249,64.0731099],[-16.5155095,64.0739261],[-16.5152949,64.0740949],[-16.5162605,64.0743482],[-16.5181917,64.0743764],[-16.5188998,64.0746297],[-16.5208525,64.074958],[-16.5247363,64.074489],[-16.5261096,64.0740011],[-16.5262812,64.0737478],[-16.5262598,64.0734288],[-16.5272468,64.0726595],[-16.5286201,64.0724062],[-16.5287918,64.0722092],[-16.5297145,64.0720778],[-16.5302509,64.072228],[-16.5323967,64.0721998],[-16.5345639,64.0722561],[-16.5359372,64.071909],[-16.5361732,64.071665],[-16.5358728,64.0715149],[-16.5350789,64.0714211],[-16.5335983,64.0716275],[-16.5330404,64.0715149],[-16.5326113,64.0711396]]],[[[-16.7581456,63.9959026],[-16.7553561,63.9962319],[-16.7535322,63.9967399],[-16.7530601,63.9967869],[-16.7529099,63.9970409],[-16.7531459,63.9975113],[-16.753382,63.9976054],[-16.7553346,63.9976054],[-16.7559569,63.9978311],[-16.7566865,63.9978593],[-16.7593901,63.9974737],[-16.7595618,63.9969845],[-16.7600124,63.9966176],[-16.7599051,63.99642],[-16.7595832,63.9963165],[-16.7591755,63.9963071],[-16.7587035,63.996166],[-16.7584889,63.995959],[-16.7581456,63.9959026]]],[[[-16.7524378,64.0005873],[-16.7519443,64.0004086],[-16.7515152,64.0000511],[-16.7515152,63.9997313],[-16.751086,63.9994773],[-16.7499917,63.9993644],[-16.7492621,63.9994303],[-16.7489402,63.999863],[-16.7479746,64.0000511],[-16.7477601,64.0003333],[-16.7480605,64.000766],[-16.7484467,64.0009259],[-16.7483394,64.0015185],[-16.7475026,64.0020828],[-16.7470305,64.0021769],[-16.7467086,64.0020264],[-16.7458503,64.0019135],[-16.7448204,64.0021863],[-16.7446487,64.0026284],[-16.7452924,64.0029481],[-16.746022,64.0029764],[-16.7467301,64.0027224],[-16.7471163,64.0027412],[-16.7474382,64.0028823],[-16.7479103,64.0032491],[-16.7487471,64.0033432],[-16.7502706,64.0031645],[-16.7520516,64.0021016],[-16.753897,64.001114],[-16.7537897,64.0008507],[-16.7531459,64.0005779],[-16.7524378,64.0005873]]],[[[-16.1835372,64.2264956],[-16.1831406,64.2266599],[-16.1829517,64.2268899],[-16.1831028,64.2269802],[-16.1833672,64.226972],[-16.1836128,64.2269391],[-16.1839339,64.2269638],[-16.1841794,64.2269474],[-16.1843494,64.2270131],[-16.1845194,64.2272019],[-16.184935,64.2272019],[-16.1853316,64.2270377],[-16.185445,64.2268488],[-16.1851994,64.2266435],[-16.184923,64.2265788],[-16.1847083,64.2265285],[-16.1840095,64.2265367],[-16.1835372,64.2264956]]],[[[-22.3947208,66.2051607],[-22.3972958,66.2044681],[-22.3990338,66.2031694],[-22.3988622,66.2026153],[-22.3993557,66.2020439],[-22.4012225,66.2015503],[-22.4028318,66.2019226],[-22.4052565,66.2013771],[-22.4052078,66.2000923],[-22.4069043,66.1996487],[-22.4089473,66.1997579],[-22.4112647,66.2002082],[-22.4120525,66.2013302],[-22.4137058,66.2004065],[-22.4152344,66.2001216],[-22.4164575,66.1993423],[-22.4151718,66.1985791],[-22.4156274,66.1980585],[-22.4161908,66.1974953],[-22.4153645,66.1970959],[-22.4159659,66.19666],[-22.4156418,66.1956808],[-22.4163177,66.1947481],[-22.4179262,66.1943172],[-22.4248474,66.1941461],[-22.4269288,66.1932973],[-22.4277227,66.1923012],[-22.4274009,66.1920847],[-22.4273443,66.1917519],[-22.4280446,66.1914004],[-22.4275082,66.1908287],[-22.4254911,66.1902743],[-22.4219292,66.1905688],[-22.4188822,66.1903609],[-22.4162643,66.1896679],[-22.4145906,66.1895813],[-22.4137323,66.1892954],[-22.4139898,66.1889489],[-22.4132603,66.1883685],[-22.4129813,66.1876061],[-22.4106639,66.1870083],[-22.4061578,66.1852409],[-22.4033254,66.1848423],[-22.4004715,66.1836726],[-22.3993986,66.1824249]]],[[[-22.3993986,66.1824249],[-22.3996132,66.1798165],[-22.3989909,66.1790452],[-22.3968881,66.1783259],[-22.3910301,66.1777192],[-22.3907726,66.1774592],[-22.3904937,66.1751191],[-22.3865884,66.1740616],[-22.3821896,66.172614],[-22.3803227,66.1723453],[-22.3792498,66.1720679],[-22.3795717,66.171383],[-22.3763745,66.1685655],[-22.3744219,66.1677158],[-22.374336,66.1672563],[-22.3754089,66.1661811],[-22.3757093,66.1654788],[-22.3749154,66.1652187],[-22.3734563,66.1651753],[-22.3686927,66.1656175],[-22.3657959,66.1649238],[-22.3622125,66.1654875],[-22.3575347,66.1657823],[-22.3545735,66.1653574],[-22.3526423,66.1646204],[-22.3516767,66.1644383],[-22.3494881,66.1644383],[-22.3478144,66.1646117],[-22.3462694,66.1652273],[-22.3440164,66.1654615],[-22.3388021,66.1656089],[-22.3361199,66.1651406],[-22.3265872,66.1670628],[-22.3227137,66.1673291],[-22.3229675,66.1661664],[-22.3244252,66.1642133],[-22.3230045,66.1625756],[-22.3225246,66.1588868],[-22.3249393,66.1576128],[-22.3287037,66.1525327],[-22.3279585,66.1504627],[-22.3257054,66.1485192],[-22.3219503,66.1471656],[-22.3212637,66.1460549],[-22.3217143,66.1444148],[-22.3231734,66.1435122],[-22.3232593,66.142653],[-22.3224224,66.1418285],[-22.3204268,66.1409519],[-22.318988,66.1396497],[-22.3186662,66.1388164],[-22.3191597,66.1382696],[-22.3206832,66.1380265],[-22.3210909,66.137688],[-22.3211123,66.1361688],[-22.3190738,66.1355872],[-22.3183228,66.1351966],[-22.3177649,66.1343024],[-22.3178078,66.1338856],[-22.3175718,66.1333995],[-22.3166062,66.1329219],[-22.3152973,66.1326875],[-22.3150613,66.132375],[-22.3144819,66.1320103],[-22.3119499,66.1315241],[-22.310641,66.1310205],[-22.30989,66.1302651],[-22.3085596,66.1300133],[-22.3077013,66.1296312],[-22.3069503,66.1289713],[-22.3060061,66.1286066],[-22.3019292,66.128346],[-22.2989251,66.1277208],[-22.2961571,66.1273821],[-22.2941615,66.1275645],[-22.2939895,66.1275467]]],[[[-22.2939895,66.1275467],[-22.2913076,66.1272692],[-22.2907497,66.127304],[-22.2903635,66.1275819],[-22.2900416,66.1275906],[-22.289887,66.1275177]]],[[[-22.1899952,66.1603868],[-22.1888365,66.1628281],[-22.1884503,66.1640985],[-22.1870555,66.1653992],[-22.1872057,66.1657633],[-22.1806182,66.1675235],[-22.1794166,66.1684165],[-22.1793737,66.1696736],[-22.1782364,66.1707313],[-22.1743311,66.1722743],[-22.1700181,66.1765996],[-22.1698679,66.177995],[-22.1713271,66.1798063],[-22.1755113,66.1817127],[-22.1775498,66.1839396],[-22.1799745,66.1877518],[-22.1793093,66.1892678],[-22.1769061,66.1913035],[-22.1738591,66.1924642],[-22.1717991,66.1936422],[-22.1706404,66.1947335],[-22.1701684,66.1958247],[-22.1704258,66.1976434],[-22.1717562,66.1991242],[-22.1727218,66.1995572],[-22.1731197,66.1996425],[-22.174417,66.1999209],[-22.179953,66.1992974],[-22.1828498,66.1992887],[-22.1853175,66.1987692],[-22.1879118,66.1990392],[-22.1919244,66.2006671],[-22.194628,66.2021218],[-22.1966021,66.2033253],[-22.2019236,66.2044335],[-22.2064298,66.2044508],[-22.2081464,66.2037841],[-22.2098415,66.203611],[-22.2103351,66.2037582],[-22.2111504,66.2050135],[-22.211129,66.2058187],[-22.2153991,66.2083118],[-22.2237246,66.2094804],[-22.2256558,66.2094544],[-22.2267073,66.2099737],[-22.227587,66.2107787],[-22.2297328,66.2116875],[-22.2347539,66.21283],[-22.2366851,66.2138339],[-22.2381871,66.2153311],[-22.2381442,66.2156945],[-22.2372644,66.2166464],[-22.2373932,66.2174858],[-22.2393673,66.219],[-22.2416633,66.2199345],[-22.2412556,66.2203066],[-22.2398394,66.2200816],[-22.2353976,66.2186366],[-22.2345822,66.2190087],[-22.2344964,66.2199778],[-22.2386163,66.2210852],[-22.2405045,66.2219677],[-22.2416269,66.2220476],[-22.2423284,66.2220975],[-22.2443669,66.2218553],[-22.2467702,66.2220715],[-22.2512119,66.2231184],[-22.2538941,66.2245458],[-22.2599667,66.2247188],[-22.2674125,66.2238624],[-22.2701376,66.2233173],[-22.2759312,66.2240527],[-22.2807162,66.224442],[-22.2879689,66.2254973],[-22.2917025,66.2263364],[-22.2921874,66.2274831],[-22.2934079,66.2276819],[-22.295897,66.2276728],[-22.2963409,66.2272787],[-22.2962301,66.2265094],[-22.2979467,66.2262759],[-22.3027532,66.2270544],[-22.3068517,66.2268641],[-22.3081241,66.2275173],[-22.309892,66.2272635],[-22.312452,66.2265933],[-22.3145021,66.2266492],[-22.3170441,66.2259731],[-22.3197692,66.2262326],[-22.3210996,66.2266478],[-22.322666,66.2280923],[-22.3238461,66.2284556],[-22.3254555,66.2283951],[-22.3263567,66.2285853],[-22.3274296,66.2294589],[-22.3278373,66.2306006],[-22.327548,66.2316782],[-22.3284056,66.2319477],[-22.3291192,66.2318653],[-22.3303597,66.2312927],[-22.3303554,66.2308172],[-22.3332446,66.2286805],[-22.3422568,66.2264489],[-22.3431151,66.2256271],[-22.34748,66.225028],[-22.3486941,66.223871],[-22.3490804,66.2233606],[-22.3481148,66.2226252],[-22.3430078,66.2214746],[-22.3389953,66.2192683],[-22.3388665,66.2188183],[-22.3406475,66.2186453],[-22.3484795,66.2198913],[-22.3538869,66.2202979],[-22.3577707,66.2197269],[-22.3619335,66.2194673],[-22.368006,66.2182559],[-22.3728769,66.2177194],[-22.3789065,66.2154263],[-22.379164,66.2144137],[-22.3826616,66.2120943],[-22.3832624,66.2111942],[-22.384228,66.2107527],[-22.3878115,66.2098266],[-22.3930686,66.2058966],[-22.3947208,66.2051607]]],[[[-22.1058759,66.1347768],[-22.1077011,66.1343686],[-22.1089394,66.1335303],[-22.110338,66.1325554],[-22.1130067,66.1327871],[-22.1152573,66.1330388],[-22.1206907,66.1331569],[-22.1230325,66.1332682],[-22.1219951,66.1345361],[-22.1234979,66.1354926],[-22.1294631,66.1376194],[-22.1317377,66.1399457],[-22.1382206,66.1441577],[-22.140336,66.1454316],[-22.141765,66.1483422],[-22.140866,66.1506609],[-22.1395166,66.1511849],[-22.1400035,66.1529516],[-22.1373631,66.1538553],[-22.1362836,66.1551041],[-22.1361867,66.1589517],[-22.1364431,66.1602277],[-22.1375236,66.1606874],[-22.1419479,66.1618207],[-22.1440114,66.1631966],[-22.1518435,66.1652518],[-22.1567788,66.1665611],[-22.1680226,66.1666651],[-22.1763052,66.1652778],[-22.1834292,66.1618525],[-22.1883859,66.160569],[-22.1899952,66.1603868]]],[[[-22.0374764,66.1109148],[-22.039583,66.1159148],[-22.0409011,66.1159003],[-22.0417748,66.1160059],[-22.042233,66.1161066],[-22.0426913,66.1160334],[-22.0429266,66.1157807],[-22.0431189,66.1153108],[-22.0441045,66.1152398],[-22.0499839,66.1169166],[-22.0549407,66.1175247],[-22.0606269,66.1170035],[-22.0645966,66.1147186],[-22.0686092,66.113198],[-22.0721926,66.1130069],[-22.0786943,66.1139192],[-22.080368,66.1155874],[-22.0810117,66.1178983],[-22.0818271,66.1224153],[-22.0860543,66.1270791],[-22.0882272,66.1283121],[-22.0897075,66.1285462],[-22.0917574,66.1287163],[-22.0953571,66.1300723],[-22.0972084,66.1312296],[-22.0978523,66.1319125],[-22.0983903,66.1324182],[-22.099632,66.1326779],[-22.1016398,66.1326033],[-22.103139,66.1330038],[-22.1040148,66.1337071],[-22.1046697,66.1342693],[-22.1058759,66.1347768]]],[[[-22.0802129,66.0773715],[-22.0760671,66.0784743],[-22.0745221,66.0796489],[-22.0739213,66.0815542],[-22.0728484,66.0823197],[-22.068514,66.0830157],[-22.0663467,66.0839291],[-22.0632997,66.0876954],[-22.0571414,66.0913308],[-22.0516697,66.0927656],[-22.0496098,66.0927395],[-22.0483223,66.091696],[-22.0448032,66.0910003],[-22.0402757,66.0915221],[-22.0374862,66.0940091],[-22.0369068,66.0969219],[-22.0346108,66.1008428],[-22.0352946,66.1050075],[-22.0373135,66.1104737],[-22.0374764,66.1109148]]],[[[-22.2724786,66.1209291],[-22.272264,66.1207206],[-22.2719098,66.1203453],[-22.2716176,66.1201704],[-22.2710337,66.1200292],[-22.2670543,66.1192701],[-22.2646584,66.1180049],[-22.2627833,66.1175579],[-22.2596165,66.1173638],[-22.2578039,66.117541],[-22.2561164,66.1172373],[-22.2543038,66.1163179],[-22.2506161,66.1155165],[-22.2431575,66.1150863],[-22.240199,66.1154237],[-22.2397823,66.1149935],[-22.2399907,66.1125723],[-22.2385323,66.1114333],[-22.2363655,66.1110958],[-22.2338029,66.111408],[-22.2308861,66.1125554],[-22.2296985,66.1128085],[-22.225365,66.1112815],[-22.2246775,66.1101677],[-22.2263026,66.1075942],[-22.2258859,66.1047419],[-22.2238024,66.1033156],[-22.2193856,66.1027417],[-22.2137187,66.1024801],[-22.2126353,66.1023535],[-22.2091351,66.1001674],[-22.2064475,66.0972467],[-22.2052391,66.0963688],[-22.2028015,66.0956005],[-22.2026765,66.0950349],[-22.2060725,66.0930762],[-22.2045516,66.0908133],[-22.2030307,66.0905431],[-22.2018431,66.0896734],[-22.2010723,66.0897831],[-22.2006348,66.0897156],[-22.1972179,66.0865066],[-22.1972596,66.0863039],[-22.1983013,66.0858647],[-22.1973638,66.0844712],[-22.1949783,66.0832127],[-22.1941345,66.0823765],[-22.1926761,66.0819964],[-22.1917385,66.0808983],[-22.1898635,66.0798677],[-22.1845924,66.0778402],[-22.1801755,66.0776037],[-22.1772587,66.0776459],[-22.1760503,66.0781612],[-22.1772379,66.0787948],[-22.1798422,66.0792088],[-22.1823006,66.0800366],[-22.1838007,66.0812784],[-22.1856758,66.083559],[-22.1888217,66.0859323],[-22.1883426,66.0863039],[-22.1852591,66.0849779],[-22.1823423,66.0845303],[-22.1805922,66.083162],[-22.1803839,66.0822075],[-22.1786963,66.0811179],[-22.1748003,66.0796734],[-22.1721543,66.0789638],[-22.1624664,66.0775868],[-22.1599246,66.0765307],[-22.155862,66.0760407],[-22.1513826,66.0761928],[-22.1483408,66.0767419],[-22.1456532,66.077874],[-22.1430906,66.0781697],[-22.1401321,66.0782204],[-22.1368611,66.0772657],[-22.1345068,66.0769109],[-22.1315484,66.0770967],[-22.1286733,66.0780261],[-22.1265898,66.0779669],[-22.1214854,66.0765138],[-22.1170061,66.0758126],[-22.114256,66.074824],[-22.1118392,66.0743171],[-22.1080473,66.0743171],[-22.1032138,66.075407],[-22.0967969,66.0763026],[-22.0955468,66.0762096],[-22.0945468,66.0754915],[-22.0915466,66.0748663],[-22.0891924,66.0748832],[-22.0867964,66.075407],[-22.0844109,66.0765],[-22.0802129,66.0773715]]],[[[-22.2872611,66.1276767],[-22.2872825,66.1273467],[-22.2877975,66.1270427],[-22.2879477,66.1267996],[-22.287583,66.1265217],[-22.2876044,66.1262438],[-22.2873469,66.1260701],[-22.2871967,66.1258009],[-22.2874757,66.1253319],[-22.2875186,66.1250279],[-22.2868749,66.1246458],[-22.2865744,66.1244287],[-22.2867032,66.124281],[-22.2865959,66.1239684],[-22.2868105,66.1236383],[-22.2873898,66.1233691],[-22.2876044,66.1228827],[-22.2882481,66.122544],[-22.2887631,66.1225613],[-22.2890635,66.1224918],[-22.2892781,66.1223529],[-22.2891494,66.1218751],[-22.2892567,66.1215017],[-22.289836,66.1208849],[-22.2902222,66.1199121],[-22.2906729,66.1197036],[-22.2907942,66.119499],[-22.2903825,66.119399],[-22.2896415,66.1193906],[-22.2886353,66.1195639],[-22.2884065,66.1192573],[-22.2876549,66.1191686],[-22.2872043,66.1191165],[-22.2867322,66.1188298],[-22.2868395,66.1185519],[-22.288084,66.1177526],[-22.2881699,66.1174486],[-22.2877836,66.1172661],[-22.2867966,66.1173704],[-22.2861529,66.1175702],[-22.2849083,66.1191078],[-22.2839642,66.1192208],[-22.2832775,66.1193771],[-22.2826982,66.1196725],[-22.2820544,66.1198115],[-22.2814322,66.1197333],[-22.2811046,66.1195827],[-22.2800531,66.1195306],[-22.2792377,66.1194003],[-22.2777786,66.1195393],[-22.2761693,66.119991],[-22.2756329,66.1203298],[-22.2743025,66.1207554],[-22.2729506,66.1210681],[-22.2724786,66.1209291]]],[[[-22.289887,66.1275177],[-22.2899343,66.1272519],[-22.2897716,66.1271556],[-22.2878834,66.1277461],[-22.2872611,66.1276767]]],[[[-23.8001959,64.7953706],[-23.8017691,64.7959222],[-23.8008486,64.7966911],[-23.8021957,64.7968867],[-23.8039683,64.7962589],[-23.8056551,64.7953753],[-23.8068889,64.7952245],[-23.8074361,64.7948544],[-23.8121353,64.7944067],[-23.8128106,64.7943673],[-23.8134858,64.7949859],[-23.8125024,64.7951665],[-23.8088582,64.7954568],[-23.8065608,64.7962997],[-23.8021073,64.7975263],[-23.8042818,64.7980069],[-23.8096033,64.7980069],[-23.8126932,64.7985916],[-23.8082739,64.8000631],[-23.8042447,64.8003189],[-23.8014524,64.8009886],[-23.7996322,64.8009359],[-23.799155,64.8013347],[-23.8016291,64.8019065],[-23.8028662,64.8025084],[-23.8025652,64.8042192],[-23.8061701,64.8054616],[-23.8135515,64.8058269],[-23.8152681,64.8048039],[-23.8152681,64.804],[-23.8171697,64.803794],[-23.8180886,64.8025977],[-23.8211046,64.8023922],[-23.8241945,64.8032692],[-23.8239912,64.803967],[-23.8217645,64.8045614],[-23.818358,64.8051693],[-23.8162861,64.8062992],[-23.8145895,64.806412],[-23.8118856,64.8072546],[-23.8153494,64.8078037]]],[[[-23.8153494,64.8078037],[-23.8101361,64.8079918],[-23.8092878,64.8087139],[-23.805718,64.8089396],[-23.8052055,64.8098347],[-23.8044535,64.8108686],[-23.8069904,64.8129635],[-23.80669,64.8163026],[-23.8048167,64.8174231],[-23.8049404,64.8191676],[-23.8044456,64.8210698],[-23.8047637,64.8231449],[-23.8051878,64.8245508],[-23.8038801,64.8253326],[-23.8018301,64.8251071],[-23.799515,64.8249567],[-23.7968641,64.8246034],[-23.7935771,64.824423],[-23.7892474,64.8244004],[-23.7854301,64.8243478],[-23.7843698,64.824032],[-23.7834508,64.8217315],[-23.7821608,64.8220247],[-23.7796866,64.8210999],[-23.7784849,64.8221525],[-23.7798103,64.8238817],[-23.7805349,64.8254002],[-23.7787853,64.8252649],[-23.7767353,64.824656],[-23.7750918,64.8251672],[-23.7750741,64.8260693],[-23.772494,64.8263775],[-23.7711512,64.8269371],[-23.7687828,64.8264],[-23.7672806,64.8251146],[-23.7664854,64.8254228],[-23.7656371,64.8279109],[-23.7621557,64.8286175],[-23.7605475,64.8267984],[-23.7585152,64.8264752],[-23.7568893,64.8266481],[-23.7562177,64.8256709],[-23.7583561,64.8249943],[-23.7605081,64.8235781],[-23.7620531,64.8227017],[-23.766442,64.8226781],[-23.7669721,64.8224676],[-23.7649928,64.8210767],[-23.7619002,64.8211443],[-23.7596498,64.8208029],[-23.7546717,64.8213872],[-23.7543283,64.8229208],[-23.7503801,64.823359],[-23.7454019,64.823286],[-23.7488352,64.8225557],[-23.7464626,64.8217014],[-23.7463566,64.8214007],[-23.7472932,64.8210473],[-23.7472225,64.8201751],[-23.745526,64.8194834],[-23.7427161,64.8190473],[-23.7385355,64.8195613],[-23.7369483,64.8195079],[-23.7361322,64.8194883],[-23.7392221,64.8178814],[-23.7428067,64.8174114],[-23.7435792,64.8169458],[-23.7432359,64.8165075],[-23.7474261,64.8131693],[-23.7477268,64.8127334],[-23.7483352,64.8123924],[-23.7486004,64.8119418],[-23.7474968,64.8120142],[-23.7438613,64.8131367],[-23.7399376,64.8135918],[-23.7391866,64.8133087],[-23.7360323,64.8130987],[-23.734938,64.8128612],[-23.7341441,64.8122038],[-23.7345088,64.8118933],[-23.7383712,64.8114731],[-23.7411822,64.8109069],[-23.7437786,64.8101169],[-23.7444116,64.8095302],[-23.7445725,64.8089616],[-23.7461818,64.8086922],[-23.7460745,64.8076373],[-23.7453396,64.8072285],[-23.7449909,64.8068563],[-23.7429256,64.8063289],[-23.741378,64.8061199],[-23.7415283,64.8058619],[-23.7424267,64.8057557],[-23.7431348,64.8050158],[-23.7475337,64.8045864],[-23.7488855,64.8049062],[-23.7553013,64.8051894],[-23.758992,64.8047509],[-23.7589706,64.8043855],[-23.7584556,64.8039927],[-23.7480057,64.8022662],[-23.7401307,64.800503],[-23.7400878,64.7997812],[-23.7415899,64.7991234],[-23.7464608,64.7985843],[-23.7518466,64.7986848],[-23.7578548,64.7992787],[-23.7599576,64.7990594],[-23.7536062,64.7966381],[-23.7529624,64.795697],[-23.754722,64.7945365],[-23.7554515,64.793842],[-23.7584985,64.793056],[-23.7595285,64.7919868],[-23.7619961,64.7916669],[-23.7657941,64.7926083],[-23.7672325,64.7921312],[-23.7667906,64.7908893],[-23.7676824,64.7900676],[-23.7694592,64.7900989],[-23.7716859,64.7904075],[-23.7722161,64.789557],[-23.7727712,64.7890215],[-23.7739199,64.7882085],[-23.7769066,64.7882235],[-23.7842406,64.7913323],[-23.7885703,64.7898495],[-23.7944022,64.7909108],[-23.7985905,64.7932065],[-23.7991737,64.7948397],[-23.7985552,64.795803],[-23.8001959,64.7953706]]],[[[-18.9399872,63.5884536],[-18.9412317,63.5884536],[-18.9412317,63.5886254],[-18.9406953,63.5889595],[-18.9380131,63.5891217],[-18.9377341,63.5897421],[-18.9353309,63.5903434],[-18.9352236,63.5906297],[-18.93576,63.5908397],[-18.9352236,63.5922235],[-18.9362321,63.5927007],[-18.9372621,63.5928438],[-18.9368329,63.5931301],[-18.9347944,63.5933687],[-18.9346228,63.5927007],[-18.9335499,63.5926052],[-18.932477,63.592777],[-18.9321551,63.5936073],[-18.930181,63.5945615],[-18.930181,63.5953727],[-18.9292154,63.5959261],[-18.927928,63.595783],[-18.9265332,63.595325],[-18.9257178,63.5954967],[-18.9258895,63.595783],[-18.9285717,63.5964986],[-18.930181,63.5966131],[-18.9322624,63.5963746],[-18.9334426,63.5958975],[-18.9344082,63.5958498]]],[[[-18.9344082,63.5958498],[-18.9336572,63.5966609],[-18.9327345,63.596928],[-18.931726,63.5982829],[-18.9302239,63.5985978],[-18.9297304,63.5991417],[-18.9288292,63.5993325],[-18.9280138,63.599218],[-18.9272199,63.59876],[-18.9231858,63.5981398],[-18.9208899,63.597138],[-18.9200316,63.5960215],[-18.9198599,63.5955635],[-18.919066,63.5953536],[-18.9175639,63.5956112],[-18.9166412,63.5955635],[-18.9143882,63.5946379],[-18.9122424,63.5933019],[-18.9116631,63.5924907],[-18.9108048,63.5922712],[-18.9106728,63.5920364]]],[[[-18.9106728,63.5920364],[-18.9100967,63.5910115],[-18.9103112,63.5896944],[-18.9106331,63.5892649],[-18.9114849,63.5890294],[-18.9121286,63.5884568],[-18.9119141,63.587655],[-18.9104764,63.5869868],[-18.9097254,63.5864332],[-18.909661,63.5857364],[-18.9012982,63.5856548],[-18.8994528,63.5850439],[-18.8959338,63.5837456],[-18.8953588,63.5824157]]],[[[-18.8956958,63.5816086],[-18.896084,63.5810057],[-18.9027359,63.5787811],[-18.9033152,63.5779218],[-18.9028861,63.5774444],[-18.904946,63.576585],[-18.9038094,63.5755857],[-18.9018775,63.5749044],[-18.9017273,63.5736916],[-18.9020921,63.5721636],[-18.9025213,63.5717816],[-18.9029504,63.570349],[-18.9028753,63.5680661],[-18.9032864,63.5669868],[-18.9044739,63.5651052],[-18.9038838,63.5644508],[-18.9018078,63.564544],[-18.899603,63.5637964],[-18.8867928,63.5585418],[-18.8779055,63.5546062],[-18.8771798,63.5539743],[-18.8728882,63.552818],[-18.8702704,63.5522923],[-18.86732,63.5517141],[-18.8654424,63.5509448],[-18.8633396,63.5503331],[-18.8593914,63.5498457],[-18.8537374,63.5502218],[-18.8512268,63.5506615],[-18.8456478,63.5537579],[-18.8389959,63.5568158],[-18.8330736,63.559386],[-18.8329878,63.561144],[-18.8312712,63.5627012],[-18.8285675,63.5639431],[-18.8229027,63.5633413],[-18.8218669,63.5634587],[-18.818182,63.5638763],[-18.8105431,63.5664268],[-18.8087406,63.567764],[-18.806037,63.5683085],[-18.7955012,63.5729215],[-18.7927117,63.5747645],[-18.7921538,63.5760346],[-18.7889996,63.5770563],[-18.7869182,63.5782307],[-18.7867036,63.5796629],[-18.7884846,63.581286],[-18.7886348,63.582212],[-18.7879911,63.5839972],[-18.7915745,63.5851427],[-18.7939992,63.5866318],[-18.7928619,63.5874336]]],[[[-18.7931619,63.5880186],[-18.7941494,63.5899439],[-18.795351,63.5913087],[-18.7992134,63.5933796],[-18.8023677,63.5940571],[-18.8079467,63.59504],[-18.8098135,63.595832],[-18.8114443,63.5961565],[-18.8118091,63.5974923],[-18.8108006,63.5983797],[-18.8092985,63.5985419],[-18.8085904,63.5993338],[-18.8091698,63.6005741],[-18.8088694,63.601366],[-18.8068094,63.6018144],[-18.8070884,63.6029306],[-18.8076677,63.6030832],[-18.8071528,63.6040086],[-18.8096633,63.6056016],[-18.8142338,63.6073472],[-18.8189732,63.6079854],[-18.8201132,63.6081389],[-18.8253274,63.6086825],[-18.8373437,63.6086825],[-18.8401976,63.6089687],[-18.8447037,63.6088733],[-18.8458409,63.6091308],[-18.8478365,63.6104947],[-18.8496389,63.6109715],[-18.8560762,63.6111337],[-18.8575783,63.6108762],[-18.8611403,63.6106854],[-18.8630071,63.6109715],[-18.8712254,63.6136418],[-18.8712254,63.6140233],[-18.8705173,63.6143761],[-18.8706675,63.6148815],[-18.8717403,63.6152629],[-18.8739505,63.6152629],[-18.8765898,63.6156158],[-18.8774481,63.6160544],[-18.8798728,63.6164358],[-18.8806667,63.6169126],[-18.8805165,63.6173893],[-18.881804,63.6175228],[-18.8839498,63.6185716],[-18.8887348,63.6190102],[-18.8936701,63.6200304],[-18.9001718,63.6206692],[-18.9031115,63.6221564],[-18.9046135,63.6227284],[-18.9070382,63.6229191],[-18.9128541,63.6232591]]],[[[-18.9128541,63.6232591],[-18.9161751,63.6240321],[-18.9175392,63.6247],[-18.9307919,63.6286765],[-18.932136,63.6293339]]],[[[-18.9596558,63.6484551],[-18.9602781,63.6478543],[-18.961351,63.6470818],[-18.9599776,63.647039],[-18.9574027,63.6473608],[-18.9545274,63.6474681],[-18.9519524,63.6471677],[-18.9500427,63.6462664],[-18.948648,63.6456013],[-18.9460945,63.6448074],[-18.9439487,63.6447644],[-18.9410734,63.6443782],[-18.9392924,63.6444855],[-18.9368463,63.6444425],[-18.9365029,63.6438203],[-18.9362239,63.6435628],[-18.935988,63.6432624],[-18.9349365,63.6428547],[-18.9315248,63.6427903],[-18.9328122,63.6414814],[-18.9334559,63.640902],[-18.9335418,63.6400652],[-18.9329409,63.6396146],[-18.9338851,63.6392069],[-18.9356446,63.6384344],[-18.9348721,63.637147],[-18.9355588,63.6366963],[-18.9374041,63.636632],[-18.939786,63.6362243],[-18.9421892,63.6355806],[-18.9479399,63.6368251],[-18.9504075,63.6370611],[-18.9523601,63.6369968],[-18.9542698,63.6362886],[-18.9551925,63.6357093],[-18.9552784,63.6353874],[-18.9543986,63.6350012],[-18.9522744,63.6349154],[-18.9505363,63.6351085],[-18.9485407,63.6347437],[-18.9466095,63.6331988],[-18.9460731,63.6330056],[-18.9436054,63.6325765],[-18.9383912,63.6323834],[-18.9363527,63.6313963],[-18.932136,63.6293339]]],[[[-18.9558363,63.687079],[-18.9537549,63.6854053],[-18.9526606,63.684783],[-18.9480901,63.6845899],[-18.9444637,63.6848044],[-18.9426613,63.6852551],[-18.9412279,63.6854891],[-18.9400015,63.6854377],[-18.9376154,63.6848594],[-18.9359331,63.6849507],[-18.9352808,63.6846539],[-18.9340105,63.6845474],[-18.9333067,63.6842734],[-18.9307489,63.6846235],[-18.9303026,63.6845626],[-18.9278822,63.684418],[-18.9278307,63.6839081],[-18.9266119,63.683931],[-18.9250155,63.6841364],[-18.9219084,63.6839766],[-18.9194536,63.6840223],[-18.9128103,63.6847224],[-18.9051714,63.6846463],[-18.8999014,63.6841517],[-18.8980818,63.683794],[-18.8953009,63.6826981],[-18.8936014,63.6824546],[-18.8918161,63.6817848],[-18.8822546,63.6809476],[-18.8793364,63.6800191],[-18.8736715,63.6792047],[-18.8716459,63.6785349],[-18.870513,63.677865],[-18.8686762,63.6777813],[-18.8670797,63.6773703],[-18.8656721,63.6772561],[-18.8590803,63.6762132],[-18.8566256,63.675353],[-18.8539133,63.6732291],[-18.8533983,63.6715542],[-18.853982,63.6707091],[-18.8586855,63.6691939],[-18.8592005,63.6683487],[-18.8590803,63.6677776],[-18.8573294,63.6674198],[-18.8569517,63.667001],[-18.8578959,63.6656836],[-18.8610029,63.664983],[-18.8636808,63.6649678],[-18.8696375,63.6660415],[-18.8727789,63.6660948],[-18.8730364,63.6660034],[-18.8717146,63.6650363],[-18.8717833,63.6646555],[-18.8709936,63.6639625],[-18.8703756,63.6633076],[-18.8650198,63.6596442],[-18.8646593,63.6590425],[-18.8647795,63.6582199],[-18.8664789,63.6576029],[-18.8672514,63.6575496],[-18.8690023,63.6572601],[-18.8701868,63.657321],[-18.8732939,63.6579076],[-18.8775339,63.6604135],[-18.8813105,63.6620586],[-18.8847427,63.6636714],[-18.8879356,63.6647071],[-18.8919782,63.6655998],[-18.8947892,63.6664796],[-18.8958612,63.6669546],[-18.8964414,63.6673284],[-18.8991365,63.6684705],[-18.9011792,63.6691025],[-18.9023809,63.6693233],[-18.9028444,63.669232],[-18.9036168,63.6686228],[-18.9058141,63.6680822],[-18.9082002,63.6675873],[-18.9097623,63.6677015],[-18.9106378,63.667572],[-18.9123372,63.6672446],[-18.9130067,63.6668943],[-18.9131612,63.6658359],[-18.9145517,63.6652343],[-18.9167318,63.6636579],[-18.9178819,63.66314],[-18.9182767,63.6626374],[-18.9181909,63.6622185],[-18.9117879,63.6583722],[-18.907668,63.6566812],[-18.9068956,63.6557975],[-18.9085435,63.6548605],[-18.9104833,63.6544873],[-18.9135732,63.6545482],[-18.914071,63.6544415],[-18.9140024,63.6542282],[-18.9087667,63.6526665],[-18.9051961,63.6521027],[-18.903325,63.6513865],[-18.8977975,63.6507618],[-18.8951883,63.6501599],[-18.8901929,63.649436],[-18.8863305,63.6484455],[-18.8818331,63.6480012],[-18.8786059,63.6478411],[-18.8775931,63.6473458],[-18.8745719,63.6472239],[-18.8737135,63.6468353],[-18.873868,63.6463019],[-18.8763228,63.6457609],[-18.8783484,63.6454408],[-18.8805457,63.6454103],[-18.8870173,63.6447702],[-18.8886481,63.6440615],[-18.8889056,63.643589],[-18.890502,63.6433756],[-18.8912745,63.6430555],[-18.8913432,63.6419123],[-18.8909998,63.6415846],[-18.8908969,63.6407919],[-18.8897639,63.6402203],[-18.8908282,63.6402203],[-18.8908454,63.6400907],[-18.8901587,63.6398087],[-18.8893862,63.6397477],[-18.8878584,63.6394276],[-18.8877039,63.6391608],[-18.8879443,63.6387721],[-18.888927,63.6380603],[-18.8902316,63.6374505],[-18.8908153,63.6372981],[-18.8907981,63.6370999],[-18.8914161,63.6368255],[-18.8908668,63.6365663],[-18.8863006,63.6357964],[-18.8872791,63.6355524],[-18.8870044,63.6353847],[-18.8855281,63.6351179],[-18.8851333,63.6346834],[-18.8859916,63.6334255],[-18.8865409,63.6323887],[-18.8889613,63.631672],[-18.8891502,63.6312832],[-18.8887125,63.6306858],[-18.8899999,63.6304114],[-18.8909441,63.6305486],[-18.8909097,63.6302208],[-18.8920599,63.6300606],[-18.89424,63.630236],[-18.8974672,63.631372],[-18.8999563,63.6331027],[-18.9061018,63.6368305],[-18.9062391,63.6373412],[-18.9072004,63.6380501],[-18.9086595,63.6385532],[-18.9126592,63.6407102],[-18.9206072,63.6435301],[-18.9236627,63.6441398],[-18.9256025,63.6444294],[-18.9288984,63.6451686],[-18.9323316,63.6455572],[-18.9391123,63.6460068],[-18.947249,63.6470584],[-18.9540982,63.6483693],[-18.9564371,63.6486912],[-18.9596558,63.6484551]]],[[[-18.9558363,63.687079],[-18.9558363,63.6876154],[-18.9545703,63.6879802],[-18.953197,63.6879372],[-18.9503002,63.6880016],[-18.9480257,63.6882591],[-18.9443994,63.6887741],[-18.9424038,63.6886024],[-18.9417172,63.6885595],[-18.9389062,63.6896539],[-18.9356875,63.6907911],[-18.9347434,63.6912632],[-18.934207,63.6914778],[-18.9306879,63.6924219],[-18.9278125,63.6934948],[-18.9277482,63.6940742],[-18.9299798,63.693645],[-18.931868,63.6936021],[-18.9356875,63.6940312],[-18.9393997,63.694396],[-18.9410305,63.6945247],[-18.9414811,63.6950612],[-18.9403009,63.6958122],[-18.9380479,63.6962199],[-18.9340567,63.6968637],[-18.9304519,63.6972928],[-18.9295077,63.6978507],[-18.9272118,63.6985588],[-18.9259672,63.6990523],[-18.9264178,63.6992669],[-18.9264178,63.6998248],[-18.9261389,63.7007689],[-18.9270616,63.7011123],[-18.9295077,63.7012839],[-18.9310527,63.7014771],[-18.9315891,63.7016916],[-18.9315891,63.7019706],[-18.9311385,63.7023354],[-18.929851,63.7023354],[-18.9278555,63.7022924],[-18.924787,63.7025285],[-18.9225984,63.7030435],[-18.9211392,63.7036443],[-18.9190579,63.7033224],[-18.9167833,63.7036443],[-18.9153457,63.7045669],[-18.9159679,63.7052536],[-18.9170623,63.7054253],[-18.9182425,63.7057471],[-18.9185,63.7068629],[-18.9192295,63.70785],[-18.9179635,63.7089658],[-18.9174056,63.7112188],[-18.9159465,63.7141585],[-18.9159465,63.7150383],[-18.9171267,63.7151671],[-18.919208,63.7150812],[-18.9214826,63.7155748],[-18.922019,63.7159395],[-18.9219332,63.7164974],[-18.9203024,63.7168622],[-18.9186502,63.7175059],[-18.9184785,63.7187076],[-18.9181137,63.7198448],[-18.9208174,63.7203169],[-18.9213753,63.7205529],[-18.9217401,63.7218189],[-18.9210963,63.7231064],[-18.9186287,63.7240934],[-18.9169121,63.7239432],[-18.9158392,63.7236214],[-18.9150667,63.7242866],[-18.9138866,63.7246084],[-18.9121056,63.7248016],[-18.9045953,63.7248659],[-18.900733,63.7241364],[-18.896141,63.7239432],[-18.8942957,63.7237072],[-18.8922357,63.7231922],[-18.8896823,63.7221408],[-18.8885879,63.7229562],[-18.8863992,63.723278],[-18.8836741,63.7232351],[-18.8808632,63.7224197],[-18.878417,63.7227416],[-18.8759708,63.7233853],[-18.8734174,63.7239862],[-18.8727737,63.7248659],[-18.8717651,63.7259173],[-18.8679671,63.7258744],[-18.8664222,63.7254667],[-18.8644266,63.7245869],[-18.86271,63.7242651],[-18.8586974,63.7236857],[-18.8568709,63.7240409],[-18.8556075,63.7242866],[-18.8535261,63.7255311],[-18.8528824,63.7278271],[-18.8516378,63.7286854],[-18.8487625,63.7306809],[-18.8482261,63.7320542],[-18.8501144,63.7332988],[-18.8521957,63.7351656],[-18.856101,63.737247],[-18.8572598,63.7382555],[-18.8590837,63.739543],[-18.8669801,63.7407231],[-18.8704348,63.741045],[-18.8779664,63.7423968],[-18.881228,63.7424397],[-18.8865924,63.7437701],[-18.8890386,63.7458944],[-18.8908624,63.74686],[-18.8936734,63.7482333],[-18.8942099,63.7496495],[-18.8948321,63.7508082],[-18.8980937,63.752675],[-18.9017415,63.7542844],[-18.9054537,63.7556577],[-18.906548,63.7576747],[-18.907342,63.7603569],[-18.9087153,63.7610436],[-18.910625,63.7612581],[-18.9128995,63.7614083],[-18.9141655,63.7621379],[-18.9147877,63.7634254],[-18.9157534,63.7651849],[-18.9162469,63.7660861],[-18.9192295,63.7685752],[-18.9207745,63.7702704],[-18.9254093,63.7733388],[-18.9282202,63.7746263],[-18.9294863,63.7757206],[-18.9323187,63.7760425],[-18.9369536,63.7759995],[-18.9412236,63.7764502],[-18.9440989,63.7768149],[-18.9507723,63.7776518],[-18.9582396,63.7777805],[-18.9709854,63.778553],[-18.9748907,63.7786818],[-18.9793539,63.7786603],[-18.9824438,63.7783384],[-18.9882589,63.7771797],[-18.9926362,63.7748408],[-18.9965415,63.771987],[-18.9964556,63.7697768],[-18.99755,63.7682319],[-19.0013694,63.7674809],[-19.0058112,63.7666655],[-19.0089226,63.7664724],[-19.009459,63.7667942],[-19.009738,63.7682319],[-19.009459,63.769455],[-19.0070128,63.7706566],[-19.0037298,63.7711501],[-19.0010905,63.7726307],[-18.9987302,63.7741971],[-18.99755,63.7755704],[-18.9969063,63.7782741],[-18.9992666,63.7816429],[-19.0014553,63.7838101],[-19.0056396,63.7857842],[-19.0141153,63.7880802],[-19.0194798,63.7885308],[-19.028728,63.7879287],[-19.0313079,63.7881091],[-19.0353208,63.7883896],[-19.0386408,63.7886418],[-19.047439,63.7882015],[-19.056177,63.7875983],[-19.0574599,63.7875098],[-19.0714503,63.7875257],[-19.0822863,63.7870513],[-19.0893888,63.786174],[-19.094131,63.7855544],[-19.1082716,63.782674],[-19.1092908,63.7822524],[-19.1100097,63.7818118],[-19.1102457,63.781272],[-19.1108304,63.7805184],[-19.1114017,63.7802459],[-19.1113293,63.7808456],[-19.1132712,63.7808743],[-19.1187429,63.7804198],[-19.1207021,63.780041],[-19.1212696,63.7795634],[-19.1221119,63.7795105],[-19.1239787,63.7793153],[-19.1310339,63.7792627],[-19.1340036,63.7786715],[-19.1377465,63.7788811],[-19.1383648,63.7787471],[-19.1395668,63.7788102],[-19.140501,63.7784762],[-19.1425009,63.7781839],[-19.1429043,63.7781144],[-19.144578,63.7774382],[-19.1509724,63.7770905],[-19.1537796,63.7759507],[-19.1571361,63.7752356],[-19.1589552,63.77504],[-19.1593498,63.7746767],[-19.1594955,63.774313],[-19.1598602,63.774025],[-19.1601563,63.77401],[-19.1602271,63.7741566],[-19.159696,63.7749278],[-19.1597436,63.7750283],[-19.1640058,63.7745308],[-19.1656751,63.773196],[-19.1670399,63.7729539],[-19.1676042,63.7726165],[-19.1676879,63.7719756],[-19.1686986,63.7717899],[-19.1692554,63.7719473],[-19.1697779,63.7726966],[-19.1712327,63.7730129],[-19.1716447,63.7729214],[-19.1722971,63.7726174],[-19.173975,63.7725384],[-19.1774125,63.7716813],[-19.1866565,63.7725878],[-19.187386,63.772459],[-19.1883731,63.7714505],[-19.1884589,63.7707639],[-19.1871714,63.7690473],[-19.1865278,63.7676311],[-19.1882658,63.7670302],[-19.190433,63.7668371],[-19.1910767,63.7672234],[-19.1919994,63.768146],[-19.1922784,63.7688756],[-19.1939092,63.7690687],[-19.1961837,63.7691975],[-19.1981793,63.7688327],[-19.1988229,63.7685108],[-19.1990804,63.7675881],[-19.2014409,63.7665796],[-19.2027927,63.7654424],[-19.2036938,63.7648416],[-19.212234,63.7617302],[-19.213221,63.7610864],[-19.2150235,63.7584257],[-19.2156458,63.7559581],[-19.2162681,63.753705],[-19.217534,63.753233],[-19.2208815,63.7529755],[-19.2239714,63.751452],[-19.2253017,63.7510658],[-19.2272759,63.7483191],[-19.227941,63.7460661],[-19.2279625,63.7460661],[-19.2273832,63.7451863],[-19.2261171,63.7434268],[-19.224937,63.7426543],[-19.2228771,63.7418389],[-19.2189718,63.7398219],[-19.2147016,63.7379122],[-19.2100453,63.7352729],[-19.2096376,63.7349939],[-19.2068267,63.7342429],[-19.2042089,63.7329125],[-19.2016554,63.7319255],[-19.2004537,63.7317109],[-19.1982651,63.7314534],[-19.1946172,63.7303591],[-19.1926646,63.7293077],[-19.1924286,63.7291789],[-19.1915917,63.7287498],[-19.1878366,63.726604],[-19.1854119,63.7250805],[-19.1817426,63.7226987],[-19.1792964,63.7205959],[-19.1788888,63.7178492],[-19.1799402,63.7150168],[-19.1821719,63.713429],[-19.1813779,63.7126136],[-19.1812492,63.7114978],[-19.1817426,63.7105537],[-19.1833091,63.7090087],[-19.1844893,63.7070346],[-19.1850901,63.7044811],[-19.1843605,63.7031722],[-19.1805195,63.701005],[-19.1802406,63.700254],[-19.1806054,63.6998248],[-19.181571,63.6996961],[-19.1823864,63.6998463],[-19.1840816,63.7009406],[-19.1841888,63.7012625],[-19.186399,63.7023139],[-19.1888666,63.7028289],[-19.1892099,63.7029147],[-19.1920638,63.7034512],[-19.1941881,63.7038589],[-19.1943169,63.7045455],[-19.1949821,63.7051463],[-19.1949392,63.7065625],[-19.1952396,63.7071419],[-19.1991449,63.7100816],[-19.2017841,63.7112403],[-19.2040801,63.7117768],[-19.204123,63.7117768],[-19.2071271,63.7124848],[-19.2076635,63.7128282],[-19.2081785,63.7131715],[-19.2092728,63.7138581],[-19.209981,63.7164545],[-19.2113543,63.7200165],[-19.2121911,63.7232351],[-19.2129636,63.7252521],[-19.2125988,63.7274194],[-19.2141223,63.7292862],[-19.214058,63.731947],[-19.2151093,63.7337065],[-19.2161608,63.7342644],[-19.2191005,63.7354445],[-19.2265678,63.7366247],[-19.2328763,63.7383413],[-19.2393351,63.7412166],[-19.2416739,63.7421179],[-19.2441201,63.7426972],[-19.246974,63.7431908],[-19.2485404,63.7443495],[-19.2510295,63.7460017],[-19.2513943,63.7463021],[-19.2559647,63.7478471],[-19.2621875,63.7491775],[-19.265889,63.7499559],[-19.268989,63.7497403],[-19.2745149,63.750584],[-19.2769718,63.7505648],[-19.2800295,63.7500995],[-19.2845785,63.7505163],[-19.2877221,63.7502718],[-19.2928505,63.7493062],[-19.2958331,63.7476325],[-19.2981505,63.7446499],[-19.299202,63.7426543],[-19.3003822,63.7422252],[-19.3036008,63.7417316],[-19.3052745,63.7416458],[-19.306798,63.74156],[-19.3078065,63.7413025],[-19.3083215,63.7411952],[-19.3102097,63.7407875],[-19.3126559,63.7406587],[-19.3138576,63.7403798],[-19.3182349,63.7390923],[-19.3195224,63.737998],[-19.3192864,63.7366676],[-19.3176556,63.7346291],[-19.3154025,63.7329125],[-19.3137931,63.7320757],[-19.3114114,63.7308311],[-19.310081,63.7301445],[-19.3085575,63.729651],[-19.3035793,63.7280416],[-19.2984724,63.7266469],[-19.295125,63.7260461],[-19.2907262,63.7251019],[-19.2877651,63.7242007],[-19.2860699,63.7234926],[-19.2828083,63.7213254],[-19.2805553,63.7187505],[-19.2793751,63.7169051],[-19.2770791,63.7148881],[-19.2733884,63.7125492],[-19.2698908,63.7112832],[-19.2685604,63.710618],[-19.2645263,63.7063694],[-19.2601061,63.7038589],[-19.2582178,63.7024641],[-19.2571664,63.7012625],[-19.2577028,63.6998248],[-19.2569303,63.698988],[-19.2555356,63.6982155],[-19.2544198,63.6975932],[-19.2536473,63.6971426],[-19.2520809,63.6965847],[-19.2507505,63.6962199],[-19.2488408,63.6956406],[-19.2475104,63.6952543],[-19.2464375,63.6947822],[-19.2460298,63.6941171],[-19.2470598,63.6933017],[-19.247961,63.69313],[-19.248991,63.6923146],[-19.249506,63.6918855],[-19.2496991,63.6912632],[-19.2495918,63.6905765],[-19.2498923,63.6897612],[-19.2508579,63.6892676],[-19.2528105,63.6891389],[-19.2543769,63.6894822],[-19.2556,63.6899113],[-19.2557716,63.6906624],[-19.2551064,63.6913061],[-19.2539048,63.6919713],[-19.2534542,63.692379],[-19.2528105,63.6930656],[-19.2523813,63.6933017],[-19.2521882,63.6936665],[-19.2521882,63.6944604],[-19.2526388,63.6949968],[-19.2530894,63.695426],[-19.2535615,63.6957478],[-19.2552781,63.6963487],[-19.256072,63.6966491],[-19.2571664,63.6968422],[-19.2591834,63.6969066],[-19.2594838,63.6969495],[-19.2595911,63.6969495],[-19.2604924,63.6967349],[-19.2615437,63.6963701],[-19.2623162,63.6961341],[-19.2628741,63.695426],[-19.2628098,63.6948896],[-19.2632389,63.6945677],[-19.2643761,63.6944819],[-19.2655349,63.6945677],[-19.2660928,63.6946964],[-19.2662215,63.6948896],[-19.2658138,63.6951685],[-19.2643976,63.6955976],[-19.262681,63.6963487],[-19.2613506,63.6972284],[-19.2604065,63.6985374],[-19.2602349,63.6990523],[-19.2608786,63.6998248],[-19.2622733,63.700211],[-19.2663288,63.7006402],[-19.2678094,63.7012625],[-19.2701912,63.7037087],[-19.2695904,63.704803],[-19.2696977,63.7051249],[-19.2698479,63.7058759],[-19.2694402,63.7067127],[-19.2695045,63.7076569],[-19.2713285,63.7086868],[-19.2732167,63.7090945],[-19.2769932,63.7094593],[-19.2807484,63.7103176],[-19.2821645,63.7107897],[-19.2855764,63.7113691],[-19.2875504,63.7116694],[-19.2916488,63.7117338],[-19.2946529,63.711648],[-19.2967772,63.7111974],[-19.2976785,63.710339],[-19.2987728,63.7093735],[-19.3002534,63.7085152],[-19.3009186,63.7082148],[-19.3012404,63.7077641],[-19.3022919,63.7067985],[-19.3030214,63.7064982],[-19.3037295,63.7063908],[-19.3050385,63.706305],[-19.3066692,63.7061333],[-19.3084502,63.7061119],[-19.3104887,63.7062407],[-19.3132352,63.7061333],[-19.3149948,63.7056613],[-19.3156848,63.7051903],[-19.3153906,63.7049841],[-19.3157512,63.7047272],[-19.3168676,63.7049375],[-19.3173864,63.7048676],[-19.3175705,63.704739],[-19.3190659,63.7045951],[-19.3202897,63.7046302],[-19.3226925,63.7050589],[-19.3235135,63.7054253],[-19.3245005,63.7055755],[-19.3259597,63.7057471],[-19.3284703,63.7060261],[-19.3325472,63.7063694],[-19.3347359,63.7064387],[-19.3381048,63.7059203],[-19.3405508,63.7054756],[-19.3409371,63.705193],[-19.3408365,63.7049208],[-19.3401647,63.7046283],[-19.3371069,63.7051334],[-19.3353152,63.704878],[-19.3343281,63.7044686],[-19.333942,63.7040736],[-19.3332339,63.7039208],[-19.331839,63.7041261],[-19.3309904,63.7041119],[-19.3290497,63.703547],[-19.3283951,63.7029117],[-19.3283414,63.7025236],[-19.3276333,63.7020993],[-19.3264961,63.7017989],[-19.3251872,63.7012625],[-19.3237066,63.7007689],[-19.3216681,63.7000608],[-19.3208957,63.6998033],[-19.3202734,63.6992884],[-19.3201876,63.6985588],[-19.3205309,63.6978507],[-19.3215823,63.6971855],[-19.3226552,63.6969495],[-19.3227196,63.6965203],[-19.3220973,63.6960483],[-19.3212819,63.6954045],[-19.3213677,63.6949968],[-19.3229771,63.6948681],[-19.3239856,63.6948681],[-19.3242001,63.6945033],[-19.3247366,63.6937523],[-19.3253374,63.692615],[-19.3248653,63.6916709],[-19.3248868,63.6916709],[-19.3245435,63.6914349],[-19.3238139,63.6910915],[-19.3215823,63.6904478],[-19.3195867,63.6899972],[-19.3182563,63.6894178],[-19.3169475,63.6889029],[-19.3157244,63.6878514],[-19.3155742,63.6877656],[-19.3145013,63.687315],[-19.3137717,63.6870146],[-19.3133854,63.6867142],[-19.3125057,63.6864781],[-19.3117976,63.6865425],[-19.3098449,63.6864352],[-19.3087936,63.6864781],[-19.3076134,63.6866498],[-19.3070341,63.6864781],[-19.3063903,63.6861348],[-19.3046308,63.6856842],[-19.3038368,63.6850619],[-19.3049311,63.684783],[-19.3059397,63.6845255],[-19.3064332,63.6840749],[-19.3065834,63.6833882],[-19.3055535,63.6830664],[-19.3041158,63.682487],[-19.3043733,63.6819506],[-19.3073773,63.6808992],[-19.3075705,63.6808992],[-19.3078709,63.6807704],[-19.3089652,63.6806845],[-19.310081,63.6807704],[-19.3102097,63.6808133],[-19.3107033,63.6809635],[-19.3123341,63.6811566],[-19.3136429,63.6810494],[-19.3141365,63.6809635],[-19.3152308,63.6807919],[-19.3168187,63.6805773],[-19.3178272,63.6802125],[-19.3189001,63.6799765],[-19.3214321,63.6798692],[-19.3233419,63.6792469],[-19.3254018,63.6789036],[-19.3277836,63.6791825],[-19.330616,63.6792469],[-19.3326115,63.6790323],[-19.3343711,63.6788178],[-19.3349719,63.6786461],[-19.335444,63.6782813],[-19.3353796,63.6780238],[-19.3352723,63.6774445],[-19.3333196,63.6769938],[-19.3312383,63.6767578],[-19.327054,63.6765647],[-19.3223977,63.6757493],[-19.3221831,63.6754489],[-19.322462,63.675127],[-19.3246723,63.6742473],[-19.3256378,63.6740112],[-19.325552,63.6737108],[-19.3253159,63.6730242],[-19.3261313,63.6726594],[-19.3277836,63.6723375],[-19.3289423,63.6717152],[-19.3298006,63.6706638],[-19.3299723,63.6695051],[-19.3300366,63.6687112],[-19.3291354,63.6680031],[-19.3289852,63.6675525],[-19.3290925,63.667295],[-19.3282771,63.6665225],[-19.3272042,63.66575],[-19.3267536,63.6652351],[-19.3266678,63.6645055],[-19.327333,63.6642265],[-19.3282985,63.663733],[-19.3282985,63.6631536],[-19.3279767,63.6621881],[-19.3270969,63.6615014],[-19.3226338,63.6597848],[-19.3203163,63.6584759],[-19.318471,63.6578536],[-19.3144369,63.6571455],[-19.3119049,63.6558366],[-19.3097162,63.6550641],[-19.3093729,63.6547637],[-19.3097592,63.6543989],[-19.3126988,63.6536265],[-19.3155098,63.6524463],[-19.3170547,63.6520171],[-19.3192649,63.6513734],[-19.3211424,63.6512024],[-19.3222904,63.6510944],[-19.3276333,63.650794],[-19.3324399,63.6500859],[-19.3352509,63.6500859],[-19.3408513,63.6497641],[-19.343512,63.6500001],[-19.3481254,63.6508155],[-19.350636,63.6510944],[-19.3528891,63.6518669],[-19.3548203,63.6525321],[-19.3568158,63.6535406],[-19.3578887,63.6541629],[-19.359541,63.6551499],[-19.361279,63.6560941],[-19.3635321,63.6569095],[-19.3645191,63.6574888],[-19.3705488,63.6593127],[-19.3714714,63.6593986],[-19.3721581,63.6592698],[-19.3725658,63.6588407],[-19.3725228,63.658154],[-19.3712783,63.6574674],[-19.3698191,63.6567378],[-19.3685961,63.6560297],[-19.3679309,63.6554074],[-19.3674374,63.6546993],[-19.3666434,63.6539054],[-19.3659354,63.6531973],[-19.3653775,63.6523819],[-19.3639827,63.6512232],[-19.3617297,63.6499572],[-19.3604421,63.6495066],[-19.3590903,63.6486268],[-19.3562794,63.6472535],[-19.3523955,63.6457729],[-19.351623,63.6455798],[-19.3499923,63.645215],[-19.3477607,63.6448074],[-19.3455291,63.6443782],[-19.3414735,63.6435413],[-19.3388128,63.6426401],[-19.3365812,63.6414814],[-19.33465,63.6412454],[-19.3317962,63.6411166],[-19.3299508,63.6410093],[-19.3262386,63.6407733],[-19.3253535,63.6407006],[-19.3253434,63.6406969],[-19.3227196,63.6404729],[-19.3205094,63.6404085],[-19.3202091,63.6399365],[-19.3206596,63.6395073],[-19.3216038,63.6392283],[-19.3234492,63.6391425],[-19.3254018,63.6390781],[-19.3292857,63.6394214],[-19.3330192,63.639915],[-19.335444,63.6399579],[-19.3396068,63.6409664],[-19.3422889,63.6411166],[-19.3445206,63.6419749],[-19.3481684,63.642962],[-19.351666,63.6435843],[-19.3523741,63.6436701],[-19.3535972,63.6438417],[-19.3547559,63.6432409],[-19.355421,63.6422109],[-19.3552065,63.6416745],[-19.3550563,63.6411166],[-19.3553353,63.6407304],[-19.3569661,63.6407304],[-19.3582964,63.6406445],[-19.3607211,63.6403441],[-19.3617725,63.6407089],[-19.3622231,63.641653],[-19.3627381,63.6421895],[-19.3634892,63.6428976],[-19.3645405,63.6435199],[-19.3662357,63.6437774],[-19.3671155,63.643713],[-19.3684459,63.643477],[-19.3694114,63.6430049],[-19.368918,63.6411381],[-19.3691111,63.6404943],[-19.3697548,63.6400652],[-19.372716,63.6391211],[-19.3748402,63.6387563],[-19.3764925,63.6388206],[-19.3770289,63.6384988],[-19.3796683,63.6383057],[-19.3821787,63.6382842],[-19.3852258,63.6387777],[-19.3890024,63.6400223],[-19.3918991,63.6410522],[-19.3929291,63.6415887],[-19.3939161,63.6424899],[-19.3951821,63.643477],[-19.3941522,63.6443353],[-19.3934226,63.6452794],[-19.3942594,63.6456442],[-19.3954396,63.6456227],[-19.3965554,63.6454082],[-19.3974567,63.6451077],[-19.3986583,63.6446571],[-19.3987012,63.6446357],[-19.3996453,63.6442709],[-19.4000101,63.6438632],[-19.3995166,63.6428761],[-19.3994307,63.6427474],[-19.3991947,63.6423826],[-19.3989158,63.6414814],[-19.3986583,63.6406875],[-19.3985939,63.6396575],[-19.3986797,63.6395931],[-19.3991733,63.6391854],[-19.4000959,63.6387563],[-19.4006753,63.6386919],[-19.401362,63.6388421],[-19.4018126,63.6390996],[-19.4021559,63.6395073],[-19.4025421,63.6396789],[-19.4031215,63.6399794],[-19.4047952,63.6404085],[-19.4060397,63.6405373],[-19.4069624,63.6407518],[-19.4094729,63.6410308],[-19.4098806,63.6410522],[-19.4119621,63.6411166],[-19.4128848,63.6410093],[-19.413507,63.640945],[-19.4145584,63.6405158],[-19.4149017,63.6403227],[-19.4151163,63.6401725],[-19.4155454,63.6399579],[-19.4162535,63.6395717],[-19.4164681,63.6394],[-19.4174552,63.6386275],[-19.4176269,63.6384988],[-19.4190431,63.6379838],[-19.4208885,63.6375975],[-19.4219828,63.6374259],[-19.4255019,63.6361599],[-19.4262528,63.6352587],[-19.4265103,63.6347866],[-19.4262957,63.6338639],[-19.4245577,63.6329198],[-19.4242358,63.6324477],[-19.4245792,63.6318469],[-19.4248581,63.6314607],[-19.4249224,63.6309457],[-19.4241929,63.6305595],[-19.4232273,63.630538],[-19.4219398,63.6307955],[-19.4204163,63.6310744],[-19.4196224,63.631568],[-19.4186997,63.6319757],[-19.4177127,63.632319],[-19.41679,63.6325336],[-19.4149876,63.6329413],[-19.4141078,63.6331344],[-19.4126058,63.6331773],[-19.4098806,63.6330914],[-19.4078851,63.633306],[-19.4062543,63.6328125],[-19.4056534,63.6320186],[-19.406662,63.6310315],[-19.4077349,63.6302161],[-19.4079924,63.6300659],[-19.4086361,63.6297011],[-19.4095373,63.6291647],[-19.4095588,63.6291432],[-19.4100523,63.6284137],[-19.4097519,63.6280489],[-19.4092584,63.6280274],[-19.4078421,63.6281562],[-19.4069624,63.628006],[-19.406662,63.6276412],[-19.4067049,63.627212],[-19.4062543,63.6268473],[-19.4054818,63.6268687],[-19.40413,63.627212],[-19.4023061,63.6275554],[-19.4002461,63.6279202],[-19.3993449,63.6278343],[-19.3989372,63.6275768],[-19.3985295,63.6275768],[-19.3970275,63.6274052],[-19.3964911,63.626976],[-19.3951607,63.6260748],[-19.395225,63.6256242],[-19.3963194,63.6248302],[-19.3961691,63.6239076],[-19.3948173,63.6229849],[-19.3923711,63.6220837],[-19.3891954,63.6212039],[-19.3875647,63.6212039],[-19.3848395,63.6212897],[-19.3808484,63.6210966],[-19.3756771,63.6211395],[-19.3734026,63.6214185],[-19.3713212,63.6215472],[-19.3675017,63.6216116],[-19.3658709,63.6214614],[-19.3653559,63.6211395],[-19.3657852,63.6208391],[-19.3671155,63.6207104],[-19.3692612,63.6204743],[-19.371686,63.6198306],[-19.3742609,63.6190796],[-19.376235,63.6186719],[-19.3784452,63.6186719],[-19.3796253,63.6182427],[-19.3843245,63.6167193],[-19.3862343,63.6160541],[-19.3867493,63.6157322],[-19.3859339,63.6154318],[-19.3849683,63.6154962],[-19.3835091,63.615582],[-19.3813634,63.6155391],[-19.3795181,63.615582],[-19.3775225,63.6157107],[-19.3757415,63.6151957],[-19.3738103,63.6144877],[-19.3725443,63.6135221],[-19.3735743,63.6122775],[-19.374218,63.6121917],[-19.3753338,63.6105823],[-19.3755269,63.6088872],[-19.3749475,63.6075783],[-19.374733,63.6074281],[-19.374218,63.607192],[-19.3734884,63.6070418],[-19.3723726,63.6070418],[-19.3705488,63.6070633],[-19.368124,63.6075997],[-19.3662143,63.6080074],[-19.3642831,63.6080074],[-19.3635535,63.6077714],[-19.3632531,63.6072564],[-19.3640471,63.6066556],[-19.3645621,63.6060977],[-19.3640471,63.6053896],[-19.3627167,63.6051965],[-19.361,63.6050248],[-19.3593049,63.6050248],[-19.3591333,63.6049604],[-19.358511,63.6048961],[-19.3578672,63.6046815],[-19.3568373,63.60466],[-19.3553353,63.604939],[-19.3537903,63.6052609],[-19.3523527,63.6053681],[-19.3512368,63.6052823],[-19.3507648,63.6049604],[-19.3507862,63.6036086],[-19.3505716,63.603394],[-19.3500996,63.6028147],[-19.3490481,63.6023426],[-19.3466019,63.6018705],[-19.3447566,63.6017632],[-19.3430829,63.6017632],[-19.3413448,63.6018491],[-19.3381905,63.601892],[-19.3358302,63.6023212],[-19.3328047,63.6030936],[-19.33038,63.6035228],[-19.328835,63.6037159],[-19.3287863,63.6036602],[-19.3283844,63.6032009],[-19.328835,63.6026001],[-19.3298435,63.6017632],[-19.3302083,63.6009478],[-19.3298864,63.6006689],[-19.3299508,63.6002827],[-19.3323326,63.5974793],[-19.3324935,63.5970961],[-19.3321395,63.5962739],[-19.332118,63.5957174],[-19.3317962,63.5952242],[-19.3314743,63.594997],[-19.3247903,63.5957186],[-19.3221617,63.5966596],[-19.3209933,63.5968998],[-19.3203593,63.5968252],[-19.3186641,63.5970291],[-19.3177414,63.5969572],[-19.3163466,63.5973003],[-19.3150163,63.5978273],[-19.3137288,63.5979657],[-19.31257,63.5977605],[-19.3115401,63.5979489],[-19.311347,63.5984733],[-19.3087935,63.5997826],[-19.3072271,63.6000328],[-19.3068194,63.6005334],[-19.3069053,63.6008526],[-19.3065137,63.6013355],[-19.3060148,63.6013319],[-19.3055749,63.6010766],[-19.3046951,63.6012268],[-19.3015164,63.6018566],[-19.3006532,63.6025086],[-19.2993179,63.60255],[-19.2970991,63.6019993],[-19.2955542,63.6024499],[-19.2951893,63.6028576],[-19.2952109,63.6036301],[-19.2954468,63.604424],[-19.2951465,63.6050892],[-19.2939878,63.6060977],[-19.292593,63.6066556],[-19.2914772,63.6066556],[-19.2901468,63.6066556],[-19.2886019,63.6068273],[-19.2869711,63.6069346],[-19.2862415,63.6073208],[-19.2852116,63.6077928],[-19.2838169,63.6077928],[-19.2823363,63.6074066],[-19.2813063,63.6066556],[-19.2812204,63.6059904],[-19.2813707,63.6048532],[-19.282422,63.603909],[-19.2831087,63.603158],[-19.2833233,63.6027503],[-19.2837524,63.6019135],[-19.2841816,63.6009264],[-19.2830658,63.599875],[-19.2817354,63.599124],[-19.2814994,63.5981798],[-19.2820143,63.597579]]],[[[-19.3487476,63.5395866],[-19.3462802,63.5403749],[-19.3460869,63.5407683],[-19.3440485,63.5414621],[-19.3420315,63.5421753],[-19.3369674,63.5434199],[-19.331839,63.5447502],[-19.3294144,63.5455227],[-19.3255305,63.5468102],[-19.3240442,63.5477597],[-19.3239856,63.5477972],[-19.3227625,63.5494709],[-19.3205738,63.5509515],[-19.3197369,63.5514314],[-19.319574,63.5518967],[-19.3189819,63.5523237],[-19.3187418,63.5528528],[-19.3179613,63.5531465],[-19.3177736,63.5535809],[-19.3161106,63.5541058],[-19.3155957,63.5550928],[-19.3143296,63.5563588],[-19.3129349,63.5572815],[-19.3126774,63.5575175],[-19.3117762,63.5579681],[-19.3107462,63.5589981],[-19.3083215,63.5604572],[-19.3066263,63.5625339],[-19.306562,63.564334],[-19.3060684,63.5657685],[-19.3064064,63.5672956],[-19.3062294,63.5681731],[-19.3064762,63.56989],[-19.3056822,63.5718854],[-19.3049741,63.5728541],[-19.3045235,63.5744487],[-19.3046308,63.5762724],[-19.3038797,63.5781173],[-19.3023563,63.579482],[-19.3020988,63.5800202],[-19.3024421,63.5807972],[-19.3024421,63.5812737],[-19.3024206,63.5822721],[-19.2999529,63.5878527],[-19.2975926,63.5904551],[-19.2956829,63.5914636],[-19.2949104,63.5921287],[-19.2890096,63.5951543],[-19.2889881,63.5951972],[-19.2878294,63.595798],[-19.286263,63.596313],[-19.2853618,63.5965061],[-19.2850614,63.5965705],[-19.2840743,63.5968065],[-19.2820143,63.597579]]],[[[-19.3487476,63.5395866],[-19.34898,63.539378],[-19.3506323,63.5388903],[-19.3529927,63.5391103],[-19.3556105,63.5389382],[-19.3569838,63.5383884],[-19.356383,63.537743],[-19.3532931,63.5372171],[-19.3532287,63.536672],[-19.3500529,63.5361844],[-19.3494521,63.5356011],[-19.3494172,63.5353478]]],[[[-19.2588442,63.5886632],[-19.259445,63.5883768],[-19.2594665,63.5881287],[-19.2596596,63.5879378],[-19.2601102,63.587785],[-19.261462,63.5866492],[-19.2621487,63.586296],[-19.2631572,63.5858187],[-19.264273,63.5851219],[-19.2653029,63.5842627],[-19.2660111,63.5838332],[-19.2667406,63.5833558],[-19.2669552,63.5830695],[-19.2675345,63.582659],[-19.2679208,63.5823535],[-19.2694617,63.581121],[-19.270277,63.5805631],[-19.2708993,63.5800052],[-19.2715216,63.5794044],[-19.2712641,63.5789323],[-19.2731309,63.5781598],[-19.2757293,63.5765785],[-19.2765427,63.5762715],[-19.2790532,63.5741472],[-19.280405,63.5728383],[-19.2820788,63.5701776],[-19.2844605,63.5662722],[-19.2871642,63.5646451],[-19.2892242,63.5591999],[-19.2889881,63.5579896],[-19.2902541,63.5570454],[-19.2911554,63.5560799],[-19.291842,63.555243],[-19.292314,63.5543203],[-19.2933226,63.5536337],[-19.2945457,63.5531831],[-19.2955756,63.5527325],[-19.2969704,63.5519815],[-19.2989016,63.5505867],[-19.300704,63.548677],[-19.3009401,63.5480118],[-19.3015838,63.5474059],[-19.3016697,63.5467617],[-19.3023778,63.5463434],[-19.3026566,63.5458808],[-19.3026194,63.5452284],[-19.3031287,63.5443369],[-19.3043733,63.5437602],[-19.3055535,63.5432408],[-19.3061757,63.5427431],[-19.3090081,63.5416603],[-19.3103599,63.5410166],[-19.3119175,63.5405354],[-19.3129993,63.5402012],[-19.3142008,63.5397935],[-19.3160033,63.539536],[-19.3174195,63.5391283],[-19.3192435,63.5382485],[-19.3220544,63.5375619],[-19.3233204,63.5376429],[-19.326582,63.5371495],[-19.3349934,63.5355512],[-19.3391883,63.5354421],[-19.3407654,63.5349697],[-19.3432117,63.5348916],[-19.3442201,63.5352477],[-19.3459101,63.5351593],[-19.3478251,63.5350591],[-19.3494172,63.5353478]]],[[[-19.2588442,63.5886632],[-19.2580932,63.5887109],[-19.2578786,63.5885582],[-19.2578786,63.5883673],[-19.2574709,63.5881955],[-19.2573851,63.5880428],[-19.2566555,63.5881477],[-19.2558401,63.5881382],[-19.2552822,63.587995],[-19.2552822,63.5878709],[-19.2558401,63.5876228],[-19.2557972,63.5873078],[-19.2558616,63.586926],[-19.2562049,63.5864869],[-19.2567628,63.5865251],[-19.2579859,63.5863342],[-19.2586511,63.5859142],[-19.2595308,63.5857424],[-19.2608141,63.5855186],[-19.2613935,63.5850509],[-19.2613291,63.5837622],[-19.2630028,63.582903],[-19.2629385,63.5815664],[-19.2597198,63.5801343],[-19.2582821,63.5797524],[-19.2546343,63.5803921],[-19.2532396,63.5802012],[-19.2515873,63.5802012],[-19.2504072,63.5812991],[-19.2496562,63.58128],[-19.2488408,63.5808504],[-19.2485189,63.5794851],[-19.2499136,63.5781961],[-19.2524886,63.5771267],[-19.2537117,63.5762673],[-19.2533469,63.575809],[-19.2508792,63.5755512],[-19.2437982,63.5766207],[-19.2430472,63.578177],[-19.2422962,63.5790841],[-19.2409443,63.5795328],[-19.2398285,63.5794183],[-19.2396569,63.5782725],[-19.2403006,63.5761241],[-19.2399787,63.5750451],[-19.2406868,63.5741188],[-19.2448067,63.5719701],[-19.2478108,63.5688374],[-19.2493128,63.5665546],[-19.2493772,63.5643288],[-19.2483472,63.5633067],[-19.24824,63.5623705],[-19.246416,63.5622272],[-19.2453002,63.5626093],[-19.2445492,63.56345],[-19.2452359,63.56409],[-19.2450857,63.565265],[-19.2437338,63.5663158],[-19.2427253,63.5665546],[-19.2409443,63.5665259],[-19.2400431,63.5659814],[-19.2378974,63.565714],[-19.2363953,63.5657904],[-19.2351079,63.5661916],[-19.2340779,63.5676053],[-19.2325329,63.5680351],[-19.2303872,63.5680064],[-19.2287135,63.5681975],[-19.2269539,63.5687515],[-19.2229843,63.5689138],[-19.221847,63.5698021],[-19.2214608,63.5700217],[-19.2210881,63.5700037],[-19.221131,63.5696981],[-19.2207233,63.5696981],[-19.220144,63.5695644],[-19.2195861,63.5691919],[-19.2198436,63.5685711],[-19.2184274,63.5671383],[-19.2183844,63.5664983],[-19.2179124,63.5659634],[-19.2167966,63.5653234],[-19.216067,63.564521],[-19.2154662,63.563174],[-19.2147795,63.5630021],[-19.2143719,63.5630594],[-19.2136637,63.562725],[-19.2132561,63.5632695],[-19.2125909,63.5653043],[-19.2130629,63.5656482],[-19.2130629,63.5668231],[-19.2125265,63.5673771],[-19.2122261,63.5680744],[-19.2123548,63.5683323],[-19.2121832,63.5687621],[-19.2119042,63.5689722],[-19.2120973,63.5693734],[-19.2141787,63.5700037],[-19.2149083,63.5699082],[-19.2152516,63.5699942],[-19.2155949,63.5698605],[-19.2158524,63.5699273],[-19.2158953,63.5702043],[-19.215316,63.5706341],[-19.2146508,63.5705577],[-19.2140714,63.5706818],[-19.2138101,63.5708553],[-19.2112898,63.5706808],[-19.2075347,63.5692768],[-19.2055024,63.5680463]]],[[[-19.2055024,63.5680463],[-19.2038226,63.5667934],[-19.2025995,63.5641378],[-19.2027497,63.5620361],[-19.2027068,63.5599629],[-19.2034578,63.5581762],[-19.2083716,63.5563129],[-19.2086022,63.5556464],[-19.2090046,63.5550754],[-19.2092942,63.553857],[-19.2095786,63.5535679],[-19.2102062,63.5532024],[-19.210689,63.5526243],[-19.212513,63.551229],[-19.2136072,63.5500151]]],[[[-19.2136072,63.5500151],[-19.2153453,63.5488921],[-19.2164397,63.5484381],[-19.2169117,63.5473676],[-19.2175555,63.5455992],[-19.2186284,63.5446911],[-19.2183709,63.542999],[-19.2183709,63.5417084],[-19.2188644,63.5408288],[-19.2188429,63.5402313],[-19.2184567,63.5398154]]],[[[-19.2184567,63.5398154],[-19.218092,63.5396911],[-19.2176628,63.5397484],[-19.2159462,63.5414216]]],[[[-19.2159462,63.5414216],[-19.2153024,63.5426644],[-19.2157316,63.5436156],[-19.2159033,63.5444904],[-19.215753,63.5450065],[-19.2151951,63.545733],[-19.2143422,63.546113],[-19.2134034,63.5467415],[-19.2112925,63.5474667],[-19.210512,63.5474656],[-19.2079639,63.5484573],[-19.2068803,63.5485193],[-19.2047238,63.5488873],[-19.2043161,63.5490211],[-19.2037797,63.5493652],[-19.2007209,63.550273],[-19.2005712,63.5504255],[-19.1998414,63.5507423],[-19.1987928,63.5526657],[-19.1974629,63.5535637],[-19.1968059,63.5537997],[-19.1955184,63.5538666],[-19.1943383,63.5534175],[-19.1911196,63.5536182],[-19.1892743,63.5539765],[-19.1873645,63.5544304],[-19.1859913,63.5554051],[-19.183824,63.556141],[-19.1831695,63.5562126],[-19.1827512,63.5561983]]],[[[-19.1827512,63.5561983],[-19.1824795,63.5556112],[-19.181267,63.5552856],[-19.1803444,63.5549416],[-19.1800225,63.5545498],[-19.1789711,63.5540338],[-19.1780269,63.5539],[-19.1773188,63.5541485],[-19.1765249,63.554158],[-19.1760743,63.5539478],[-19.1742718,63.5534222],[-19.1737892,63.5533907],[-19.172666,63.5523376],[-19.1722798,63.5500916],[-19.1706705,63.5499769],[-19.1666579,63.551745],[-19.1578602,63.5575264],[-19.1567874,63.5582431],[-19.1556501,63.5579564],[-19.1549635,63.5542584],[-19.1553282,63.5540529],[-19.1552746,63.5528512],[-19.1549473,63.5523459],[-19.153861,63.5515103],[-19.1533823,63.551771],[-19.1524777,63.5517771],[-19.151852,63.5516112],[-19.1510152,63.5498909],[-19.1506719,63.5495707],[-19.1504145,63.5488109],[-19.1483116,63.5484955],[-19.1453075,63.5486388],[-19.1413089,63.5501404],[-19.1408494,63.5501426],[-19.1403899,63.5503359],[-19.139943,63.5503019],[-19.1392242,63.5508419],[-19.1394066,63.5513819],[-19.1392779,63.5517713]]],[[[-19.1392779,63.5517713],[-19.1393717,63.5519759],[-19.1400222,63.5526417],[-19.1408014,63.5531163],[-19.140737,63.5537009],[-19.1403615,63.5537652],[-19.1395569,63.5536766],[-19.1389132,63.553462],[-19.1382241,63.5533117]]],[[[-19.1382241,63.5533117],[-19.137733,63.5532045],[-19.1367031,63.5531616],[-19.1356945,63.5532689],[-19.134643,63.5536551],[-19.1330767,63.5546208],[-19.1326261,63.5551786],[-19.1322827,63.555479],[-19.1309523,63.5559082],[-19.1300941,63.557565],[-19.124558,63.5588426],[-19.1216612,63.5597075],[-19.1183781,63.5616969],[-19.1178847,63.5625016],[-19.1175816,63.5625647],[-19.1170692,63.5625279]]],[[[-19.1170692,63.5625279],[-19.1171121,63.561573],[-19.117198,63.561101],[-19.1176057,63.5602641],[-19.1179705,63.55932]]],[[[-19.1179705,63.55932],[-19.1170693,63.5579896],[-19.1167474,63.5573029],[-19.1162539,63.5563374],[-19.1157604,63.5554794],[-19.1155458,63.5550786],[-19.1141725,63.5538774],[-19.1140437,63.5534757],[-19.1137107,63.5532114],[-19.1130026,63.5532401],[-19.1117151,63.552963],[-19.1114362,63.5526094],[-19.1104061,63.5522603],[-19.1098269,63.5516728],[-19.1098269,63.5512523],[-19.1107495,63.5499525],[-19.1106423,63.5493312],[-19.111007,63.548796],[-19.111007,63.5481269],[-19.1107281,63.5479931],[-19.1102346,63.5482798],[-19.1093119,63.548385],[-19.1082604,63.5483563],[-19.1072519,63.5478306],[-19.1072519,63.5473718],[-19.1065009,63.5471233],[-19.1055782,63.5469512],[-19.1049989,63.5465402],[-19.1049774,63.5460145],[-19.1035612,63.5451637],[-19.1031321,63.5450968],[-19.1031535,63.5454792],[-19.103411,63.5459858],[-19.1033037,63.5473336],[-19.102381,63.5471998],[-19.10163,63.5472475],[-19.1000851,63.5465498],[-19.0986903,63.5463012],[-19.0981753,63.5463873],[-19.0979608,63.5467409],[-19.0979608,63.5471042],[-19.0986689,63.5478497],[-19.098583,63.5483468],[-19.0980895,63.5482416],[-19.0974458,63.5473145],[-19.0970166,63.5471711],[-19.0967591,63.5472189],[-19.0975531,63.5487673],[-19.0974458,63.5495128],[-19.0980466,63.5510898],[-19.0980466,63.5520838],[-19.0978106,63.5523322],[-19.0974569,63.5523677],[-19.0963894,63.5523905],[-19.0966093,63.5529866],[-19.0970922,63.5532042],[-19.0971566,63.5539747],[-19.099238,63.5557074],[-19.0994847,63.5560673],[-19.0986586,63.5561596]]],[[[-19.0986586,63.5561596],[-19.0966416,63.5551528],[-19.0950108,63.5553435],[-19.0924358,63.5541916],[-19.0920711,63.5541487],[-19.091599,63.5540843],[-19.0903544,63.5539126],[-19.0894532,63.5535264],[-19.0893674,63.5524535],[-19.0899896,63.55196],[-19.0905691,63.5515094],[-19.090848,63.5507584],[-19.0905691,63.5503721],[-19.0899253,63.5502434],[-19.089346,63.550179],[-19.0890026,63.5500717],[-19.0889168,63.5500502],[-19.0887451,63.5495782],[-19.0886593,63.5484838],[-19.0884233,63.5482907],[-19.0879083,63.5480118],[-19.0869856,63.5475397],[-19.0860414,63.5472393],[-19.0850115,63.5474539],[-19.0837884,63.5477543],[-19.0828443,63.5480333],[-19.0818787,63.5479259],[-19.0808272,63.5477543],[-19.0795613,63.5476256],[-19.0787029,63.547883],[-19.0779305,63.5481835],[-19.0770292,63.5485697],[-19.0762353,63.5483551],[-19.0755487,63.5478616],[-19.0750122,63.5477114],[-19.0745402,63.5478401],[-19.0737462,63.5482907],[-19.0731025,63.548398],[-19.0723085,63.5480761],[-19.0719437,63.5476684],[-19.0708709,63.547132],[-19.0692401,63.5468316],[-19.068768,63.5473251],[-19.0680814,63.5485053],[-19.0673303,63.549192],[-19.0671801,63.5501146],[-19.0666008,63.5509515],[-19.0653348,63.5509086],[-19.0640044,63.5510802],[-19.0614724,63.5511231],[-19.0611506,63.5513377],[-19.0610004,63.5519171],[-19.0614509,63.5525179]]],[[[-19.0614509,63.5525179],[-19.0600348,63.5528183],[-19.058361,63.5530114],[-19.0574599,63.5533977],[-19.0564943,63.5533977],[-19.0550995,63.5532904],[-19.0547562,63.5532474],[-19.052782,63.5531187],[-19.0515589,63.5520673],[-19.0514302,63.5519815],[-19.0505719,63.551445],[-19.0489626,63.5499215],[-19.0468598,63.5483766],[-19.0457869,63.5479045],[-19.0443921,63.5472822],[-19.0387273,63.5448575],[-19.0376973,63.5432996],[-19.037869,63.5418373],[-19.0385127,63.5408449],[-19.039135,63.5389216],[-19.0387702,63.5383268],[-19.0370536,63.5377321],[-19.0366459,63.5370714],[-19.0355301,63.5368557]]],[[[-19.0355301,63.5368557],[-19.033599,63.5372204],[-19.0327835,63.5377095],[-19.0320969,63.5380794],[-19.0314317,63.5387072],[-19.0306807,63.5398661],[-19.0299297,63.5399159],[-19.0285992,63.5396297],[-19.0276551,63.5390639],[-19.0266037,63.5387635],[-19.0260244,63.5388316],[-19.02589,63.5390209],[-19.0257025,63.539285],[-19.0264964,63.5402726],[-19.0265393,63.5418862],[-19.0273762,63.5436988],[-19.027977,63.5443425],[-19.029243,63.5451794],[-19.0306806,63.5462952],[-19.0325475,63.5473037],[-19.036324,63.5483551],[-19.0379548,63.5492349],[-19.0388561,63.5496425],[-19.040916,63.5511017],[-19.0412164,63.5524535],[-19.0406156,63.5535693],[-19.0407443,63.554492],[-19.0413451,63.5554361],[-19.0407443,63.5560799],[-19.0392208,63.5566163],[-19.0390277,63.5572171]]],[[[-19.0390277,63.5572171],[-19.0380407,63.5571098],[-19.0367317,63.5566592],[-19.0361953,63.555758],[-19.0352511,63.5546208],[-19.0328694,63.5526467],[-19.0325046,63.5521531],[-19.0319252,63.5515523],[-19.0315819,63.551209],[-19.0310025,63.5506511],[-19.0304017,63.5500717],[-19.030037,63.5497284],[-19.0293503,63.549149],[-19.0291357,63.5489559],[-19.0284062,63.5487199],[-19.0280628,63.5486126],[-19.0269685,63.5484195],[-19.0265393,63.5483551],[-19.0264965,63.5483336],[-19.026239,63.5484195],[-19.0256166,63.5485911],[-19.0256166,63.548913],[-19.0256166,63.5495138],[-19.0243936,63.5502005],[-19.0234923,63.5505009],[-19.0218401,63.5502434],[-19.0197158,63.5495997],[-19.0177202,63.5492992],[-19.0147591,63.5492992],[-19.0141153,63.5497928],[-19.0137076,63.5505009],[-19.0138793,63.5512519],[-19.0122914,63.5527325],[-19.0105748,63.5531402],[-19.0078497,63.5532474],[-19.0064335,63.5533547],[-19.0039659,63.5533118],[-19.0014767,63.5530972],[-18.9995885,63.5530329],[-18.9985156,63.5533118],[-18.9978719,63.553226],[-18.9971637,63.5527325],[-18.9965844,63.552432],[-18.9943314,63.5525179],[-18.9918637,63.5529685],[-18.9907908,63.5532114],[-18.9910412,63.553557],[-18.9909339,63.5538437],[-18.9904618,63.5538437],[-18.989861,63.5534614],[-18.9888954,63.5533658],[-18.9881873,63.5531174],[-18.9876723,63.5526013],[-18.9876509,63.5517794],[-18.9858269,63.5513971],[-18.9843678,63.5504319],[-18.9835524,63.5493805],[-18.9789605,63.5471343],[-18.9776087,63.5466564],[-18.9771795,63.5462836],[-18.9758277,63.5459204],[-18.9758894,63.5463909],[-18.9759993,63.5472299],[-18.9755273,63.5476887],[-18.9750552,63.5477174],[-18.9750552,63.5480137],[-18.9740896,63.5480137],[-18.9733815,63.5476696],[-18.9732098,63.5473637],[-18.9718795,63.5471439],[-18.9710641,63.5471439],[-18.9695835,63.5474593],[-18.9684891,63.548224],[-18.9672017,63.5483196],[-18.962717,63.5474689],[-18.9618158,63.5472586],[-18.9600992,63.5472586],[-18.9591765,63.5469241],[-18.9569449,63.5468763],[-18.9557433,63.5472299],[-18.9545846,63.5474211],[-18.9525461,63.547249],[-18.9488339,63.5465608],[-18.947804,63.5466086],[-18.9484048,63.5471535],[-18.9496064,63.5481475],[-18.9517522,63.5490556],[-18.9547348,63.549868],[-18.9582324,63.5503936],[-18.9597988,63.5501069],[-18.9614081,63.5505848],[-18.9622664,63.5511391],[-18.9662361,63.5526204],[-18.9664936,63.5529071],[-18.9659142,63.5532703],[-18.9656997,63.5538915],[-18.9658928,63.5547993],[-18.9670944,63.5559651],[-18.9671802,63.5571117],[-18.9676094,63.5575895],[-18.96806,63.5576468],[-18.9686255,63.5579015],[-18.9684667,63.5580909],[-18.9681549,63.5581414],[-18.9674915,63.5581414],[-18.9661136,63.5583838],[-18.9657847,63.5583914],[-18.965246,63.5582146],[-18.9651893,63.5580758],[-18.9622124,63.5579823],[-18.9597742,63.5581591],[-18.9589407,63.5583207],[-18.9582829,63.5589721],[-18.9578123,63.5601032],[-18.9578973,63.5604541],[-18.9581411,63.560646],[-18.9585948,63.561416],[-18.9584417,63.5618099],[-18.9578009,63.5625092],[-18.9577726,63.5627364]]],[[[-18.9577726,63.5627364],[-18.9582432,63.5630393],[-18.9588669,63.5632312],[-18.9605283,63.5639052],[-18.9616284,63.5647382],[-18.96215,63.5651245],[-18.9622861,63.5656016],[-18.9627965,63.5662503],[-18.9630233,63.5663513],[-18.9633408,63.5670706],[-18.9633351,63.5672978],[-18.9630119,63.567525],[-18.9630289,63.5677648],[-18.9625696,63.5682948],[-18.9625016,63.5685094],[-18.9621593,63.5687699],[-18.9611722,63.5692857],[-18.95952,63.5697824],[-18.9556147,63.5703841],[-18.9549066,63.5707374],[-18.9542629,63.5708329],[-18.9540483,63.5711959],[-18.9531256,63.5716256],[-18.9522673,63.5717498],[-18.9522673,63.5722177],[-18.9527179,63.5724087],[-18.9528038,63.5727048],[-18.9524819,63.5730104],[-18.954692,63.5733446],[-18.9555074,63.5736502],[-18.9546277,63.5739463],[-18.9529754,63.5737744],[-18.9528038,63.573994],[-18.9535762,63.5741564],[-18.9538766,63.5744906],[-18.9549495,63.5747962],[-18.9570524,63.5747962],[-18.957739,63.5750922],[-18.95849,63.575159],[-18.958769,63.5754742],[-18.9579107,63.5757606],[-18.9584042,63.5763527],[-18.9581896,63.5766869],[-18.956988,63.5763813],[-18.9559795,63.5765245],[-18.955486,63.5767633],[-18.956237,63.5771452],[-18.9550783,63.5776608],[-18.9542629,63.5781669],[-18.9523317,63.5783865],[-18.950143,63.5781382],[-18.9501215,63.5785488],[-18.9489628,63.5788639],[-18.9477183,63.5791503],[-18.9459373,63.5791981],[-18.9446928,63.5796563],[-18.9430405,63.5794845],[-18.9390279,63.5795131],[-18.93847,63.5797232],[-18.9381052,63.5805825],[-18.9388134,63.5807543],[-18.9388563,63.5811839],[-18.9379336,63.5814226],[-18.9378263,63.5817758],[-18.9358093,63.582511],[-18.9351441,63.5831124],[-18.9347149,63.5830933],[-18.934672,63.5828737],[-18.9330627,63.5827783],[-18.9325263,63.5825205],[-18.9316036,63.5825587],[-18.9312388,63.5829215],[-18.9304449,63.5829978],[-18.9288784,63.5839047],[-18.9292647,63.5844107],[-18.9319469,63.5843439],[-18.9354445,63.5847162],[-18.9351226,63.5857185],[-18.9335499,63.5865923],[-18.9336572,63.5869741],[-18.9310393,63.5877377],[-18.9289898,63.5878652]]],[[[-18.9289898,63.5878652],[-18.9279709,63.5879286],[-18.927649,63.5880718],[-18.9283571,63.5883104],[-18.9338718,63.5887208],[-18.9369402,63.5881672],[-18.9385924,63.5881482],[-18.9399872,63.5884536]]],[[[-15.05596,64.6110646],[-15.0569682,64.6117582],[-15.0596475,64.6116396],[-15.0629898,64.6123004],[-15.0631789,64.6124377],[-15.0648963,64.6136846],[-15.0657648,64.6145282],[-15.0657347,64.6152456],[-15.0660735,64.6155672],[-15.0661635,64.6156527],[-15.0661196,64.6159552],[-15.0663823,64.6164384],[-15.0669421,64.6171675],[-15.0677435,64.6177603],[-15.0689596,64.6185547],[-15.0691879,64.619275],[-15.0700587,64.6201553],[-15.0700596,64.6216789],[-15.0697771,64.6228617],[-15.0693079,64.6238015],[-15.0687418,64.6246434],[-15.0676162,64.625518],[-15.0669877,64.6260249],[-15.0656753,64.6266564],[-15.0646115,64.6271041],[-15.0633196,64.6275933],[-15.0622997,64.6280681],[-15.0620187,64.6280796],[-15.0614522,64.6281025],[-15.0603732,64.6282759],[-15.0597269,64.6283798],[-15.059056,64.6284189],[-15.059012,64.6284113],[-15.0580421,64.6282445],[-15.0574399,64.6283406],[-15.056362,64.6288831],[-15.0556987,64.6288653],[-15.0541509,64.6288238],[-15.0531974,64.6292744],[-15.0538676,64.6300066],[-15.0534946,64.630372],[-15.0533393,64.6305248],[-15.0530767,64.6305858],[-15.0530639,64.6305887],[-15.0526829,64.6304644],[-15.0522978,64.6303684],[-15.0517946,64.6303977],[-15.0515834,64.6304777],[-15.0515783,64.6304833],[-15.0513059,64.6307841],[-15.0510673,64.6308113],[-15.0510015,64.6308188],[-15.0509663,64.6308031],[-15.0506267,64.6306518],[-15.0505492,64.6306183],[-15.0503451,64.6305301],[-15.0503072,64.6305267],[-15.0498854,64.6304892],[-15.0494651,64.6306349],[-15.0492343,64.6304997],[-15.0490054,64.6303657],[-15.0486162,64.6300699],[-15.0485952,64.6300629],[-15.0479185,64.6298371],[-15.0475997,64.6295147],[-15.0475655,64.6294385],[-15.0473996,64.6290685],[-15.0473989,64.629067],[-15.0470615,64.6288724],[-15.0467343,64.6288351],[-15.0467284,64.6288389],[-15.0465,64.628985],[-15.0462208,64.6291637],[-15.0460799,64.6294453],[-15.0452847,64.6296522],[-15.0447256,64.629837],[-15.0440399,64.6300964],[-15.0440215,64.6301034],[-15.0440042,64.6300988],[-15.0435833,64.6299875],[-15.0435411,64.6299763],[-15.0434849,64.6299123],[-15.0430278,64.6293918],[-15.0424877,64.6287637],[-15.0420194,64.6284666],[-15.0418314,64.6280644],[-15.042861,64.627854],[-15.0436601,64.6275682],[-15.0437239,64.6274464],[-15.0437686,64.6273612],[-15.0438445,64.6272165],[-15.0436396,64.6270255],[-15.0433331,64.626961],[-15.0432276,64.626864],[-15.0423089,64.6263155],[-15.0410731,64.6259504],[-15.0406402,64.6257035],[-15.0395349,64.6253027],[-15.0391086,64.6250344],[-15.0390323,64.6244188],[-15.0385774,64.6234363],[-15.0383052,64.6227865],[-15.0388361,64.6219843],[-15.038954,64.6211781],[-15.0390039,64.6208367],[-15.038902,64.6205344],[-15.0388623,64.6205239],[-15.0384218,64.6204073],[-15.0376683,64.6205582],[-15.0372439,64.6207323],[-15.0365464,64.6206472],[-15.0363852,64.6197756],[-15.0365031,64.6189694],[-15.0366141,64.6182105],[-15.0362068,64.6179615],[-15.0351364,64.6176945],[-15.0339903,64.6171875],[-15.0335419,64.6164612],[-15.0330076,64.6156934],[-15.0328826,64.6153212],[-15.0324213,64.6150662],[-15.0321712,64.6147312],[-15.0324695,64.6142827],[-15.0325719,64.6141664],[-15.0329084,64.6139681],[-15.0332941,64.6138908],[-15.034045,64.6135119],[-15.0340633,64.6134513],[-15.0341736,64.6130873],[-15.0352438,64.6125882],[-15.0363779,64.6123334],[-15.0368892,64.612019],[-15.0371854,64.6115847],[-15.0371351,64.6114801],[-15.036895,64.6109806],[-15.0361979,64.610438],[-15.0360741,64.6097681],[-15.0361781,64.6090567],[-15.036303,64.6082029],[-15.0367661,64.6073107],[-15.0371049,64.6065104],[-15.0373541,64.6055648],[-15.0369481,64.6052177],[-15.0372149,64.6051172],[-15.0380444,64.605082],[-15.0387436,64.6053111],[-15.0393803,64.6059675],[-15.0393973,64.6060008],[-15.0392657,64.6069019],[-15.0386575,64.6080283],[-15.0381677,64.6089071],[-15.0380754,64.6092112],[-15.0380537,64.6092824],[-15.0381405,64.6095986],[-15.0381481,64.6096046],[-15.0383493,64.6097612],[-15.0386899,64.6098131],[-15.0388045,64.6098305],[-15.0388503,64.6098243],[-15.0392452,64.609771],[-15.0393108,64.6097384],[-15.0395062,64.6090511],[-15.0396101,64.6083397],[-15.0398314,64.6075838],[-15.0400597,64.6067805],[-15.0408835,64.6065192],[-15.0416036,64.6061391],[-15.042212,64.6058415],[-15.0427976,64.6054721],[-15.0435179,64.6053507],[-15.0445685,64.605521],[-15.04582,64.6057103],[-15.0471295,64.6056171],[-15.0476592,64.6051748],[-15.0488199,64.6047351],[-15.0491182,64.6045693],[-15.0495792,64.6043132],[-15.0495293,64.6038394],[-15.0495234,64.6037838],[-15.0494878,64.6037667],[-15.0486814,64.6033804],[-15.0482279,64.6032387],[-15.0486284,64.6027733],[-15.0504094,64.6027259],[-15.0517969,64.6030965],[-15.0535287,64.6034887],[-15.0539905,64.6038569],[-15.0541232,64.604635],[-15.0529634,64.6049848],[-15.0520367,64.6050792],[-15.0509618,64.6051887],[-15.0506299,64.6053117],[-15.0506463,64.6053341],[-15.0508017,64.6055463],[-15.0509071,64.6056901],[-15.051242,64.6058531],[-15.0513105,64.6058864],[-15.0513151,64.605904],[-15.0513746,64.6061307],[-15.0510389,64.6064295],[-15.0509546,64.6065046],[-15.0508513,64.6065466],[-15.0504601,64.6067054],[-15.0497112,64.606828],[-15.0495829,64.6070243],[-15.0497856,64.6072295],[-15.049983,64.6072971],[-15.0504186,64.6074462],[-15.05142,64.607416],[-15.0523841,64.6076417],[-15.0527177,64.6077959],[-15.0530068,64.6079295],[-15.0535289,64.608278],[-15.053764,64.6084349],[-15.0537371,64.6084887],[-15.0536233,64.6087165],[-15.0535178,64.6089848],[-15.0536585,64.6091598],[-15.0541939,64.6092153],[-15.0542151,64.6092175],[-15.0548172,64.6094191],[-15.0548565,64.609834],[-15.0553428,64.6103749],[-15.0556124,64.6107766],[-15.05596,64.6110646]]],[[[-18.6376897,64.7213149],[-18.6362306,64.7213241],[-18.6336557,64.7217914],[-18.6309091,64.7216173],[-18.6300722,64.7212599],[-18.6283127,64.7199404],[-18.6237851,64.7190058],[-18.6215965,64.7163298],[-18.6209527,64.7159724],[-18.6197082,64.7160824],[-18.6156098,64.7145335],[-18.6120907,64.713837],[-18.6076919,64.7137453],[-18.6008898,64.7142036],[-18.5978857,64.7150101],[-18.5967699,64.7153401],[-18.5866419,64.7157616],[-18.5824148,64.7168156],[-18.5734669,64.7185201],[-18.5670725,64.7202795],[-18.5647336,64.7205635],[-18.5620085,64.720646],[-18.5561935,64.7220296],[-18.5518805,64.7236422],[-18.5451642,64.7286992],[-18.5352749,64.7373284],[-18.5242027,64.7469328],[-18.5162634,64.7525712],[-18.5077447,64.7574856],[-18.5034317,64.7606058],[-18.496179,64.7686288],[-18.4930462,64.7741803],[-18.4917587,64.779557],[-18.4901923,64.7817422],[-18.4901279,64.7837077],[-18.491073,64.7858805],[-18.4926609,64.7878091],[-18.4959439,64.7910081],[-18.4981326,64.7929364],[-18.4992055,64.7937863],[-18.5013513,64.795157],[-18.5031752,64.7959063],[-18.5044626,64.7961256],[-18.5065011,64.7961073],[-18.5076169,64.7963083],[-18.5079817,64.7965733],[-18.5100202,64.799351],[-18.513904,64.8018268],[-18.5150198,64.8033433],[-18.5150198,64.8039279],[-18.5142473,64.8045034],[-18.511372,64.8049876],[-18.5036258,64.8058462],[-18.5009436,64.8069788],[-18.4987549,64.8083763],[-18.4952549,64.8096507],[-18.4944395,64.8101713],[-18.4944609,64.8106005],[-18.4946326,64.810838],[-18.4947399,64.8110572],[-18.4940747,64.8114681],[-18.492637,64.8117877],[-18.4910921,64.8124087],[-18.4899763,64.8132854],[-18.4889678,64.8142351],[-18.4881953,64.8155226],[-18.4877508,64.8162602],[-18.4874718,64.8170637],[-18.4873645,64.8177393],[-18.4873002,64.8190084],[-18.4874077,64.8192204],[-18.4877079,64.8198118],[-18.4884803,64.8199487],[-18.4886305,64.8204052],[-18.4882228,64.8213729],[-18.4872358,64.8222675],[-18.4846001,64.82376],[-18.4836774,64.8244993],[-18.4824543,64.8254943],[-18.4822826,64.8259324],[-18.4822183,64.8265348],[-18.4818106,64.8269638],[-18.4814029,64.8274019],[-18.4810381,64.8281685],[-18.4803484,64.8287919],[-18.4801798,64.8289443],[-18.4799437,64.8297291],[-18.4802012,64.8303862],[-18.4802441,64.8318463],[-18.4807806,64.8323665],[-18.4807806,64.8326585],[-18.4805409,64.8329171],[-18.4798972,64.8331908],[-18.4798328,64.833492],[-18.4801117,64.8337018],[-18.4798757,64.8345231],[-18.4795538,64.8349063],[-18.4788887,64.8366034],[-18.4780947,64.8369683],[-18.4770648,64.8380267],[-18.476185,64.8393404],[-18.4756485,64.8402253],[-18.4760103,64.8424417],[-18.4760317,64.8434633],[-18.4762385,64.8441473]]],[[[-18.6981464,64.7106781],[-18.6991604,64.7113593],[-18.7002603,64.7120038],[-18.7010971,64.7126729],[-18.7013761,64.7142036],[-18.7013546,64.7151293],[-18.7007109,64.7161832],[-18.7004749,64.717173],[-18.6998741,64.7179886],[-18.6987368,64.7187767],[-18.6982218,64.7202337],[-18.6986295,64.7207376],[-18.7016121,64.7212233],[-18.7036721,64.7222037],[-18.7043158,64.7230925],[-18.703951,64.724027],[-18.7032644,64.7242652],[-18.6996166,64.7239995],[-18.6978356,64.7235689],[-18.6952392,64.7226343],[-18.692321,64.722616],[-18.6916558,64.7224236],[-18.691806,64.7221396],[-18.6927501,64.7217914],[-18.6925355,64.7211408],[-18.6926428,64.7203345],[-18.694059,64.7197205],[-18.6943594,64.718795],[-18.693587,64.7178969],[-18.6889306,64.7171455],[-18.6861626,64.7169988],[-18.6826221,64.7171821],[-18.681399,64.7174112],[-18.6805192,64.7179519],[-18.6772362,64.7196381],[-18.6745755,64.7202245],[-18.6734382,64.7206185],[-18.6726228,64.7211408],[-18.6709062,64.7215531],[-18.6692969,64.7226618],[-18.6688677,64.7238438],[-18.6703054,64.7242469],[-18.6711637,64.7247508],[-18.6710564,64.7255753],[-18.6702625,64.7259967],[-18.6694685,64.7278747],[-18.6680952,64.7283053],[-18.6683956,64.7288916],[-18.6701123,64.7294778],[-18.6711422,64.7304396],[-18.6717645,64.7318135],[-18.6735455,64.7324913],[-18.6733095,64.7333797],[-18.6725799,64.7335904],[-18.6695544,64.7336087],[-18.6664215,64.73305],[-18.6637822,64.7317128],[-18.6615292,64.7285068],[-18.6606923,64.7277877],[-18.6593405,64.7271236],[-18.6586753,64.7268304],[-18.6556927,64.7260609],[-18.6495988,64.7241094],[-18.6468642,64.7233797]]],[[[-18.6981464,64.7106781],[-18.6953998,64.7087346],[-18.6921596,64.7073412],[-18.6890858,64.706837]]],[[[-18.6890858,64.706837],[-18.6856258,64.7063695],[-18.681109,64.7058011],[-18.6702513,64.7047742],[-18.6686904,64.7047143],[-18.6669908,64.7049236]]],[[[-18.6669908,64.7049236],[-18.666346,64.7047192],[-18.6656595,64.7045358],[-18.6651527,64.7041894],[-18.6648625,64.7038306],[-18.6649534,64.703257],[-18.6648298,64.7026649]]],[[[-18.6648298,64.7026649],[-18.6650801,64.702482],[-18.6672044,64.7019502],[-18.6716676,64.7013358],[-18.6757231,64.7014688],[-18.680551,64.7015009]]],[[[-18.680551,64.7015009],[-18.6845422,64.7013266],[-18.6887694,64.7006022],[-18.6961079,64.7006481],[-18.7032855,64.7012441],[-18.7078452,64.7009415],[-18.7147331,64.7022161]]],[[[-18.7147331,64.7022161],[-18.7189442,64.7014343],[-18.7223399,64.699974],[-18.7239814,64.7001162],[-18.7246979,64.7003708],[-18.7270518,64.699624],[-18.7280486,64.6986688],[-18.7277794,64.6956501],[-18.7286349,64.6925429],[-18.727598,64.6891688],[-18.7236181,64.6859306],[-18.7147976,64.6813844],[-18.7068468,64.6763133],[-18.7057853,64.6752815]]],[[[-18.7047364,64.6749067],[-18.7041867,64.6747102],[-18.7031031,64.6741938],[-18.7019658,64.673852],[-18.7011504,64.6737866],[-18.700335,64.6738497],[-18.6977816,64.6743453],[-18.6949868,64.6750367],[-18.6942949,64.6754252],[-18.6930022,64.6757081],[-18.688684,64.6754036],[-18.6883327,64.6749271],[-18.6869504,64.6745546],[-18.6848386,64.6744759],[-18.6815591,64.673786],[-18.6779397,64.6737923],[-18.6773035,64.6737016],[-18.6762987,64.6737848],[-18.6745089,64.6740283],[-18.6732125,64.6741341],[-18.672436,64.6746264],[-18.6724553,64.6749242]]],[[[-18.6724553,64.6749242],[-18.6716583,64.6752366],[-18.670518,64.6753012],[-18.6691673,64.6748393],[-18.6690998,64.673304],[-18.6683949,64.6703404],[-18.6675933,64.6690077],[-18.6679176,64.6688185],[-18.6681978,64.668503],[-18.668242,64.6681308],[-18.6681241,64.6677776],[-18.6674458,64.6673675],[-18.6674016,64.6670899],[-18.66749,64.6666609],[-18.6672541,64.6662635],[-18.6669298,64.6660679],[-18.667187,64.6654658],[-18.6671592,64.6649024],[-18.6663878,64.6643539],[-18.665947,64.6635379],[-18.6661388,64.6634243],[-18.6660746,64.663235],[-18.6659011,64.6631608],[-18.6668167,64.6625577],[-18.6667823,64.6621812],[-18.6674606,64.6620614],[-18.6676738,64.6618259],[-18.6673721,64.6614619],[-18.6679128,64.6612037],[-18.6678975,64.6608297],[-18.6684008,64.6607039],[-18.6684749,64.6605414],[-18.66836,64.6603261],[-18.6678881,64.6602188],[-18.6683103,64.6599472],[-18.6684322,64.6596388],[-18.6683895,64.6593606],[-18.66836,64.6589693],[-18.6684042,64.6586475],[-18.6687138,64.6583572],[-18.6688908,64.6580227],[-18.6693441,64.6580065],[-18.6696555,64.6578645],[-18.6696907,64.6576696],[-18.6694177,64.6575002],[-18.6692151,64.6572717],[-18.670144,64.6566343],[-18.6704738,64.6564036],[-18.6706104,64.6561362],[-18.6705569,64.6557949],[-18.6704832,64.6553594],[-18.6706601,64.654968],[-18.6709992,64.6546398],[-18.6712603,64.6544348],[-18.6718396,64.6544379],[-18.6726506,64.6543243],[-18.6740808,64.6535984],[-18.6744199,64.652822],[-18.6743904,64.6525317],[-18.674713,64.652069],[-18.6746922,64.6516063],[-18.6749081,64.6513975],[-18.6753488,64.6515418],[-18.676086,64.6514333],[-18.676661,64.6511619],[-18.676779,64.6508399],[-18.6764989,64.6504801],[-18.6774834,64.6502533],[-18.6775036,64.6498275],[-18.6782534,64.6494385],[-18.6789022,64.6497037],[-18.6801555,64.6493375],[-18.6804356,64.6487883],[-18.6808994,64.6485886],[-18.6813632,64.648242],[-18.6814486,64.6478262],[-18.6814754,64.6476957],[-18.6819488,64.6475945],[-18.687638,64.6468539],[-18.6942803,64.6458148],[-18.6947533,64.6458324],[-18.6947945,64.6459557],[-18.6951235,64.6460173],[-18.6956711,64.6460028],[-18.69609,64.6458412],[-18.69609,64.6456739],[-18.6964602,64.6456299],[-18.6967687,64.645533],[-18.6997163,64.6452341],[-18.7003126,64.6454279],[-18.7011629,64.645445],[-18.7022663,64.645375],[-18.7031094,64.6452517],[-18.7041994,64.6449611],[-18.705668,64.6449504],[-18.7069219,64.6450867],[-18.7082712,64.6455247],[-18.7090732,64.6457537],[-18.7097929,64.6461235],[-18.7110679,64.6461676],[-18.7126308,64.6463261],[-18.7140366,64.6463751],[-18.7149341,64.6462644],[-18.7153042,64.6463085],[-18.7153454,64.6464405],[-18.7157978,64.6465638],[-18.716353,64.646467],[-18.7170111,64.6466079],[-18.7178954,64.6468632],[-18.7179776,64.6470834],[-18.7214531,64.6479727],[-18.7227898,64.6487916],[-18.7243846,64.6502007],[-18.7253786,64.6514261],[-18.7262652,64.6524322],[-18.7267364,64.6530979],[-18.7286806,64.6563581],[-18.7320356,64.6583034]]],[[[-18.4998456,64.8523399],[-18.4995367,64.8519795],[-18.498657,64.85156],[-18.4973875,64.8512218],[-18.4953705,64.8510668],[-18.4908858,64.851158],[-18.4893838,64.8511032],[-18.4883109,64.85124],[-18.4871736,64.85124],[-18.4853712,64.851012],[-18.4841052,64.8506473],[-18.4835802,64.8503427],[-18.4827534,64.849863],[-18.4821686,64.8492275],[-18.4813532,64.8486165],[-18.4796152,64.8479508],[-18.4784135,64.8471391],[-18.4773387,64.846132]]],[[[-18.4904601,64.8555902],[-18.4951808,64.8549885],[-18.4970477,64.8546055],[-18.4982922,64.8542043],[-18.4999015,64.8528731]]],[[[-18.51681,64.8571903],[-18.5127116,64.8577646],[-18.5091067,64.8579469],[-18.5066735,64.8579539],[-18.5037767,64.8580359],[-18.4997426,64.8584279],[-18.4988856,64.8584885],[-18.4972334,64.8584793],[-18.4960532,64.8586434],[-18.4946799,64.8587255],[-18.4924128,64.8586808],[-18.490267,64.8584712],[-18.4891083,64.8581977],[-18.4886234,64.8578676],[-18.4884002,64.8575595],[-18.488529,64.8567299],[-18.4893443,64.8560005],[-18.4904601,64.8555902]]],[[[-18.4787903,64.8782012],[-18.4768806,64.8781739],[-18.4752713,64.8778824],[-18.4746061,64.8773176],[-18.4747348,64.8767254],[-18.4755073,64.8763428],[-18.4770523,64.8762699],[-18.4781466,64.8764886],[-18.478726,64.8764339],[-18.4797345,64.8761333],[-18.4810005,64.8762061],[-18.482524,64.8765614],[-18.4841118,64.8773358],[-18.4850989,64.8773449],[-18.4859358,64.8771081],[-18.4864293,64.8767254],[-18.4872232,64.8758417],[-18.4913431,64.8739831],[-18.4952426,64.8718822],[-18.4966373,64.8709255],[-18.500607,64.8694219],[-18.5100055,64.8674262],[-18.5109281,64.8670161],[-18.5111452,64.8657314],[-18.5125614,64.8647653],[-18.5154796,64.8644827],[-18.5187197,64.863945],[-18.5233117,64.8635439],[-18.5272384,64.8638447],[-18.5313368,64.863945],[-18.5326672,64.8638356],[-18.5356498,64.8636624],[-18.5398555,64.8637171],[-18.5428596,64.8640453],[-18.5480309,64.8644919],[-18.550005,64.8647926],[-18.5512281,64.8648017],[-18.5518504,64.8645374],[-18.5528803,64.8637627],[-18.5529233,64.8633799],[-18.5522795,64.8621767],[-18.551271,64.8615751],[-18.5492969,64.8609644],[-18.5463358,64.8606362],[-18.5427523,64.860545],[-18.5419155,64.8603992],[-18.5404134,64.8593964],[-18.5385252,64.8586945],[-18.5370231,64.8583572],[-18.5351992,64.858421],[-18.5334397,64.8581202],[-18.5290838,64.8578649],[-18.5250712,64.8573999],[-18.5214449,64.8572267]]],[[[-18.493717,64.8973557],[-18.4937599,64.8970098],[-18.4940603,64.8966639],[-18.4951332,64.8960904],[-18.496764,64.894834],[-18.4975794,64.8945427],[-18.498545,64.8943697],[-18.4999183,64.8939509],[-18.5001114,64.8938326],[-18.4991887,64.8937688],[-18.4977939,64.8938963],[-18.4963992,64.8940966],[-18.4956911,64.8940693],[-18.4937183,64.8929518],[-18.4930316,64.8928881],[-18.4926239,64.8930611],[-18.4922377,64.8935345],[-18.4914652,64.8937166],[-18.4906069,64.8936984],[-18.4896413,64.8935163],[-18.4872595,64.8932978],[-18.4859721,64.8931157],[-18.484749,64.8922689],[-18.4835903,64.8918865],[-18.4830538,64.8914222],[-18.4824959,64.8903477],[-18.4821311,64.8897923],[-18.4824959,64.8894189],[-18.4833328,64.8891822],[-18.4882895,64.8885083],[-18.4892765,64.8881896],[-18.4895555,64.8879346],[-18.4893409,64.8863774],[-18.4898344,64.8857308],[-18.4909717,64.8850933],[-18.4911648,64.8847381],[-18.4909502,64.8844558],[-18.488268,64.8827708],[-18.4876243,64.8822698],[-18.4873883,64.8816687],[-18.4866587,64.8812588],[-18.485341,64.8810523],[-18.4837531,64.8812891],[-18.4821008,64.8812254],[-18.4813069,64.8807153],[-18.4814786,64.8798226],[-18.4825729,64.8791759],[-18.483554,64.878429],[-18.4832965,64.8780555],[-18.4814296,64.8778186],[-18.4804855,64.8778277],[-18.4787903,64.8782012]]],[[[-18.4974009,64.9077554],[-18.4938832,64.9084709],[-18.4923382,64.9091625],[-18.4911581,64.9093991],[-18.4902998,64.90939],[-18.489184,64.9091079],[-18.4885831,64.9086438],[-18.4881755,64.9075519],[-18.4875961,64.9072425],[-18.4874888,64.907015],[-18.4876176,64.9066055],[-18.4875746,64.9059321],[-18.4874513,64.9052289],[-18.4883311,64.904337],[-18.4884169,64.9032995],[-18.4880092,64.9026624],[-18.4869364,64.902271],[-18.4854343,64.9020162],[-18.4833744,64.9022164],[-18.481293,64.9021527],[-18.4801772,64.9018068],[-18.4798124,64.9010787],[-18.4800485,64.9003505],[-18.4818294,64.8995859],[-18.4836319,64.8994676],[-18.4847262,64.8996132],[-18.4859708,64.9001958],[-18.488889,64.9002231],[-18.4913781,64.8999682],[-18.4929874,64.8994494],[-18.4943607,64.8987121],[-18.4945538,64.8985118],[-18.4944251,64.8983298],[-18.4940603,64.8981204],[-18.493953,64.8977381],[-18.493717,64.8973557]]],[[[-18.7383366,64.6617398],[-18.742832,64.6626857],[-18.7459165,64.6630392],[-18.7490225,64.6632642]]],[[[-18.7490225,64.6632642],[-18.7505996,64.6630713],[-18.7520105,64.6626168],[-18.7550333,64.660709],[-18.7557817,64.6595542],[-18.7565541,64.6572948],[-18.7563825,64.6558437],[-18.7569619,64.6546312],[-18.758421,64.6536025],[-18.7615216,64.652794],[-18.7661886,64.6518938],[-18.7703886,64.6515481],[-18.7721976,64.6513791],[-18.7745248,64.6514104]]],[[[-18.7813454,64.6514371],[-18.7819354,64.6514315],[-18.7842799,64.6518031],[-18.786193,64.6523733],[-18.7876686,64.6533751],[-18.7881659,64.6537782]]],[[[-18.7881659,64.6537782],[-18.7889338,64.6567346],[-18.791734,64.6604769],[-18.7914403,64.6613416],[-18.7902641,64.6620613],[-18.7899613,64.6628239],[-18.7902332,64.6632153],[-18.7900759,64.6648923],[-18.7902696,64.665116],[-18.7910311,64.6652504],[-18.791665,64.6658823],[-18.7929065,64.6689068],[-18.7924743,64.6697463],[-18.7925313,64.6723785],[-18.7938975,64.6747431],[-18.7924563,64.6779446],[-18.7932062,64.678334],[-18.7936771,64.6789416],[-18.7935257,64.6796134],[-18.7943512,64.6818072],[-18.7954298,64.6825805],[-18.7955857,64.6833206],[-18.7950868,64.6841395],[-18.7939871,64.6849217],[-18.7935311,64.6848873],[-18.7926164,64.6846499],[-18.7922235,64.6849808],[-18.7920699,64.6853297],[-18.7916803,64.6853667]]],[[[-18.7916803,64.6853667],[-18.7899101,64.6847336],[-18.7858063,64.6850043],[-18.7811232,64.6851924],[-18.7781513,64.6852061],[-18.7761684,64.6854833]]],[[[-18.7761684,64.6854833],[-18.7757291,64.6856168],[-18.7751047,64.6860222],[-18.7746653,64.6865067],[-18.7745265,64.6867885],[-18.7747231,64.6871197],[-18.7751278,64.6873373],[-18.7756828,64.6873867],[-18.7757175,64.6875498],[-18.7751972,64.6879651],[-18.7751162,64.6882568],[-18.7745497,64.6885139],[-18.7745531,64.6886537]]],[[[-18.7745531,64.6886537],[-18.7745612,64.6889884],[-18.7750815,64.6893147],[-18.7749775,64.689641],[-18.7751162,64.6899277],[-18.7755094,64.6902638],[-18.7759488,64.6905011],[-18.7761684,64.6905159],[-18.7765269,64.690506],[-18.7766425,64.6906494],[-18.7764806,64.6908125],[-18.7767235,64.6912574],[-18.7771282,64.6914848],[-18.7779491,64.6914848],[-18.7782035,64.6916083],[-18.7782151,64.691811],[-18.7776716,64.6920334],[-18.7775907,64.6921224],[-18.7777063,64.6922509],[-18.7783423,64.6925228],[-18.7792557,64.6927403],[-18.7795217,64.6929726],[-18.779776,64.6933235],[-18.7808283,64.6941786],[-18.781233,64.6945493],[-18.7814914,64.694634],[-18.7819771,64.6953111],[-18.7824396,64.6955879],[-18.7831796,64.6958103],[-18.7834687,64.6961611],[-18.7835149,64.6963737],[-18.7839428,64.697031],[-18.7836999,64.6971051],[-18.7837231,64.6972089],[-18.7842318,64.6974807],[-18.7844515,64.6977327],[-18.7845209,64.6979847],[-18.7843128,64.6981972],[-18.7843706,64.6983109],[-18.78481,64.6984295],[-18.7853187,64.698469],[-18.7858737,64.6984592],[-18.7863363,64.6982961],[-18.78666,64.6982763],[-18.7871341,64.6983257],[-18.7875272,64.6982714],[-18.787851,64.6983356],[-18.7881979,64.69839],[-18.7884869,64.6983603],[-18.788961,64.6984592],[-18.7890766,64.6985975],[-18.7897588,64.6986519],[-18.7899554,64.6989336],[-18.7902907,64.6990868],[-18.7906954,64.6991658],[-18.7911955,64.6991276],[-18.7914845,64.699009],[-18.7925367,64.6988657],[-18.7945602,64.6982084],[-18.7953696,64.6980799],[-18.795809,64.6979168],[-18.796075,64.6977389],[-18.7964218,64.6976302],[-18.7968381,64.6975956],[-18.7977631,64.6973881],[-18.7983066,64.6973436],[-18.7988847,64.6972645],[-18.7995669,64.6972892],[-18.800041,64.6975462],[-18.8005498,64.6976253],[-18.8007232,64.6977637],[-18.8015211,64.6978378],[-18.8016829,64.697991],[-18.8027005,64.6982727],[-18.8032208,64.6983073],[-18.8037758,64.6980206],[-18.8038914,64.6978921],[-18.8040764,64.6978477],[-18.804273,64.6978872],[-18.8047008,64.6982282],[-18.8056721,64.6984456],[-18.8072215,64.698668],[-18.8078112,64.698668],[-18.8084703,64.6985395],[-18.8088172,64.6983666],[-18.8090831,64.6981046],[-18.8090485,64.6979712],[-18.8085859,64.6978724],[-18.8084241,64.6975363],[-18.8082159,64.697398],[-18.8078459,64.6973535],[-18.8076147,64.6968494],[-18.8070943,64.6965924],[-18.8069903,64.6964837],[-18.807025,64.6963502],[-18.8074875,64.6962415],[-18.8075568,64.6961871],[-18.8074875,64.696113],[-18.8075453,64.695945],[-18.8075222,64.6958165],[-18.8068862,64.6954063],[-18.8067243,64.6952531],[-18.8068631,64.6951789],[-18.8070828,64.6951641],[-18.8073256,64.6950751],[-18.8074412,64.6947638]]],[[[-18.8074412,64.6947638],[-18.8076609,64.6939186],[-18.8080656,64.6937753],[-18.8083431,64.6937852],[-18.8085859,64.693711],[-18.808875,64.6933601],[-18.8090716,64.6931772],[-18.8095341,64.6929597],[-18.8096382,64.6926978],[-18.8098925,64.6925297],[-18.8101816,64.6924654],[-18.8103897,64.6922134],[-18.8104244,64.6918278],[-18.8107829,64.6913879],[-18.8107944,64.6910765],[-18.8109216,64.6907651],[-18.811176,64.6904882],[-18.8112685,64.690251],[-18.8121473,64.6896232],[-18.8125057,64.6894551],[-18.8135052,64.6891526],[-18.8136343,64.6889491],[-18.8140107,64.6888776],[-18.8141083,64.6886392],[-18.815168,64.6884186],[-18.8160185,64.6883292],[-18.8167992,64.6881623],[-18.8169944,64.6880252],[-18.8171896,64.6880013],[-18.8177334,64.6881027],[-18.8183747,64.6881205],[-18.8186675,64.6880013],[-18.8192252,64.6881503],[-18.819532,64.6884663],[-18.8195459,64.6885557],[-18.8196575,64.6886511],[-18.8199224,64.6887107],[-18.8202291,64.6887107],[-18.8204243,64.6887941],[-18.8204661,64.6890564],[-18.8206056,64.689122],[-18.8210796,64.6891697],[-18.8215397,64.689271],[-18.8222089,64.6892591],[-18.8225296,64.6893425],[-18.822683,64.6894618],[-18.8230734,64.6895631],[-18.823157,64.6897121],[-18.8234498,64.6898313],[-18.8242724,64.6898313],[-18.8243561,64.6899326],[-18.8246071,64.6900876],[-18.825346,64.6901592],[-18.8257364,64.690034],[-18.8262383,64.6900519],[-18.8267821,64.6901711],[-18.827047,64.6901413],[-18.8276884,64.6902068],[-18.8280369,64.690189],[-18.8281066,64.6900697],[-18.8284691,64.6899446],[-18.8285389,64.6898313],[-18.8284691,64.6897061],[-18.8283018,64.6896704],[-18.8281624,64.6895333],[-18.8281903,64.6894021],[-18.8284134,64.6893425],[-18.8286365,64.6891935],[-18.8288874,64.6891935],[-18.8288595,64.6893545],[-18.8291802,64.6894916],[-18.8293894,64.6894916],[-18.8295985,64.6896287],[-18.8297519,64.6896465],[-18.8299192,64.6895631],[-18.8300725,64.6896525],[-18.8302538,64.6896525],[-18.8310346,64.6894558],[-18.8318154,64.6891518],[-18.8320942,64.689116],[-18.8322615,64.6888716],[-18.8324567,64.6888359],[-18.8328053,64.6886749],[-18.8327913,64.6885736],[-18.8331678,64.6884365],[-18.8334327,64.68821],[-18.8334327,64.6881027],[-18.8336558,64.6879894],[-18.8339067,64.6879715],[-18.8346317,64.6879179],[-18.8348548,64.6880729],[-18.8348269,64.6882159],[-18.8351197,64.6883232],[-18.835538,64.6883411],[-18.8357332,64.6884603],[-18.8361236,64.6884901],[-18.8364164,64.6885497],[-18.8371135,64.6884424],[-18.8373924,64.6884544],[-18.8376852,64.6883888],[-18.838201,64.6884722],[-18.8387309,64.688508],[-18.8390934,64.6885199],[-18.839414,64.6886093],[-18.8403203,64.6889074],[-18.840892,64.6888716],[-18.8411708,64.6889849],[-18.8417982,64.6889491],[-18.8424675,64.6888239],[-18.84283,64.6886392],[-18.8427463,64.68821],[-18.8428997,64.6881086],[-18.8433458,64.6879894],[-18.8435131,64.6878344],[-18.8441406,64.6876556],[-18.8444055,64.6874946],[-18.8444473,64.6873456],[-18.8446146,64.6871787],[-18.8445728,64.686982],[-18.8442242,64.6867375],[-18.8441963,64.6866064],[-18.8440569,64.6863381],[-18.8439593,64.6862487],[-18.8440709,64.6860222],[-18.8445728,64.6858552],[-18.8447819,64.6856347],[-18.8449213,64.6854499],[-18.8454093,64.6852889],[-18.8455672,64.6850045],[-18.8459964,64.6849494],[-18.8461895,64.6850228],[-18.8461466,64.6853348],[-18.8463182,64.685555],[-18.8465757,64.6854999],[-18.8464685,64.6851696],[-18.8465972,64.6849586],[-18.8469191,64.6849311],[-18.8475413,64.6850962],[-18.8481851,64.6851146],[-18.8485498,64.6853348],[-18.8502665,64.6853898],[-18.8505883,64.6855641],[-18.8502021,64.6857935],[-18.8501377,64.6860045],[-18.8494082,64.6862247],[-18.8492365,64.6865459],[-18.8486786,64.6869312],[-18.8480563,64.6869037],[-18.8468547,64.6871972],[-18.8465757,64.687445],[-18.8467689,64.6877844],[-18.8480778,64.6877936],[-18.8485713,64.6878761],[-18.8491292,64.6878303],[-18.8502879,64.6873716],[-18.8524766,64.6868027],[-18.8529701,64.6865183],[-18.8531203,64.6860779],[-18.8523908,64.6855366],[-18.852262,64.6851237],[-18.8526483,64.6843347],[-18.8544507,64.6840044],[-18.8564463,64.6840502],[-18.8575192,64.6846375],[-18.857326,64.6849127],[-18.8577552,64.6851329],[-18.8577337,64.6854632],[-18.8579698,64.6856467],[-18.8583989,64.6857385],[-18.8587637,64.6856284],[-18.8587637,64.6854357],[-18.858592,64.6852614],[-18.8589997,64.6851604],[-18.8593001,64.6849127],[-18.8597508,64.6850136],[-18.8599439,64.6849861],[-18.8602014,64.6848668],[-18.8614888,64.684821],[-18.8620896,64.6850228],[-18.8623042,64.6851971],[-18.8631411,64.6852614],[-18.8634844,64.6851329],[-18.8635488,64.6850045],[-18.8638492,64.6849127],[-18.8649435,64.685087],[-18.8651795,64.6852063],[-18.8655872,64.6851421],[-18.8671966,64.6853072],[-18.868012,64.6852614],[-18.8689776,64.6848944],[-18.8694711,64.6845457],[-18.8695998,64.6841236],[-18.8702865,64.6839034],[-18.8713164,64.6838392],[-18.8729043,64.6840686],[-18.873548,64.6840502],[-18.874814,64.6836832]]],[[[-18.874814,64.6836832],[-18.875329,64.6832795],[-18.8754149,64.6829583],[-18.8751788,64.6828115],[-18.8754792,64.6825638],[-18.8754363,64.6822059],[-18.8757153,64.6818939],[-18.8762088,64.6814993],[-18.8767667,64.6812974],[-18.8770886,64.6814443],[-18.8776035,64.6811506],[-18.8773675,64.6809487],[-18.8777537,64.6807101],[-18.8781185,64.6806826],[-18.8785477,64.6805083],[-18.8785262,64.6803339],[-18.8783116,64.6802054],[-18.8783331,64.67982],[-18.8787837,64.6791776],[-18.8790627,64.6789573],[-18.8791914,64.6785627],[-18.8802643,64.6781222],[-18.880672,64.6777826],[-18.8810368,64.677076],[-18.8808866,64.6764335],[-18.8807149,64.6761673],[-18.8807578,64.6755432],[-18.8813157,64.6751761],[-18.8818522,64.6742857],[-18.8820667,64.6739737],[-18.8820667,64.6735973],[-18.8825603,64.6734137],[-18.8828821,64.6729731],[-18.8833756,64.6725784],[-18.8838692,64.6724591],[-18.8839765,64.6722571],[-18.8842125,64.6720919],[-18.884191,64.6719083],[-18.8843198,64.6718073],[-18.884234,64.6717431],[-18.8840838,64.6716972],[-18.8841052,64.6714952],[-18.8838692,64.6713208],[-18.8832469,64.6713392],[-18.882925,64.6712107],[-18.8827748,64.6710362],[-18.8832469,64.6706966],[-18.8832898,64.6704579],[-18.8838906,64.6705038],[-18.8845558,64.6704028],[-18.8847704,64.6702192],[-18.8846202,64.6694756],[-18.8850493,64.6691727],[-18.8851352,64.6689707],[-18.8847489,64.6686126],[-18.8847489,64.6684657],[-18.8850064,64.6683464],[-18.8852639,64.6676762],[-18.8848133,64.6672355],[-18.8846448,64.6669335],[-18.8846878,64.6666214],[-18.8844303,64.6662449],[-18.8834861,64.6659878],[-18.8825205,64.6656573],[-18.8820914,64.6655104],[-18.8815764,64.6650329],[-18.8815549,64.6649136],[-18.8819626,64.6647207],[-18.8817266,64.6645004],[-18.8801816,64.6640596],[-18.8798383,64.6638393],[-18.8793019,64.6637015],[-18.8788513,64.6634077],[-18.8787869,64.663224],[-18.8783792,64.6629577],[-18.8783792,64.6626547],[-18.8782075,64.6625262],[-18.8781861,64.66237],[-18.8778642,64.6622231],[-18.8779286,64.6620578],[-18.8777569,64.6618558],[-18.8780144,64.6616538],[-18.87795,64.661516],[-18.8776067,64.6613048],[-18.8774136,64.6608916],[-18.87795,64.6602763],[-18.8782205,64.6601721],[-18.8789373,64.660201],[-18.8791807,64.6602531],[-18.8799854,64.6600997],[-18.8805196,64.6599116],[-18.8807839,64.6599022],[-18.8810628,64.6597552],[-18.8814705,64.6597001],[-18.8821786,64.6597644],[-18.8829726,64.6600215],[-18.8840884,64.6604991],[-18.8846033,64.6606552],[-18.8852256,64.6607103],[-18.8853758,64.6606736],[-18.8862985,64.6607287],[-18.8866847,64.660646],[-18.886792,64.6602879],[-18.8873499,64.6600583],[-18.8875216,64.6598195],[-18.8877791,64.6597552],[-18.8880366,64.6597828],[-18.8882941,64.6598838],[-18.888809,64.6599113],[-18.8891953,64.6598654],[-18.8893026,64.6597369],[-18.8902682,64.6596083],[-18.8905257,64.6594797],[-18.8915985,64.6591491],[-18.8921135,64.6592317],[-18.8927143,64.6592317],[-18.8931435,64.6591491],[-18.8936585,64.6590848],[-18.8941091,64.6589746],[-18.8944739,64.6587817],[-18.8953536,64.6586899],[-18.8959544,64.6585613],[-18.8966196,64.6582858],[-18.8970702,64.6578817],[-18.8971775,64.657551],[-18.8973063,64.6573765],[-18.8982719,64.6567795],[-18.8990658,64.6564581],[-18.8993448,64.6565315],[-18.8994521,64.6564764],[-18.8993448,64.6563846],[-18.899495,64.656109],[-18.8999456,64.6558335],[-18.9001602,64.6555028],[-18.9008253,64.6551354],[-18.9007395,64.6549793],[-18.9012974,64.6547037],[-18.9015978,64.6543638],[-18.9019841,64.6543179],[-18.9024776,64.6540699],[-18.9028934,64.6539117],[-18.9039152,64.6535837],[-18.9043027,64.653535],[-18.9045942,64.6533548],[-18.9049505,64.6533132],[-18.9060679,64.6530151],[-18.9063594,64.6528348],[-18.9066493,64.6522074],[-18.9074218,64.6520145],[-18.9077222,64.6514817],[-18.9079153,64.6513347],[-18.9077436,64.6509672],[-18.9078509,64.6508019],[-18.9087951,64.6505538],[-18.908838,64.6504068],[-18.9092028,64.6502874],[-18.9088809,64.6498281],[-18.9088594,64.6495616],[-18.9090096,64.6494238],[-18.9092671,64.6493044],[-18.9095032,64.6490012],[-18.9098679,64.6488818],[-18.9100181,64.6487164],[-18.910025,64.6486785],[-18.9100611,64.6484775],[-18.9117421,64.6477701],[-18.9123334,64.6477948],[-18.9128787,64.6476323],[-18.9129143,64.6473582],[-18.9131988,64.6472516],[-18.9134652,64.6469082],[-18.9143721,64.6465697],[-18.9145977,64.6466425],[-18.9149178,64.6466678],[-18.9152616,64.6465968],[-18.9153327,64.6465206],[-18.9155461,64.6465206],[-18.9157595,64.6463886],[-18.9157653,64.6462491],[-18.9162393,64.6461199],[-18.9167597,64.6460795],[-18.9174748,64.6458943],[-18.9180562,64.6458009],[-18.9185286,64.6457698],[-18.9193907,64.6456712],[-18.9201094,64.6456686],[-18.9205091,64.6457387],[-18.9209088,64.6457776],[-18.9213812,64.6457776],[-18.9219808,64.6456998],[-18.9224806,64.6458366],[-18.9238753,64.6458458],[-18.9243591,64.6458672],[-18.9259567,64.6459377],[-18.9299908,64.6464982],[-18.9312997,64.6472424],[-18.9317288,64.6473527],[-18.9327588,64.6473802],[-18.9339604,64.6478212],[-18.9344111,64.6478672],[-18.9348402,64.6478212],[-18.9362564,64.6481152],[-18.9381232,64.6483449],[-18.9391532,64.6486297],[-18.9396467,64.6490983],[-18.9413633,64.6503753],[-18.9423289,64.6507244],[-18.9423718,64.6511562],[-18.9426937,64.6513675],[-18.9435091,64.6513307],[-18.9448395,64.6515971],[-18.9457622,64.6516523],[-18.9468994,64.6515512],[-18.9471569,64.6513583],[-18.9470925,64.6506234],[-18.9476719,64.6503661],[-18.9483371,64.6504672],[-18.9488521,64.6508071],[-18.9489164,64.6511286],[-18.9495173,64.6516339],[-18.9501824,64.6519279],[-18.950676,64.6519462],[-18.9511695,64.6518452],[-18.9519634,64.651441],[-18.953208,64.6511378],[-18.954195,64.6506693],[-18.9547315,64.6506325],[-18.9550962,64.6509449],[-18.955976,64.6513399],[-18.9563837,64.6513583],[-18.9569416,64.6513032],[-18.9571562,64.6510919],[-18.9570918,64.6508347],[-18.9576068,64.6506325],[-18.9583793,64.6506601],[-18.9593878,64.6503569],[-18.9601817,64.6499895],[-18.9608684,64.64987],[-18.9615979,64.6498884],[-18.9624562,64.6502834],[-18.9632287,64.6505131],[-18.9632716,64.6507703],[-18.9635291,64.6509633],[-18.9639583,64.6510827],[-18.9649024,64.6510919],[-18.965353,64.6511837],[-18.9657178,64.6514318],[-18.9661684,64.651588],[-18.9664474,64.6518911],[-18.9665546,64.6523321],[-18.9668121,64.6525433],[-18.9678206,64.6528924],[-18.968164,64.6531221],[-18.968679,64.6537559],[-18.9687219,64.654353],[-18.9685644,64.6551776],[-18.9681138,64.655444],[-18.9680709,64.6557196],[-18.9683498,64.6566656],[-18.9686717,64.6568677],[-18.969015,64.6568585],[-18.9692725,64.6564268],[-18.9699806,64.6561145],[-18.970517,64.6561512],[-18.9709247,64.6562798],[-18.9712466,64.6566472],[-18.9716328,64.6567666],[-18.9723195,64.6566472],[-18.9732851,64.6567207],[-18.9739074,64.6570514],[-18.9745296,64.6579239],[-18.9744009,64.6587321],[-18.9747657,64.6596597],[-18.975345,64.6602199],[-18.9754952,64.6606423],[-18.9757956,64.660826],[-18.9762892,64.6608444],[-18.9770616,64.6606699],[-18.9806236,64.6587413],[-18.9815892,64.6584107],[-18.9822115,64.6583923],[-18.9830483,64.6586586],[-18.9835848,64.6590444],[-18.9840354,64.6598617],[-18.9848722,64.6602382],[-18.985237,64.6606239],[-18.9851297,64.6610464],[-18.9853443,64.6613402],[-18.9860953,64.6617535],[-18.9864869,64.6622372],[-18.9878924,64.6636559],[-18.9891155,64.6641426],[-18.9905102,64.664868],[-18.9915617,64.6657862],[-18.9916046,64.6665207],[-18.9928491,64.6681274],[-18.9927633,64.6693301],[-18.9930208,64.6695963],[-18.993922,64.669633],[-18.9943297,64.6700094],[-18.9942653,64.6703399],[-18.9932783,64.6709182],[-18.9932139,64.6711845],[-18.9935358,64.6714599],[-18.9946516,64.6719188],[-18.9950164,64.6719831],[-18.9953382,64.6718087],[-18.9958747,64.6717811],[-18.9966042,64.6718913],[-18.9974411,64.6719005],[-18.9979346,64.6722126],[-18.9981277,64.6727175],[-18.997484,64.6731672],[-18.9975698,64.6734059],[-18.9979775,64.6735895],[-18.9989217,64.6737639],[-18.9992864,64.6739842],[-18.9999087,64.6749021],[-19.0008099,64.6752784],[-19.0012605,64.6760218],[-19.0031488,64.6768387],[-19.0042873,64.6770544],[-19.0045006,64.6770957],[-19.0049083,64.6774261]]],[[[-19.0049083,64.6774261],[-19.0051444,64.6781694],[-19.0057452,64.6783805],[-19.0067322,64.6783346],[-19.0075476,64.6786558],[-19.0080841,64.6793533],[-19.008127,64.6800691],[-19.0074618,64.6809501],[-19.0064962,64.6815007],[-19.0063246,64.6821522],[-19.0066035,64.6825559],[-19.0072258,64.6826293],[-19.007891,64.6832625],[-19.0074618,64.6837763],[-19.0073116,64.6845379],[-19.0077837,64.6849691],[-19.0074189,64.6855471],[-19.0063246,64.6859508],[-19.0051981,64.6868475],[-19.0027638,64.6883229],[-19.0009613,64.6892587],[-19.0000816,64.6902586],[-18.9981718,64.6914511],[-18.9966912,64.6921299],[-18.9959402,64.6928087],[-18.9939876,64.6938635],[-18.9946478,64.6947637],[-18.9944976,64.6956533],[-18.9929097,64.6965063],[-18.9906566,64.6968823],[-18.9898413,64.697295],[-18.9890044,64.6981846],[-18.9866655,64.6991842],[-18.9863007,64.6996702]]],[[[-18.9863007,64.6996702],[-18.9865368,64.6998628],[-18.9873951,64.6998903],[-18.9908498,64.6991475],[-18.9918797,64.6987256],[-18.9927166,64.6981204],[-18.9938538,64.6978361],[-18.9943903,64.6979095],[-18.9943688,64.698799],[-18.9951628,64.6997711],[-18.9966004,64.7001929],[-19.0004628,64.7007889],[-19.0012138,64.7014125],[-19.0021794,64.7016784],[-19.0032952,64.7017518],[-19.0062735,64.7028825],[-19.0067885,64.703396],[-19.0066516,64.7040482],[-19.0053735,64.70454],[-19.0058473,64.7051522],[-19.0067609,64.7054749],[-19.0081304,64.7053555],[-19.008784,64.7046154],[-19.0092775,64.7031851],[-19.0104363,64.7025616],[-19.0113375,64.7012045],[-19.0119597,64.7006177],[-19.0118525,64.6998382],[-19.0109655,64.6987846],[-19.0109857,64.6982228],[-19.0117367,64.697746],[-19.0127667,64.6979019],[-19.0158137,64.6966729],[-19.0163286,64.6960218],[-19.0195902,64.6958934],[-19.0202125,64.6954898],[-19.0209206,64.6932335],[-19.0220578,64.6925548]]],[[[-19.0220578,64.6925548],[-19.0240963,64.6922979],[-19.0253194,64.6930684],[-19.0261992,64.6928758],[-19.0269073,64.6929492],[-19.0293964,64.6947102],[-19.0322288,64.694646],[-19.0361126,64.6933711],[-19.0383871,64.6936004],[-19.0391811,64.693527],[-19.0404041,64.6931785],[-19.0418847,64.6930684],[-19.0443738,64.6935545],[-19.0468629,64.6946919],[-19.0482147,64.6947377],[-19.0504463,64.6961318],[-19.0520342,64.696086],[-19.0532573,64.6962419],[-19.0540941,64.6961227]]],[[[-19.0540941,64.6961227],[-19.0550168,64.6963153],[-19.0568836,64.6969939],[-19.0567549,64.6972507],[-19.0571626,64.697425],[-19.0577634,64.69737],[-19.058965,64.6977093],[-19.0586646,64.6980119],[-19.0588363,64.6981311],[-19.0604027,64.6980669],[-19.0612181,64.6985622],[-19.0613897,64.6988648],[-19.0625055,64.6989657],[-19.0636857,64.6995342],[-19.0631278,64.7002953],[-19.0648873,64.7003687],[-19.0656384,64.7001761],[-19.0666683,64.7004879],[-19.0681489,64.7005796],[-19.0690287,64.7012765],[-19.0706567,64.7013465],[-19.0721158,64.7010805],[-19.0743259,64.7010072],[-19.0751842,64.7015483],[-19.0781884,64.7022085],[-19.0795616,64.7023459],[-19.0809564,64.7030245],[-19.0847973,64.7035197],[-19.0869974,64.7043125],[-19.0868043,64.7044592],[-19.0853022,64.7046701],[-19.0834998,64.7048901],[-19.0815257,64.7052476],[-19.0811609,64.7054952],[-19.0811395,64.7061736],[-19.0804314,64.7065954],[-19.0788006,64.7071546],[-19.0785431,64.7073838],[-19.0787791,64.7075671],[-19.078697,64.7079652],[-19.0777995,64.7083266],[-19.0769197,64.7082899],[-19.0763833,64.7080699],[-19.0720274,64.707694],[-19.0710403,64.7078407],[-19.0701606,64.7081524],[-19.0700104,64.7084457],[-19.0702464,64.7088766],[-19.0698387,64.7092616],[-19.0691735,64.7096649],[-19.0690877,64.7099674],[-19.0695169,64.7102058],[-19.0708043,64.7102424],[-19.0719201,64.7105174],[-19.0726282,64.7108016],[-19.0736367,64.7110216],[-19.0740659,64.7114799],[-19.0740015,64.7117641],[-19.0732934,64.7122132],[-19.0730574,64.7126807],[-19.0734651,64.7134322],[-19.074023,64.7136614],[-19.0749703,64.7140024],[-19.0766977,64.7150651],[-19.0772556,64.7157891],[-19.0771912,64.7167423],[-19.0773844,64.7169897],[-19.0787576,64.7177778],[-19.0802811,64.7185384],[-19.0805172,64.7189233],[-19.0804313,64.7191341],[-19.0805815,64.7193723],[-19.0814828,64.719803],[-19.0822563,64.7204108]]],[[[-19.0829848,64.7212599],[-19.0842293,64.7220663],[-19.084637,64.7225427],[-19.0848945,64.7231108],[-19.0855168,64.7238529],[-19.0881387,64.7253655],[-19.0896408,64.7267397],[-19.0904132,64.7279214],[-19.0906064,64.7284894],[-19.0912286,64.7289016],[-19.091529,64.729726],[-19.0913359,64.7304497],[-19.090778,64.7308893],[-19.0907995,64.7311183],[-19.0911857,64.7312191]]],[[[-19.0911857,64.7312191],[-19.0922371,64.7310908],[-19.0928809,64.7311275],[-19.0933744,64.7312374],[-19.0939108,64.7315671],[-19.0945546,64.7316679],[-19.0960566,64.7314939],[-19.096636,64.7314939],[-19.0975372,64.7313656],[-19.0982024,64.7309993],[-19.0984813,64.730642],[-19.0985457,64.7301108],[-19.0982667,64.7299092],[-19.0982667,64.7295428],[-19.0987603,64.7291489],[-19.0998975,64.7288833],[-19.1012494,64.7288192],[-19.1020648,64.7289474],[-19.1024295,64.7292589],[-19.102687,64.7293596],[-19.1031591,64.7293596],[-19.1039101,64.7292497],[-19.1043393,64.7293138],[-19.1047041,64.729552],[-19.1075365,64.7296894],[-19.109296,64.7295886],[-19.1121074,64.7298764],[-19.1159498,64.7294619],[-19.1174418,64.7291814],[-19.1200068,64.7283146],[-19.1245095,64.7282879],[-19.1290585,64.7276283]]],[[[-19.1372339,64.7271611],[-19.1378454,64.7262452],[-19.1382685,64.7266065],[-19.1389125,64.72685],[-19.1399979,64.72707],[-19.1407706,64.7271171],[-19.1410281,64.7272428],[-19.1415985,64.7278554],[-19.1417824,64.728578],[-19.1413041,64.7299288],[-19.1414329,64.7305571],[-19.1419664,64.7311775],[-19.1418928,64.7315387],[-19.1415065,64.731735],[-19.1415249,64.7319392],[-19.1419296,64.7322848],[-19.1421504,64.7344835],[-19.1427391,64.7349782],[-19.1437877,64.7354964],[-19.1443213,64.7362109],[-19.1443029,64.7365485],[-19.1440637,64.7368233],[-19.1441557,64.737106],[-19.1444684,64.7373651],[-19.144726,64.7380481],[-19.1444868,64.7385114],[-19.1446524,64.7391159],[-19.14491,64.7405368],[-19.1450755,64.7422874],[-19.146253,64.7438103],[-19.1473936,64.7446737],[-19.1506683,64.7460159],[-19.1511467,64.7465104],[-19.1518458,64.7469028],[-19.1525265,64.7475307],[-19.1536671,64.7482214],[-19.1546973,64.7486138],[-19.1591311,64.7499715],[-19.1594806,64.7506463],[-19.1609524,64.7518548],[-19.1612836,64.7519098],[-19.1620746,64.7518941],[-19.1626818,64.7520275],[-19.164779,64.753283],[-19.1661037,64.7533222],[-19.1676616,64.753228],[-19.1685592,64.7530225],[-19.1693317,64.7529859],[-19.1708552,64.7532147],[-19.1713273,64.753416],[-19.1723787,64.7535716],[-19.1732585,64.7540841],[-19.1737305,64.7549626],[-19.1733872,64.7562896],[-19.172722,64.7573602],[-19.1730224,64.7575707],[-19.1729795,64.7576622],[-19.1726147,64.7577354],[-19.1723787,64.7582844],[-19.1725075,64.7594648],[-19.1724455,64.7595189],[-19.1720568,64.7598583],[-19.170705,64.7603798],[-19.1693746,64.7605353],[-19.1683018,64.7605719],[-19.1676366,64.7606817],[-19.1668426,64.7610111],[-19.1667783,64.7611758],[-19.1670358,64.7613771],[-19.1670143,64.7615601],[-19.1666281,64.7617888],[-19.1653835,64.7621731],[-19.1655981,64.7624384],[-19.1652548,64.7626397],[-19.165126,64.7628318],[-19.1648685,64.7628958],[-19.1645681,64.7628775],[-19.164177,64.7630136],[-19.1635167,64.7632435],[-19.1629159,64.7633624],[-19.1623365,64.7635911],[-19.1616284,64.7637375],[-19.1611134,64.7638015],[-19.1607487,64.7637649],[-19.1604912,64.7636277],[-19.1601693,64.763646],[-19.1599118,64.7638564],[-19.1582381,64.7642773],[-19.1580879,64.7644053],[-19.1563284,64.7648536],[-19.1540753,64.7650091],[-19.1516506,64.7650914],[-19.1498052,64.7649085],[-19.1480886,64.7646249],[-19.1475951,64.7645243],[-19.1471016,64.7643413],[-19.1457927,64.7639571],[-19.1453206,64.7637467],[-19.1442477,64.7635179],[-19.1426169,64.7626763],[-19.1422307,64.7625756],[-19.1419517,64.7625482],[-19.141544,64.7624567],[-19.1408574,64.7625756],[-19.1400635,64.7625482],[-19.1362225,64.7619352],[-19.1347634,64.7613954],[-19.1328751,64.7611941],[-19.12912,64.7614228],[-19.1267812,64.7615235],[-19.1256439,64.761496]]],[[[-19.1256439,64.761496],[-19.1219317,64.7609928],[-19.1215669,64.7610203],[-19.1212451,64.7611483],[-19.1206228,64.7611575],[-19.1197001,64.7609013],[-19.1189277,64.7607549],[-19.1178333,64.7604621],[-19.1174042,64.7604072],[-19.1160738,64.7601693],[-19.1150009,64.75984],[-19.1133701,64.7596478],[-19.1120612,64.7593733],[-19.1102373,64.7588884],[-19.1095506,64.7588518],[-19.1087353,64.7588884],[-19.1082846,64.7591537],[-19.1074907,64.7593459],[-19.1066324,64.7593276],[-19.1043364,64.758989],[-19.1019117,64.7590439],[-19.1013967,64.759172],[-19.1010105,64.7594282],[-19.0996372,64.759538],[-19.0989935,64.7598034],[-19.0972554,64.7599589]]],[[[-19.0972554,64.7599589],[-19.0969765,64.760087],[-19.0970194,64.7602517],[-19.0975129,64.7604804],[-19.0976631,64.7607183],[-19.0973627,64.7616424],[-19.0974056,64.7618894],[-19.0979635,64.7627677],[-19.098736,64.7631154],[-19.0988218,64.7632892],[-19.0997016,64.7633807],[-19.1001736,64.7635545],[-19.1003919,64.764002],[-19.1015595,64.764195],[-19.1019111,64.7643918],[-19.1025415,64.7654049],[-19.103423,64.7659384],[-19.1044351,64.7658906],[-19.1061232,64.7648969],[-19.1075312,64.7649941],[-19.1108271,64.7664591],[-19.1149786,64.7687503],[-19.1157689,64.7699327]]],[[[-19.1157689,64.7699327],[-19.1158958,64.7701231],[-19.1170739,64.7708361],[-19.1172178,64.7726645],[-19.1159322,64.773284],[-19.1161169,64.7745716],[-19.1142308,64.7749315],[-19.1123789,64.7756983],[-19.1089775,64.7755136],[-19.1084641,64.7752288],[-19.1075425,64.773421],[-19.106382,64.7732289],[-19.1052907,64.7734305],[-19.1045298,64.7739589],[-19.1043445,64.7748601],[-19.105365,64.7762363],[-19.1069712,64.777375],[-19.1066996,64.7777713],[-19.1056297,64.7779412],[-19.1040427,64.7774746],[-19.1036191,64.7775037],[-19.1035462,64.7779776],[-19.1038585,64.7791087],[-19.1036615,64.7796935],[-19.1040264,64.7800514]]],[[[-19.1040264,64.7800514],[-19.1054421,64.7802885],[-19.1065836,64.7803037],[-19.1086889,64.7800632],[-19.1093795,64.7803434],[-19.1109564,64.7803464],[-19.1123495,64.7808016],[-19.1144119,64.7810792],[-19.1156724,64.7814545],[-19.1189333,64.782035],[-19.1243074,64.7824543],[-19.1283574,64.7826011],[-19.1287364,64.7829128],[-19.129953,64.7830208],[-19.130334,64.7833318],[-19.130493,64.7836884],[-19.1306235,64.783981],[-19.1290029,64.7861843],[-19.1289251,64.7867767],[-19.1292513,64.7871092],[-19.1299777,64.7872158],[-19.1322051,64.7871646],[-19.1327169,64.7872015],[-19.1329783,64.787324],[-19.1329224,64.7874594],[-19.1320522,64.787719],[-19.1299729,64.7882221],[-19.1302779,64.7882693],[-19.131619,64.788059],[-19.1331182,64.7879691],[-19.1340416,64.7881097],[-19.1353558,64.7885052],[-19.13825,64.7887913],[-19.1389941,64.7890092],[-19.1404979,64.7903302],[-19.1417246,64.7915561],[-19.1421796,64.792489],[-19.1422156,64.7928562],[-19.1422878,64.7935922],[-19.1416996,64.795248],[-19.1410223,64.7963636],[-19.1404584,64.7968732],[-19.140152,64.7977688],[-19.1396366,64.7982004],[-19.137907,64.7991064],[-19.136588,64.8000655],[-19.1348211,64.8009161],[-19.1297863,64.8020047],[-19.1254787,64.8026285],[-19.119889,64.8039205],[-19.1159693,64.8043876],[-19.113114,64.8045488],[-19.1119358,64.8047859],[-19.1109781,64.80531]]],[[[-19.12239,64.8202249],[-19.1228165,64.820374],[-19.1257236,64.8206095],[-19.1273953,64.8209198],[-19.1287964,64.8212654],[-19.1300396,64.8213632],[-19.1310884,64.8213148],[-19.1324684,64.8213931],[-19.1356725,64.8218061],[-19.1399855,64.8225719],[-19.1402784,64.8227646],[-19.1403064,64.8229927],[-19.1408883,64.8232695],[-19.142049,64.8235343],[-19.1434108,64.8240676],[-19.1448854,64.824044],[-19.1455174,64.8241744],[-19.1459956,64.8244063],[-19.1475093,64.8245701],[-19.1479536,64.8246458],[-19.1482283,64.8248073],[-19.1492793,64.8248871],[-19.1498787,64.8250118],[-19.1502754,64.825175],[-19.1523451,64.8255192],[-19.153039,64.8257673],[-19.1542325,64.8258736],[-19.1558256,64.8259051],[-19.1565605,64.826047],[-19.1569821,64.8262939],[-19.1572358,64.8266736],[-19.1572151,64.8269592],[-19.1569782,64.8271236],[-19.1573744,64.8271899],[-19.1575448,64.8274331],[-19.157468,64.827777],[-19.1562239,64.8282596],[-19.1556882,64.8288396],[-19.1564167,64.8294753],[-19.1571697,64.8303308],[-19.1572839,64.8317441],[-19.1570539,64.8341931],[-19.1566464,64.8353413],[-19.1551285,64.8363359],[-19.1547683,64.8367553],[-19.1540339,64.8370518],[-19.1518007,64.8371687],[-19.1493384,64.8368767],[-19.1470036,64.8364453],[-19.1457838,64.8360022],[-19.1451571,64.8353636],[-19.1441375,64.8350109],[-19.1399153,64.8341853],[-19.1352478,64.8337503],[-19.1292723,64.8334143],[-19.1235682,64.8333544],[-19.122886,64.8333919],[-19.122051,64.8335467],[-19.1218367,64.8337171],[-19.1218507,64.8340193],[-19.1217855,64.8341387],[-19.1215588,64.8342722],[-19.1208809,64.8345187],[-19.1187572,64.834751],[-19.1164365,64.8348442],[-19.1142328,64.8346937],[-19.1134374,64.8345551],[-19.1123551,64.8345354],[-19.111481,64.8348777],[-19.1109448,64.8354898],[-19.111006,64.8358531],[-19.1102606,64.8370185],[-19.109199,64.8380877],[-19.1083203,64.8385396],[-19.1088174,64.8387887],[-19.1104249,64.8388768],[-19.1120957,64.8387307],[-19.1130924,64.8384677],[-19.1146279,64.8383933],[-19.1155571,64.8385923],[-19.1217984,64.8384659],[-19.1229052,64.838701],[-19.123072,64.8390671],[-19.1240047,64.8390494],[-19.1272287,64.8387231],[-19.1284698,64.838663],[-19.130387,64.8386719],[-19.1326855,64.8385979],[-19.1350632,64.8387779],[-19.1416908,64.8396335],[-19.1443809,64.8397142],[-19.1458286,64.8399659],[-19.1470902,64.8400732],[-19.1479087,64.840162],[-19.1492793,64.8404792],[-19.1498464,64.8406716],[-19.1515071,64.8408772],[-19.1526235,64.8411495],[-19.1530574,64.8414502],[-19.1535644,64.8415626],[-19.1541059,64.8416093],[-19.1545566,64.8417732],[-19.1551457,64.8427112],[-19.1552253,64.843603],[-19.1545688,64.8448309],[-19.1547846,64.8456331],[-19.1544791,64.8472502],[-19.1540957,64.8480215],[-19.1540769,64.8485595],[-19.1543959,64.8489814],[-19.1545567,64.849494],[-19.1541561,64.8507415],[-19.1537558,64.8512226],[-19.1538588,64.8518599],[-19.1542225,64.8520264],[-19.154263,64.8524209],[-19.1540076,64.8525837],[-19.1538553,64.8534504],[-19.1533518,64.8543102],[-19.1530034,64.854587],[-19.1528734,64.8550214],[-19.1534001,64.8558112],[-19.1534001,64.8562826],[-19.1528754,64.8567695],[-19.1501703,64.8578372],[-19.1489921,64.8580649],[-19.1482309,64.8581458],[-19.1478638,64.8582574],[-19.1483802,64.8583882],[-19.1495114,64.858597],[-19.1501721,64.8589809],[-19.1516026,64.8593158],[-19.151769,64.8595841],[-19.1515019,64.8597298],[-19.1509062,64.8598439],[-19.1495785,64.8598721],[-19.1476735,64.8602334],[-19.1445289,64.8603409],[-19.1434772,64.860569],[-19.1419622,64.8611089],[-19.1401609,64.8615449],[-19.1397679,64.8619592],[-19.1399793,64.8628785],[-19.1416836,64.8634712],[-19.1439889,64.8640606],[-19.145126,64.8647825],[-19.1453203,64.8655871],[-19.144489,64.866757],[-19.1426312,64.8674158],[-19.1406155,64.8675877],[-19.1369691,64.8673284],[-19.1315266,64.8661855],[-19.1289006,64.8654161],[-19.1272235,64.8653068],[-19.1243894,64.8657568],[-19.1209472,64.8669432],[-19.1205362,64.8673718],[-19.1205211,64.8679757],[-19.1194485,64.868809],[-19.1179964,64.8693689],[-19.1175078,64.8697321],[-19.1179031,64.8706034],[-19.1195443,64.8720065],[-19.1193839,64.8727804],[-19.1179755,64.8732163],[-19.1162104,64.8734011],[-19.1137275,64.8731651],[-19.1124177,64.8726633],[-19.110833,64.8720561],[-19.1089064,64.8718577],[-19.1066814,64.8719785],[-19.1035843,64.8726266],[-19.1019896,64.8725926],[-19.1001837,64.8720621],[-19.0994078,64.871508],[-19.0991233,64.8708387],[-19.0984685,64.87053],[-19.095879,64.8696459],[-19.0930272,64.8682174],[-19.0933958,64.867513],[-19.0927637,64.867131],[-19.0905081,64.8666444],[-19.0872361,64.8660701],[-19.0854086,64.8655588],[-19.0822977,64.8650324],[-19.0782762,64.864695],[-19.0772923,64.8645184],[-19.0766361,64.8643015],[-19.0755532,64.8634547],[-19.07479,64.8630321],[-19.0742426,64.8628231],[-19.0739963,64.8626067],[-19.0741267,64.8622667],[-19.0747431,64.8617326],[-19.0746767,64.8615243],[-19.0736049,64.8611954]]],[[[-19.0736049,64.8611954],[-19.0730673,64.8611887],[-19.0718738,64.8615059],[-19.0707479,64.8616581],[-19.0698071,64.8619662],[-19.0692886,64.8626469],[-19.0687515,64.8629381],[-19.0676221,64.8630877],[-19.0666065,64.8630023],[-19.0662616,64.8630434],[-19.0659547,64.8632591],[-19.0658459,64.8638199],[-19.0654176,64.8640757],[-19.0644798,64.8643104],[-19.0636293,64.8643112],[-19.0620071,64.8646435],[-19.0614616,64.8649959],[-19.060828,64.8651282],[-19.0600594,64.8651349],[-19.0592106,64.8649887],[-19.0576366,64.8642236],[-19.05464,64.8631657],[-19.0512361,64.8620874],[-19.0488069,64.8618972],[-19.0455062,64.8622962],[-19.0443434,64.862744],[-19.0441949,64.8629765],[-19.0442732,64.8631758],[-19.045922,64.8636623],[-19.0465243,64.8641371],[-19.046602,64.8644189],[-19.0464775,64.8646734],[-19.0459931,64.8648499],[-19.0458807,64.8650201],[-19.0466195,64.8653437],[-19.0470497,64.8658297],[-19.0468531,64.8666091],[-19.0478535,64.8676256],[-19.0503335,64.8688766],[-19.0512434,64.8697694],[-19.0514755,64.8705509],[-19.0511289,64.8708161],[-19.0496513,64.8710461],[-19.0492666,64.8711778],[-19.0491733,64.8713643],[-19.0497126,64.8716529],[-19.05088,64.8721557],[-19.0507895,64.8724617],[-19.0501852,64.8729292],[-19.0498348,64.8735787],[-19.050101,64.8743561],[-19.0499622,64.8747435],[-19.0493392,64.8752241],[-19.0490251,64.8758238],[-19.0482061,64.8764296],[-19.048153,64.8767006],[-19.0485559,64.8772717],[-19.0484726,64.8777621],[-19.0487585,64.8779726],[-19.050317,64.8782018],[-19.0515974,64.8786122],[-19.0524121,64.8792899],[-19.0522667,64.8796768],[-19.0516901,64.8801991],[-19.0515834,64.8809036],[-19.0519148,64.8811433],[-19.0532723,64.8815975],[-19.053403,64.8820145],[-19.0527394,64.8829351],[-19.0519814,64.8834818],[-19.0504481,64.8838646],[-19.0492064,64.8838831],[-19.0484782,64.8840123],[-19.0483985,64.8842196],[-19.0489773,64.8848483],[-19.0486234,64.8855938],[-19.0469991,64.8862182],[-19.0461643,64.8862654],[-19.0459645,64.886353],[-19.0458355,64.8866942],[-19.0454125,64.8868473],[-19.0444405,64.8870221],[-19.0437534,64.8873501],[-19.0430197,64.8884627],[-19.0424507,64.8886687],[-19.0419352,64.888667],[-19.0411068,64.8885442],[-19.0403323,64.8886162],[-19.0389977,64.889076],[-19.0384907,64.8895556],[-19.0373794,64.8896548],[-19.0360813,64.8900768],[-19.0352689,64.8901507],[-19.0339043,64.8901735],[-19.0326914,64.890527],[-19.0322017,64.890839],[-19.0321152,64.8911468],[-19.0315851,64.8914344],[-19.030547,64.8916085],[-19.0294307,64.8914968],[-19.0287367,64.891586],[-19.0274712,64.8922347],[-19.0256887,64.8927407],[-19.024597,64.8936493],[-19.0223203,64.8938101],[-19.0206772,64.8941647],[-19.0196383,64.894594],[-19.0186597,64.894639],[-19.0179129,64.8943871],[-19.017706,64.894052],[-19.0180656,64.8934092],[-19.0176362,64.8929772],[-19.016884,64.8928768],[-19.0161653,64.8930075],[-19.0158824,64.8932919],[-19.0157245,64.8934507],[-19.0118204,64.8937527],[-19.0106299,64.893497],[-19.009639,64.8930284],[-19.0083945,64.8929947],[-19.0077662,64.8932738],[-19.0071551,64.8938097],[-19.0057599,64.8938665],[-19.0041797,64.8933138],[-19.0036296,64.8924186],[-19.0040052,64.8913626],[-19.005385,64.8905004],[-19.0065625,64.8900203],[-19.0066872,64.8897229],[-19.0062931,64.8896033],[-19.0056881,64.8896625],[-19.0052143,64.8898782],[-19.0034563,64.8898169],[-19.0027237,64.8896714],[-19.0006172,64.8898751],[-18.9989889,64.8896586],[-18.9964521,64.8879114],[-18.9954309,64.8875541],[-18.9939587,64.8873093],[-18.9933582,64.8874378],[-18.9935453,64.8877579],[-18.9931819,64.8880842],[-18.9930987,64.8887841],[-18.9945995,64.8897315],[-18.9953165,64.8900313],[-18.9959583,64.8906186],[-18.995974,64.8912866],[-18.9950724,64.8921057],[-18.9953667,64.8928318],[-18.9952106,64.8931056],[-18.994729,64.8932902],[-18.9938579,64.8935343],[-18.9936136,64.8936621],[-18.9935967,64.8938128],[-18.9941568,64.894209],[-18.9941005,64.8944127],[-18.9934419,64.894439],[-18.9928987,64.894627],[-18.9919556,64.8947185],[-18.9919343,64.8948716],[-18.9922768,64.8951014],[-18.9921714,64.8953084]]],[[[-19.1109781,64.80531],[-19.1107328,64.8058092],[-19.1114759,64.806498],[-19.1118729,64.8073389],[-19.1128179,64.8081037],[-19.1140344,64.8086587],[-19.1149881,64.808916],[-19.1164231,64.8091346],[-19.1204257,64.8102755],[-19.1228521,64.8114749],[-19.1239195,64.812774],[-19.1240041,64.8141555],[-19.123094,64.8150439],[-19.1216663,64.8173818],[-19.1214054,64.8185736],[-19.1215169,64.818995],[-19.121969,64.8192518],[-19.1222337,64.819567],[-19.1222734,64.8199992],[-19.12239,64.8202249]]],[[[-18.9921714,64.8953084],[-18.9912183,64.8953704],[-18.98935,64.895364],[-18.9883741,64.8952143],[-18.9874203,64.895454],[-18.9868702,64.8954886],[-18.9861545,64.8953444],[-18.9854265,64.895371],[-18.9844126,64.8955785],[-18.9843429,64.8959703],[-18.9838667,64.8962311],[-18.9836705,64.8965346],[-18.9838607,64.8969119],[-18.9836825,64.8972335]]],[[[-18.9836825,64.8972335],[-18.9844064,64.8973267],[-18.9850802,64.8975671],[-18.9856486,64.8979483],[-18.9872242,64.8984093],[-18.9880102,64.8987574],[-18.9882232,64.8996561],[-18.9887984,64.9007482],[-18.9889253,64.9011263],[-18.9892533,64.9012862],[-18.9897603,64.9013482],[-18.9903721,64.9016866],[-18.9915161,64.9020662],[-18.9923065,64.9020692],[-18.9927365,64.902396],[-18.9957405,64.9028337],[-18.9975298,64.9035964],[-18.9980793,64.9041826],[-18.9988427,64.9044711],[-18.9989165,64.9051521],[-18.9995509,64.9054018],[-18.9994902,64.9059425],[-18.9986497,64.906689],[-18.9988899,64.9069715],[-18.9997325,64.9070312],[-19.0019409,64.9067247],[-19.0033145,64.9068584],[-19.0042731,64.9074316],[-19.0044298,64.9080745],[-19.0040112,64.9085034],[-19.0022685,64.9090664],[-19.0020156,64.9093809],[-19.0023047,64.9100866],[-19.0020402,64.9104972],[-19.0015642,64.9107533],[-19.0015542,64.9111595],[-19.0011814,64.9115615],[-19.001245,64.9119999],[-19.0002232,64.9123993],[-18.9983272,64.9129088],[-18.9976696,64.9137408],[-18.9976655,64.9142744],[-18.9972761,64.914462],[-18.9971017,64.9147896],[-18.9976011,64.9151017],[-18.9975802,64.9152212],[-18.9960884,64.9153204],[-18.9956572,64.9154691],[-18.9956764,64.9157358],[-18.9958877,64.9158674],[-18.995776,64.9160346],[-18.9951222,64.9163259],[-18.9947335,64.9167417],[-18.9933208,64.9170611],[-18.9931751,64.917289],[-18.9933947,64.9177535],[-18.994462,64.9179937],[-18.9946018,64.9184523],[-18.9943332,64.9187181],[-18.994437,64.9190821],[-18.9958033,64.9198838],[-18.9955934,64.9201592],[-18.9944409,64.9203861],[-18.9940236,64.9207639],[-18.9934479,64.9208701],[-18.9925599,64.9207494],[-18.9922337,64.9208696],[-18.9921947,64.9212714],[-18.99532,64.9220743],[-18.9953422,64.9224993],[-18.9957944,64.9228544],[-18.9961455,64.9235778],[-18.9959504,64.923837],[-18.9963177,64.9239123],[-18.9966172,64.9242591],[-18.994983,64.9247696],[-18.9938334,64.9249865],[-18.9935815,64.9251185],[-18.9934414,64.9254202],[-18.9942242,64.9255892],[-18.9945562,64.9261233],[-18.9944158,64.926377],[-18.9936246,64.9266745],[-18.9925922,64.9267319],[-18.9917526,64.9265783],[-18.9914175,64.9267003],[-18.9913336,64.9269061],[-18.9916211,64.9277076],[-18.9908805,64.9280551],[-18.9896587,64.928181],[-18.9892379,64.928598],[-18.9894781,64.9297561],[-18.9889397,64.930679],[-18.9888452,64.9313134],[-18.9892819,64.9315738],[-18.9891858,64.9317146],[-18.9871137,64.9318031],[-18.9864585,64.9319776],[-18.9861226,64.9322235],[-18.986189,64.9323406],[-18.9865074,64.932638],[-18.9876738,64.933025],[-18.9879188,64.9333655],[-18.9871194,64.9332269],[-18.9868421,64.9332617],[-18.9868181,64.9333629],[-18.9873165,64.9336989],[-18.9873098,64.933924],[-18.9869647,64.934092],[-18.9856706,64.9342128],[-18.9853205,64.9345138],[-18.9844524,64.9348749],[-18.9812379,64.9355892],[-18.9809052,64.9359522],[-18.9809918,64.9361038],[-18.9818467,64.936204],[-18.9819886,64.9363506],[-18.9816689,64.9364703],[-18.9815768,64.9366411],[-18.9820008,64.9368847],[-18.9816364,64.9372566],[-18.9809188,64.937527],[-18.9803804,64.9379558],[-18.9799391,64.9381402],[-18.9795032,64.9392432],[-18.9788595,64.9401451],[-18.9779338,64.9410795],[-18.9785269,64.9415517],[-18.9785631,64.9421904],[-18.9780244,64.9423156],[-18.9754559,64.9423286],[-18.973854,64.9425518],[-18.9726849,64.9425509],[-18.9718001,64.9427255],[-18.9711235,64.9434279],[-18.969557,64.9441949],[-18.9680513,64.9447231],[-18.9661219,64.9446497],[-18.9644515,64.9441924],[-18.964204,64.944253],[-18.964404,64.9446896],[-18.9656277,64.9451684],[-18.9656843,64.9454265],[-18.9652955,64.9457334],[-18.9635269,64.9470436],[-18.963808,64.947853],[-18.9633824,64.9484085],[-18.962385,64.9488937],[-18.9605153,64.9492689],[-18.9588092,64.9489053],[-18.9572237,64.9488539],[-18.9558715,64.9486101],[-18.9554047,64.9487562],[-18.9552219,64.9490412],[-18.9561438,64.9493838],[-18.9561024,64.949871],[-18.954908,64.9499593],[-18.9542375,64.9501858],[-18.9540604,64.9507074],[-18.9547901,64.9509345],[-18.9547325,64.9512735],[-18.9538425,64.9516493],[-18.9527131,64.9526443],[-18.9517219,64.9538164],[-18.9513369,64.9542653],[-18.9501323,64.9556695],[-18.9486344,64.9562668],[-18.944313,64.9573741],[-18.9422735,64.9569787],[-18.9398178,64.9570528],[-18.938238,64.9574817],[-18.9368703,64.9586435],[-18.9366848,64.9592796],[-18.9368641,64.9604659],[-18.9365624,64.9610772],[-18.9327065,64.961789],[-18.92975,64.962099],[-18.9295849,64.9628571],[-18.9259082,64.9630205],[-18.92193,64.9630256],[-18.9216706,64.963026],[-18.9166938,64.9639157],[-18.9128425,64.965288],[-18.9113651,64.9657079],[-18.9094554,64.9662506],[-18.9083414,64.9662718],[-18.9058064,64.9661871],[-18.9022459,64.9667505],[-18.9012453,64.9669875],[-18.900641,64.9669763],[-18.8998464,64.9670958],[-18.8993735,64.9677727],[-18.8987941,64.9681994],[-18.8978285,64.9682993],[-18.896584,64.9682176],[-18.8951034,64.9680088],[-18.893022,64.9679361],[-18.8922066,64.9677182],[-18.8916916,64.9672188],[-18.8895888,64.9668012],[-18.8879151,64.9667195],[-18.88519,64.9664834],[-18.8833661,64.966102],[-18.8822074,64.9654755],[-18.8815636,64.965421],[-18.8789887,64.9656753],[-18.8781733,64.9659204],[-18.8783021,64.9668103],[-18.8776369,64.9677273],[-18.8761992,64.9685444],[-18.8744611,64.9692435],[-18.8733883,64.969997],[-18.8716287,64.9704056],[-18.8680024,64.9706507],[-18.8643546,64.9713134],[-18.860857,64.9720578],[-18.8592106,64.9721531],[-18.8583679,64.9721577],[-18.8565654,64.971967],[-18.8556213,64.9715676],[-18.8540763,64.9701151],[-18.8525529,64.9693524],[-18.8505573,64.9684899],[-18.8490123,64.9680178],[-18.8473386,64.9675003],[-18.8454933,64.9671462],[-18.8426179,64.9669101],[-18.8405366,64.9669283],[-18.8378758,64.9671916],[-18.8334341,64.9679906],[-18.832726,64.9680814],[-18.8322968,64.9680178],[-18.8312454,64.9673914],[-18.83043,64.9670736],[-18.8293357,64.966892],[-18.8264284,64.9666038],[-18.825892,64.966513],[-18.8255486,64.9662587],[-18.8257203,64.9658411],[-18.825377,64.965723],[-18.8249693,64.9657684],[-18.8242826,64.9659954],[-18.8232956,64.9659682],[-18.8230381,64.9658592],[-18.8227806,64.9656413],[-18.8223514,64.9654869],[-18.8214502,64.9654052],[-18.8209138,64.9654415],[-18.8199053,64.9662769],[-18.8194332,64.966404],[-18.8176522,64.9663314],[-18.8171372,64.9661135],[-18.8140259,64.9658683],[-18.8124809,64.9658138],[-18.8121376,64.9657321],[-18.8118157,64.9653871],[-18.8113007,64.9652509],[-18.8081894,64.9649421],[-18.8073954,64.964933],[-18.807095,64.9650329],[-18.8069877,64.9652054],[-18.8071165,64.9655233],[-18.8070092,64.9656595],[-18.8066873,64.9657412],[-18.8058505,64.9657412],[-18.8055072,64.9656595],[-18.8052926,64.9654234],[-18.8047991,64.9653053],[-18.8039408,64.9652418],[-18.8028893,64.9652872],[-18.8019237,64.9654143],[-18.8014517,64.9657412],[-18.8002929,64.9658592],[-18.7989626,64.9658683],[-18.7980677,64.9658075],[-18.7972245,64.9655233],[-18.7957439,64.9655959],[-18.795186,64.9653598],[-18.7950573,64.9649421],[-18.7955508,64.9644699],[-18.7965379,64.9644064],[-18.7971172,64.9645063],[-18.7978039,64.9643701],[-18.7979755,64.9641612],[-18.7978682,64.9639069],[-18.7972245,64.9635619],[-18.7963662,64.9634802],[-18.7961302,64.9630897],[-18.795186,64.9628354],[-18.7945423,64.9623904],[-18.7925415,64.9614861],[-18.7913399,64.9612682],[-18.7890868,64.9602783],[-18.7888722,64.9597515],[-18.789516,64.9584527],[-18.7905674,64.9580985],[-18.7923698,64.9579623],[-18.7927132,64.9576626],[-18.7926273,64.9572447],[-18.7919407,64.9565544],[-18.7917905,64.9559822],[-18.7920694,64.9556098],[-18.7920051,64.9551647]]],[[[-18.7920051,64.9551647],[-18.7910824,64.9547741],[-18.7894516,64.9544289],[-18.7868767,64.9541564],[-18.7845163,64.9535841],[-18.782156,64.9534387],[-18.7814908,64.9529391],[-18.780611,64.9527665],[-18.7773066,64.952394],[-18.7762766,64.952176],[-18.7755685,64.9518671],[-18.7748175,64.9517399],[-18.7739592,64.9518035],[-18.7737446,64.9519216],[-18.7736373,64.952394],[-18.7739377,64.9528755],[-18.7746673,64.9535296],[-18.7747746,64.954002],[-18.7751393,64.9544198],[-18.775311,64.9548286],[-18.7751393,64.9555371],[-18.7751608,64.9558823],[-18.7754397,64.9564],[-18.7762122,64.9570086],[-18.7775211,64.9584073],[-18.7776928,64.9588978],[-18.7773495,64.9592248],[-18.775032,64.9602329],[-18.7742596,64.9602692],[-18.7723284,64.9609503],[-18.7721782,64.96125],[-18.772264,64.9615951],[-18.7720494,64.961804],[-18.7715774,64.9617767],[-18.7707405,64.9614226],[-18.7694101,64.9612591],[-18.7690883,64.9607142],[-18.7686806,64.9605144],[-18.7671571,64.960133],[-18.7661057,64.9597334],[-18.7650328,64.959588],[-18.7643032,64.9596879],[-18.7637024,64.9599422],[-18.7626295,64.9609412],[-18.7614923,64.9610684],[-18.7599044,64.9615315],[-18.7594323,64.9615497],[-18.7589173,64.9613317],[-18.7582307,64.9608595],[-18.7577372,64.9607142],[-18.7535958,64.9606688],[-18.7516217,64.9602783],[-18.7501411,64.9601239],[-18.7495189,64.9598787],[-18.7493258,64.9596244],[-18.7496047,64.9590068],[-18.7493901,64.9586344],[-18.7491541,64.9575808],[-18.7488108,64.9574718],[-18.7476091,64.9574991],[-18.7463861,64.9572811],[-18.7452273,64.9567179],[-18.7444978,64.955419],[-18.7437468,64.9548922],[-18.7420731,64.9545107],[-18.7414079,64.9542836],[-18.741365,64.9539202],[-18.7415795,64.9532025],[-18.7413435,64.9520761],[-18.7404637,64.9507769],[-18.7397127,64.9503045],[-18.7385825,64.9499865],[-18.7375311,64.9496413],[-18.7372092,64.9493142],[-18.737574,64.9490235],[-18.7376384,64.9487509],[-18.7375096,64.9485419],[-18.7374238,64.9481149],[-18.7378529,64.9479967],[-18.7379388,64.9477696],[-18.7377671,64.9475515],[-18.7373594,64.9474061],[-18.7372521,64.9471699],[-18.7374238,64.9467701],[-18.7372467,64.9464459],[-18.7366244,64.9458735],[-18.7358305,64.9454918],[-18.7351653,64.9448648],[-18.7347576,64.9447921],[-18.7343499,64.9448466],[-18.734028,64.944992],[-18.7340495,64.9453373],[-18.7349721,64.9459643],[-18.7355515,64.9461279],[-18.7361952,64.9466004],[-18.7365386,64.9471819],[-18.7361094,64.9477816],[-18.7360665,64.948563],[-18.73656,64.9491536],[-18.7364098,64.9500985],[-18.7351009,64.9505437],[-18.7341568,64.9512341],[-18.7323114,64.9519246],[-18.7309381,64.9520245],[-18.7299725,64.9518246],[-18.728964,64.9517338],[-18.7275263,64.9518065],[-18.7264105,64.9520336],[-18.7255522,64.9521426],[-18.7249085,64.9520699],[-18.7245223,64.951861],[-18.7237712,64.951216],[-18.7235781,64.9503347],[-18.7210032,64.9462733],[-18.7203166,64.9454282],[-18.7205526,64.9449557],[-18.720617,64.9444922],[-18.7207457,64.9443014],[-18.7216469,64.9438016],[-18.7217757,64.9434563],[-18.7214753,64.9426929],[-18.7210032,64.9424748],[-18.7195441,64.9422294],[-18.7191149,64.9423294],[-18.7167546,64.9428928],[-18.7144801,64.9433654],[-18.7136218,64.9433563],[-18.7129995,64.9434926],[-18.7125918,64.943947],[-18.712742,64.944156],[-18.7134286,64.9442651],[-18.7144801,64.9442196],[-18.7149951,64.944674],[-18.7154028,64.9453646],[-18.7151023,64.9457008],[-18.7139865,64.9460552],[-18.7119266,64.9464096],[-18.7105104,64.9464823],[-18.7096521,64.9464096],[-18.7092873,64.9461188],[-18.708708,64.9460825],[-18.7071845,64.9463914],[-18.7063047,64.9464459],[-18.7057039,64.9463732],[-18.7051031,64.9462097],[-18.7045023,64.9462188],[-18.7037942,64.9465277],[-18.703365,64.9474636],[-18.7024852,64.9477907],[-18.7018415,64.9485539],[-18.6997172,64.9491899],[-18.699288,64.9496442],[-18.6979791,64.9500894],[-18.696799,64.950153],[-18.6961767,64.9500258],[-18.6955759,64.9500621],[-18.6950823,64.9502893],[-18.6944601,64.950362],[-18.6938163,64.9502348],[-18.6930224,64.9501348],[-18.692722,64.9499077],[-18.6915633,64.9496624],[-18.6906835,64.9495806],[-18.6895248,64.9496806],[-18.6872717,64.9495352],[-18.6863491,64.9493353],[-18.6850187,64.9491536],[-18.6845037,64.9492263],[-18.6841818,64.9495352],[-18.6841175,64.9498623],[-18.6845895,64.9503256],[-18.6844822,64.9505891],[-18.6841175,64.9509525],[-18.6830333,64.951515],[-18.6826685,64.951942],[-18.6826256,64.9524053],[-18.6834769,64.9530634],[-18.6838202,64.9535358],[-18.6847644,64.9540535],[-18.6846142,64.9545168],[-18.6836486,64.9547803],[-18.6819749,64.9550982],[-18.6813526,64.9549983],[-18.6813097,64.9545168],[-18.6804943,64.9541716],[-18.6800651,64.9535358],[-18.6792712,64.9531815],[-18.6785631,64.953027],[-18.6779623,64.9530543],[-18.677619,64.9529544],[-18.6777048,64.9526637],[-18.6772542,64.9522639],[-18.6751652,64.9517487],[-18.674779,64.9514671],[-18.6748004,64.9510492],[-18.6754656,64.9506222],[-18.6763025,64.9504405],[-18.6778259,64.950395],[-18.6785984,64.9505767],[-18.6787915,64.9507221],[-18.6788345,64.9509946],[-18.6790705,64.9511037],[-18.6794567,64.9510673],[-18.6806798,64.950495],[-18.6812592,64.9499044],[-18.6819887,64.9494774],[-18.6822891,64.9491231],[-18.6832333,64.9486506],[-18.683362,64.9485052],[-18.6836839,64.9484689],[-18.6840272,64.948478],[-18.6844993,64.9485415],[-18.6847997,64.9483689],[-18.6846065,64.9481508],[-18.6842847,64.9479055],[-18.6835766,64.9477328],[-18.6828041,64.9471332],[-18.682611,64.9465971],[-18.6816239,64.9462609],[-18.681581,64.9459701],[-18.6819887,64.9456066],[-18.6819243,64.9452613],[-18.6807227,64.9451523],[-18.6791992,64.9455067],[-18.6786628,64.9459792],[-18.6776972,64.946279],[-18.6769891,64.9462609],[-18.6760235,64.9460882],[-18.6748433,64.9461336],[-18.6742639,64.9462427],[-18.6736631,64.94617],[-18.6732983,64.9459701],[-18.6729336,64.9455975],[-18.6723971,64.9454067],[-18.6705088,64.9452068],[-18.6702229,64.9450187],[-18.6699654,64.9449278],[-18.6696435,64.9446188],[-18.6692787,64.9444825],[-18.6690856,64.944219],[-18.6682488,64.9440918],[-18.6675621,64.9443099],[-18.6668111,64.9442644],[-18.6658455,64.9439736],[-18.6650301,64.9441917],[-18.663571,64.9440918],[-18.6628414,64.9442372],[-18.6625625,64.9445643],[-18.6614038,64.944528],[-18.66076,64.9442099],[-18.6603309,64.9443099],[-18.6601807,64.944637],[-18.6601163,64.9454457],[-18.65978,64.9457702],[-18.6587072,64.9459883],[-18.6575699,64.946588],[-18.6566258,64.9479146],[-18.6563468,64.9492502],[-18.656261,64.9514216],[-18.6565614,64.9524209],[-18.6570335,64.9529842],[-18.6568403,64.9539108],[-18.6560679,64.9549645],[-18.6547375,64.9555095],[-18.6538148,64.9555731],[-18.6516047,64.9568629],[-18.6513257,64.9576531],[-18.6508322,64.9577712],[-18.6507034,64.9580891],[-18.6501241,64.9582253],[-18.6497808,64.9584706],[-18.6485362,64.9587794],[-18.6479998,64.958734],[-18.6479139,64.9584161],[-18.6483431,64.957971],[-18.6479139,64.957635],[-18.6474419,64.9576168],[-18.6470556,64.9578166],[-18.6460471,64.9577803],[-18.6451674,64.9574351],[-18.6447382,64.9574896],[-18.6448884,64.9579256],[-18.643558,64.9580074],[-18.6431933,64.9576713],[-18.6422062,64.9577985],[-18.6420989,64.9583525],[-18.6426568,64.9584161],[-18.6444163,64.9582798],[-18.6449099,64.9585977],[-18.6447811,64.9588248],[-18.6430216,64.9590155],[-18.6422062,64.9588793],[-18.6414123,64.9591336],[-18.6412406,64.959397],[-18.6406398,64.9594969],[-18.6400175,64.9593516],[-18.6390948,64.9593152],[-18.6386657,64.9595514],[-18.6378932,64.959515],[-18.6370778,64.9595423],[-18.6367989,64.9594061],[-18.6362624,64.959506],[-18.6353183,64.9595241],[-18.6345887,64.9592971],[-18.6337733,64.9592517],[-18.633194,64.9587975],[-18.6321855,64.9586795],[-18.6318207,64.9584887],[-18.6315417,64.9576622],[-18.630662,64.9566631],[-18.629117,64.9559273],[-18.6287308,64.9558638],[-18.625598,64.9558093],[-18.6250401,64.9557457],[-18.6248255,64.9555822],[-18.6245465,64.9550462],[-18.6242247,64.9547102],[-18.6238814,64.9546738],[-18.6231518,64.9548737],[-18.6224008,64.9549191],[-18.6211777,64.9550281],[-18.6201263,64.9550826],[-18.6189032,64.9554459],[-18.6178947,64.9555368],[-18.6174226,64.9558638],[-18.6174655,64.9560999],[-18.618415,64.9564456],[-18.6187368,64.9569361],[-18.6185652,64.9574266],[-18.6169344,64.957917],[-18.6151963,64.9579443],[-18.613587,64.9575083],[-18.6133081,64.9571268],[-18.6132008,64.9567362],[-18.613587,64.9566182],[-18.6136943,64.9563184],[-18.6135226,64.9561368],[-18.6129004,64.9559369],[-18.6126,64.9550922],[-18.6122137,64.954747],[-18.6124283,64.9545017],[-18.6124068,64.9531573],[-18.6122781,64.9530119],[-18.6101967,64.9520944],[-18.6092526,64.9521035],[-18.6069566,64.9527031],[-18.6056262,64.9525486],[-18.60421,64.953339],[-18.6026436,64.9535751],[-18.6015922,64.9534752],[-18.6003047,64.9528302],[-18.6002833,64.9520671],[-18.5993606,64.9512586],[-18.5993391,64.9509134],[-18.5999614,64.9503501],[-18.5997039,64.9501502],[-18.5982019,64.9503592],[-18.596335,64.9501502],[-18.596099,64.9498958],[-18.5956913,64.9497141],[-18.5938245,64.9497232],[-18.5932881,64.9500412],[-18.5926658,64.9501411],[-18.5921079,64.9500048],[-18.5922581,64.9494234],[-18.592022,64.9492507],[-18.5919362,64.9485966],[-18.592537,64.9483694],[-18.5923868,64.948215],[-18.5924727,64.9480787],[-18.5922778,64.9480441],[-18.5920435,64.9480514],[-18.5916358,64.9483149],[-18.5904342,64.9485057],[-18.5876876,64.9486329],[-18.5864001,64.9484694],[-18.5862499,64.9480605],[-18.5870224,64.9477788],[-18.5881382,64.9477879],[-18.5904771,64.9475608],[-18.5926229,64.946952],[-18.5928374,64.947061],[-18.5927945,64.9474972],[-18.593052,64.9476425],[-18.5937172,64.9474972],[-18.5936957,64.9463704],[-18.5941893,64.9461978],[-18.5941034,64.9458525],[-18.5944897,64.9453527],[-18.5950047,64.9454163],[-18.5952192,64.9453345],[-18.5952407,64.9452255],[-18.594833,64.9451619],[-18.5944038,64.9449802],[-18.5949403,64.9442441],[-18.5944682,64.9441623],[-18.5942536,64.943717],[-18.5946613,64.9433808],[-18.5945541,64.9432808],[-18.5941893,64.9432536],[-18.5942322,64.9428083],[-18.5954124,64.9425084],[-18.5963565,64.9429627],[-18.5973436,64.9429627],[-18.597644,64.942781],[-18.5952407,64.9412269],[-18.5957128,64.9408725],[-18.5945755,64.9400182],[-18.5910779,64.9396728],[-18.5895544,64.9391274],[-18.5882026,64.9376186],[-18.5856706,64.9360552],[-18.5830098,64.9350643],[-18.5811859,64.9350643],[-18.5795162,64.9341455],[-18.5794518,64.9338455],[-18.5788295,64.9336455],[-18.5779712,64.9337455],[-18.5769412,64.9340637],[-18.5756538,64.9339],[-18.5747526,64.9335637],[-18.5735724,64.9333273],[-18.5728857,64.9328],[-18.5730145,64.9323273],[-18.5736153,64.9320272],[-18.5747955,64.9317727],[-18.5749242,64.9315818],[-18.5743663,64.9312636],[-18.5734007,64.931109],[-18.5729716,64.9307908],[-18.5728428,64.9303816],[-18.5736797,64.9293724],[-18.5735938,64.9289269],[-18.5738943,64.9285723],[-18.5745594,64.9283086],[-18.5757396,64.9280904],[-18.5762331,64.9279176],[-18.5762546,64.9277448],[-18.5759113,64.9276721],[-18.5731218,64.9272538],[-18.5700104,64.9254442],[-18.5697315,64.9248258],[-18.5698388,64.9245712],[-18.56971,64.9243529],[-18.5685727,64.9239346],[-18.5672638,64.9236618],[-18.565397,64.9234799],[-18.5598457,64.9234915],[-18.5541594,64.9228276],[-18.5471213,64.9210723],[-18.5466521,64.9206681],[-18.5462209,64.920586],[-18.5453965,64.9207438],[-18.543216,64.9206084],[-18.5410917,64.9202355],[-18.5400402,64.9196079],[-18.5403192,64.9191259],[-18.539654,64.9188712],[-18.5369074,64.9190986],[-18.5349977,64.9191077],[-18.5336673,64.918471],[-18.5328948,64.9172521],[-18.5325515,64.9168245],[-18.5301912,64.9160695],[-18.5266507,64.9124214],[-18.5227024,64.9108019],[-18.5162008,64.9093824],[-18.5141837,64.9084179],[-18.5126372,64.907925],[-18.5103627,64.9080341],[-18.5081311,64.9078431],[-18.5061051,64.9077336],[-18.5043729,64.907862],[-18.5025124,64.9078022],[-18.50156,64.9076179],[-18.5007359,64.9076323],[-18.4989971,64.9079827],[-18.4982236,64.9079621],[-18.4974009,64.9077554]]],[[[-19.8946305,64.7390585],[-19.8968191,64.7390951],[-19.8996945,64.7388387],[-19.9005099,64.7385274],[-19.900424,64.73763],[-19.9011107,64.7365127],[-19.9028702,64.736293]]],[[[-19.9028702,64.736293],[-19.9034281,64.7359083],[-19.9031706,64.7352306],[-19.9026556,64.7349009],[-19.9017544,64.734846],[-19.9008103,64.7337653],[-19.9011965,64.733344],[-19.9013682,64.7320617],[-19.901969,64.7318968],[-19.901454,64.7306328],[-19.8992653,64.7297535],[-19.8979349,64.7287642],[-19.8961754,64.7286176],[-19.8930855,64.7277748],[-19.8897381,64.7277932],[-19.8879786,64.7282512]]],[[[-19.8879786,64.7282512],[-19.8866482,64.7282512],[-19.8848887,64.7286543],[-19.8831114,64.7284124],[-19.8823389,64.7280277],[-19.8807511,64.7275513],[-19.8788628,64.7267452],[-19.8772749,64.7262321],[-19.8750862,64.7260856],[-19.8730263,64.7261222],[-19.8714384,64.7266535],[-19.8655161,64.7274414],[-19.8599371,64.7275696],[-19.8589071,64.7274231],[-19.8576626,64.7268734],[-19.8568043,64.7268001],[-19.854916,64.7268734]]],[[[-19.854916,64.7268734],[-19.8519119,64.7262688],[-19.8494443,64.725829],[-19.848428,64.7254579],[-19.8463604,64.72527],[-19.8439323,64.7256053]]],[[[-19.8439323,64.7256053],[-19.8449167,64.7251144],[-19.8465046,64.7246747],[-19.8486075,64.7244365],[-19.8513111,64.7237402],[-19.8515686,64.7235569],[-19.8493799,64.7234836],[-19.8499807,64.7231355],[-19.8472771,64.7231355],[-19.8456892,64.7220726],[-19.8452171,64.7204233],[-19.8461613,64.7197452],[-19.8467621,64.7184623],[-19.8473629,64.7180774],[-19.8474487,64.7173809],[-19.84732,64.7154564],[-19.8478779,64.7147598],[-19.8493799,64.7142099],[-19.858993,64.7127801],[-19.8688206,64.7102686],[-19.8798927,64.7062716],[-19.8810944,64.7057399],[-19.8820385,64.7049514],[-19.881781,64.7046213],[-19.8849997,64.7022374],[-19.8859867,64.7022191],[-19.8895058,64.6996149],[-19.8924669,64.6977624],[-19.8930678,64.6971755],[-19.8943981,64.6962217],[-19.897016,64.6957814],[-19.899548,64.6956347],[-19.8982176,64.6954329],[-19.8958573,64.6954696],[-19.8937544,64.6959098],[-19.8905787,64.6977257],[-19.8900637,64.698331],[-19.8883471,64.6991013],[-19.8876604,64.7000367],[-19.8865875,64.7002017],[-19.8851713,64.7007519],[-19.8835835,64.7008803],[-19.8829397,64.7011921],[-19.8825964,64.7022924],[-19.8786911,64.7035028],[-19.8778328,64.7039795],[-19.8773178,64.703952]]],[[[-19.8773178,64.703952],[-19.8780474,64.7033194],[-19.8851713,64.6989179],[-19.8884329,64.6923327],[-19.893454,64.689067],[-19.8959002,64.6868285],[-19.8983893,64.6834704],[-19.8993763,64.6791575]]],[[[-19.8993763,64.6791575],[-19.8989042,64.677579],[-19.8986038,64.675982],[-19.8978314,64.6741096],[-19.8967585,64.6733936]]],[[[-19.8967585,64.6733936],[-19.8952994,64.6708417],[-19.8950848,64.6697034],[-19.8925099,64.6666737],[-19.8913941,64.6637722],[-19.8916515,64.6631111],[-19.8913511,64.662303],[-19.8913082,64.6610541],[-19.8907503,64.6604113],[-19.8912224,64.6598235],[-19.8911366,64.6593643],[-19.8900384,64.6587986],[-19.8890943,64.6568331],[-19.8882789,64.6562637],[-19.8877639,64.6550145],[-19.8886651,64.6540041],[-19.8888797,64.6526813],[-19.890253,64.6517994],[-19.8914976,64.6508073],[-19.8925275,64.6504949],[-19.8933,64.6498886],[-19.8929138,64.6493925],[-19.8932142,64.6486391],[-19.8910684,64.6472242],[-19.8906392,64.6465259],[-19.8886259,64.6457124]]],[[[-19.8886259,64.6457124],[-19.889257,64.6455057],[-19.8894351,64.6450796],[-19.8902815,64.6446282],[-19.89092,64.6437189],[-19.8903409,64.6430703],[-19.8902139,64.6428651]]],[[[-19.8902139,64.6428651],[-19.8928457,64.6429235],[-19.8971802,64.6432176],[-19.9042183,64.6442835],[-19.9066216,64.6447797],[-19.9085098,64.6456986],[-19.9098402,64.6461396],[-19.9119431,64.6472422],[-19.9130589,64.6475913],[-19.9149901,64.6484917],[-19.9152476,64.6488409],[-19.9219853,64.6519828],[-19.9262339,64.653673],[-19.9277788,64.6538751],[-19.9290234,64.6543711],[-19.9309117,64.6545365]]],[[[-19.9309117,64.6545365],[-19.9314266,64.6543344],[-19.9307829,64.6528463],[-19.9285084,64.6515969],[-19.9279934,64.6506232],[-19.9261051,64.6494472],[-19.9255902,64.6479772],[-19.9216419,64.6466542],[-19.9208265,64.6454045],[-19.921599,64.644743],[-19.921599,64.6442468],[-19.9197966,64.6436954],[-19.9197537,64.6433095],[-19.9186379,64.6428868],[-19.9178654,64.6429235],[-19.9174792,64.6426111],[-19.9181658,64.6424457],[-19.9183804,64.6416186],[-19.91602,64.640332],[-19.9158913,64.6379792],[-19.9149471,64.6375564],[-19.9152905,64.6368211],[-19.9147326,64.6352768],[-19.9141318,64.6351114],[-19.9153763,64.6338428],[-19.9173504,64.6337877],[-19.9180371,64.6333648],[-19.9176508,64.6329236],[-19.9183375,64.6322617],[-19.9192816,64.6320411],[-19.9194986,64.631844]]],[[[-19.9194986,64.631844],[-19.9203545,64.6310666],[-19.923659,64.6307908],[-19.9244744,64.631324],[-19.9259764,64.6307724],[-19.9263626,64.6302391],[-19.9289805,64.6293565],[-19.9288946,64.6289704],[-19.9304825,64.6283084],[-19.932242,64.6284371],[-19.9339157,64.6275361],[-19.9371773,64.6272786],[-19.9403101,64.6264695],[-19.940868,64.6259545],[-19.9415547,64.6258994],[-19.9427563,64.6262304],[-19.943915,64.6258994],[-19.94443,64.6263407],[-19.9473482,64.6266901],[-19.9494082,64.6276464],[-19.9553734,64.6290807],[-19.9562317,64.6290807],[-19.9573475,64.6284187],[-19.9576908,64.627959],[-19.9576479,64.6273889],[-19.9587637,64.6259545],[-19.9613386,64.6259361],[-19.9618536,64.6257339],[-19.9625403,64.6250902],[-19.9629265,64.6239131],[-19.9632269,64.6233246],[-19.964171,64.6228832],[-19.9651581,64.6222026],[-19.9674326,64.6214853],[-19.9701363,64.6211174],[-19.9717671,64.6207496],[-19.972282,64.6210071],[-19.9731404,64.6210439],[-19.9739128,64.6206576],[-19.974342,64.6206392],[-19.9746424,64.6209703],[-19.9754578,64.6210071],[-19.9760157,64.6209335],[-19.9764878,64.6206392],[-19.9786764,64.621375],[-19.979921,64.6208599],[-19.9821955,64.6208599],[-19.9845558,64.621283],[-19.9861437,64.6212278],[-19.9884611,64.6206024],[-19.9924523,64.6206392],[-19.9933964,64.6204921],[-19.9947697,64.6207128],[-19.9952847,64.6212646],[-19.9969584,64.6219451],[-19.9982029,64.6218716],[-19.9995762,64.6222762],[-20.0014645,64.6223866],[-20.0018936,64.6222394],[-20.0027519,64.6223498],[-20.0030094,64.6226993],[-20.0037819,64.6226625],[-20.0043827,64.6224969],[-20.0039107,64.6209703],[-20.0026661,64.6201058],[-19.9996191,64.6191125],[-20.0007778,64.618487],[-20.0005633,64.6177328]]],[[[-19.9936968,64.6127471],[-19.9877512,64.6109891],[-19.98685,64.6101059],[-19.9857771,64.6096274],[-19.9843609,64.609333],[-19.9836313,64.6088914],[-19.9806272,64.6082105],[-19.9776661,64.6077136],[-19.9767219,64.6065174],[-19.9753057,64.6057813],[-19.9721729,64.6051003],[-19.9699682,64.6048923]]],[[[-19.9659073,64.6048058],[-19.9648773,64.6041617],[-19.9621736,64.6033518],[-19.9574408,64.6025849]]],[[[-19.9574408,64.6025849],[-19.9547119,64.602221],[-19.9494762,64.6019818],[-19.942481,64.6018529],[-19.9356146,64.6013191],[-19.9299068,64.601135],[-19.9266453,64.6011534],[-19.9243278,64.6012639],[-19.922225,64.6009878],[-19.9193926,64.5997545],[-19.9187918,64.5991838],[-19.9192209,64.5985395],[-19.9189634,64.5981713],[-19.9181051,64.5976375],[-19.9177618,64.5968274],[-19.9179764,64.5961647],[-19.9190492,64.5952625],[-19.9214525,64.5942683],[-19.9245424,64.5926664],[-19.927804,64.5915801],[-19.9293489,64.5907514],[-19.931323,64.5891678],[-19.9350138,64.5877129],[-19.9360866,64.5868842],[-19.9439401,64.5840847],[-19.9496479,64.5825006],[-19.952137,64.5815612],[-19.9542398,64.5813033],[-19.9572439,64.5805481],[-19.9585503,64.5803686],[-19.9642581,64.5798804],[-19.9659318,64.5794015],[-19.968614,64.5790146],[-19.9702018,64.5784343],[-19.9752015,64.5778356],[-19.9784845,64.5770526],[-19.9830979,64.5767578],[-19.9844926,64.576592],[-19.9875396,64.5767486],[-19.9887198,64.5767486],[-19.9918741,64.5763341],[-19.993698,64.5763893],[-19.9947709,64.5762051],[-19.9962944,64.5757906],[-19.9980539,64.5755787],[-20.0018734,64.5745561],[-20.0035256,64.5744179]]],[[[-20.0035256,64.5744179],[-20.0062078,64.5733861],[-20.0105637,64.5711472],[-20.0183529,64.5673509],[-20.018782,64.5669362],[-20.0211017,64.5658697],[-20.0242537,64.5644204],[-20.0252193,64.5642914],[-20.0282663,64.5633237],[-20.031442,64.5617569],[-20.0386304,64.5583556],[-20.0424927,64.5571572]]],[[[-20.0424927,64.5571572],[-20.0462693,64.5564658],[-20.0490588,64.5557099],[-20.0498527,64.5555901],[-20.0517839,64.5556822],[-20.0526422,64.5555716],[-20.0534767,64.5553234]]],[[[-20.0534767,64.5553234],[-20.054037,64.5551568],[-20.0552171,64.555544],[-20.0558609,64.5554333],[-20.05629,64.5549447],[-20.0567835,64.5547696],[-20.0572985,64.5548802],[-20.0581139,64.5557376],[-20.0588006,64.5560141],[-20.0595516,64.5560141],[-20.0603026,64.5556177],[-20.061118,64.5555071],[-20.0625127,64.5559404],[-20.0640577,64.5558943],[-20.0641864,64.5554979],[-20.0648731,64.555249],[-20.0660962,64.5552766],[-20.0686282,64.5561524],[-20.0703019,64.5562999],[-20.0745934,64.5562723],[-20.0788849,64.5560879],[-20.0822109,64.5557007],[-20.0824684,64.5554702],[-20.0809663,64.5544745],[-20.0809878,64.5537185],[-20.0817174,64.5528611],[-20.0822109,64.5520313],[-20.0832623,64.5516717],[-20.0851077,64.5513951],[-20.0870818,64.5514135],[-20.0886482,64.5516625],[-20.0895065,64.552059],[-20.0901502,64.5521327],[-20.0909871,64.5520774],[-20.0914162,64.5517455],[-20.0914055,64.5513767],[-20.0912231,64.5510632],[-20.0912231,64.5508788]]],[[[-20.0912231,64.5508788],[-20.0958794,64.5490899],[-20.0971669,64.5481678],[-20.0973385,64.5473839],[-20.0968879,64.5468491],[-20.0971025,64.5458346],[-20.0976604,64.5454934],[-20.0992054,64.5451245],[-20.1002139,64.5451153],[-20.1014155,64.5454196],[-20.1028532,64.5452629],[-20.1031321,64.5453735],[-20.1031321,64.5455764],[-20.1026815,64.5459914],[-20.1027459,64.5465079],[-20.1024669,64.5468214],[-20.1027888,64.5476514],[-20.1035398,64.5475223],[-20.1051921,64.5476237],[-20.1059001,64.5479926],[-20.1068228,64.5489885],[-20.1076168,64.5492282],[-20.1090544,64.549385],[-20.1103633,64.5493112],[-20.1104921,64.5490991],[-20.110299,64.5482231],[-20.1106208,64.5476514],[-20.1106638,64.5469874],[-20.1110929,64.546637],[-20.1119941,64.5464156],[-20.113067,64.5456686],[-20.1145691,64.5451153],[-20.1158962,64.5450122]]],[[[-20.1172513,64.5451614],[-20.1189893,64.5458531],[-20.1195043,64.5464064],[-20.1195258,64.5475223],[-20.1208561,64.5471534],[-20.1241177,64.5452167],[-20.1246756,64.5448017]]],[[[-20.1246756,64.5448017],[-20.1251906,64.5455764],[-20.1255768,64.5466185],[-20.125255,64.5482508],[-20.1258558,64.5495878],[-20.1256412,64.5501411],[-20.125727,64.5506575],[-20.1261777,64.5512107],[-20.1269287,64.5514873],[-20.128538,64.5517547],[-20.1283234,64.5520774],[-20.1272505,64.552271],[-20.1270789,64.5525845],[-20.1278299,64.552981],[-20.1279372,64.5535157],[-20.1284736,64.5538845],[-20.1303404,64.5542902],[-20.1315421,64.5542533],[-20.1327008,64.5539306],[-20.1331943,64.5535802],[-20.134117,64.5535065],[-20.1353615,64.5527505],[-20.1360482,64.5525384],[-20.1361555,64.5522341],[-20.1367348,64.5515518],[-20.1373786,64.5512752],[-20.1374,64.5509064],[-20.1382369,64.5499936],[-20.1381939,64.548592],[-20.1393741,64.5473655],[-20.139417,64.5469782],[-20.1390523,64.5464156],[-20.1397389,64.546056],[-20.1399106,64.5455487],[-20.1406616,64.5451522],[-20.1414555,64.5449954],[-20.141949,64.5446634],[-20.1417345,64.5443867],[-20.140962,64.5443221],[-20.1408762,64.5440178],[-20.1425713,64.5433353],[-20.1453179,64.5425882],[-20.1464552,64.5420625],[-20.146777,64.5415091],[-20.147571,64.5409741],[-20.1476782,64.5406328],[-20.1485365,64.5404299],[-20.1486868,64.5401531],[-20.1494592,64.5400055],[-20.1502532,64.5396827],[-20.1499742,64.5393137],[-20.1506179,64.5390923],[-20.1517552,64.5384651],[-20.152871,64.5368968],[-20.1547164,64.5359835],[-20.156905,64.5348764],[-20.1574844,64.534738],[-20.157935,64.5348948],[-20.1580423,64.5350978],[-20.157699,64.5354945],[-20.1578063,64.535679],[-20.1583427,64.5356975],[-20.1593083,64.5351624],[-20.1600593,64.5348856],[-20.160982,64.5342675],[-20.1620334,64.5338984],[-20.1634925,64.5336585],[-20.1642865,64.5331511],[-20.1641363,64.5327174],[-20.1632351,64.5319793],[-20.1627415,64.5319977],[-20.1623767,64.5321638],[-20.1619261,64.5319331],[-20.160703,64.5319608],[-20.1605314,64.5317763],[-20.161497,64.5312227],[-20.1616686,64.5309182],[-20.1613039,64.5306875],[-20.1598018,64.5305952],[-20.1580208,64.5306875],[-20.1572698,64.5305214],[-20.1570982,64.53018],[-20.1577419,64.5299493],[-20.1588362,64.5299216],[-20.159952,64.5295525],[-20.1602524,64.5276884],[-20.1615399,64.5268117],[-20.1651448,64.5256396],[-20.1671189,64.5267655],[-20.1682991,64.5269778],[-20.169329,64.5268117],[-20.170359,64.5261841],[-20.1721614,64.5257227],[-20.1739639,64.5243844],[-20.1751655,64.5239414],[-20.1767534,64.52312],[-20.1770323,64.5225108],[-20.1773542,64.5223077],[-20.1785344,64.5219385],[-20.1795,64.5214493],[-20.182032,64.5197693],[-20.1839202,64.5191785],[-20.1845211,64.5188092],[-20.1851433,64.5180892],[-20.1864308,64.5175999],[-20.1896706,64.5169943],[-20.1917735,64.5161173],[-20.1934901,64.5147509],[-20.195786,64.5143354],[-20.1969233,64.5143908],[-20.1982751,64.5138091],[-20.2005067,64.5137814],[-20.2040687,64.5130889],[-20.2082315,64.5111314],[-20.2089825,64.5113345],[-20.2096906,64.5111498],[-20.211021,64.5099771],[-20.2118364,64.5083333],[-20.2148405,64.5063755],[-20.2176561,64.5046345]]],[[[-20.1993013,64.7183208],[-20.1998806,64.7191914],[-20.2012754,64.7207675],[-20.2019406,64.7208774],[-20.2027345,64.720685],[-20.2042794,64.7210698],[-20.2050519,64.7211615],[-20.2056957,64.7210057],[-20.2073693,64.7216563],[-20.2082491,64.7218029],[-20.2092147,64.7221877],[-20.211618,64.7221327],[-20.2137852,64.7214364],[-20.218463,64.721473],[-20.2213168,64.7218853],[-20.226574,64.722939],[-20.2287841,64.7232047],[-20.2307797,64.7239652],[-20.232389,64.725312],[-20.233419,64.7265579],[-20.2347279,64.7283168],[-20.2350712,64.7293153],[-20.2350068,64.7304511],[-20.2352643,64.7307167],[-20.235157,64.7316693],[-20.2337623,64.7342796],[-20.23417,64.7347925],[-20.2338267,64.7349115],[-20.2336765,64.735168],[-20.2343202,64.7354885],[-20.23417,64.737027],[-20.2349854,64.7377413],[-20.2347708,64.7381809],[-20.2353532,64.7391611],[-20.2353103,64.7400951],[-20.2344734,64.7412488],[-20.232671,64.7427961],[-20.2318341,64.7430067],[-20.2312119,64.7436018],[-20.2295167,64.7442884],[-20.2291734,64.7446272],[-20.2286155,64.7447187],[-20.228358,64.7448743],[-20.227607,64.744856],[-20.2271349,64.7449384],[-20.2269418,64.7450941],[-20.2254612,64.7453779],[-20.2255685,64.7455518],[-20.2254398,64.7457532],[-20.2250106,64.7457898],[-20.2250106,64.7459454],[-20.2240879,64.7462658],[-20.2241308,64.7464032],[-20.2239163,64.7465313],[-20.2232082,64.7465679],[-20.219732,64.7476573],[-20.2170713,64.7483255],[-20.2165563,64.7487557],[-20.2159125,64.7487649],[-20.2156336,64.748948],[-20.2158053,64.7491036],[-20.2156336,64.7491676],[-20.2151401,64.749131],[-20.2150757,64.7493233],[-20.2123077,64.7505772],[-20.2119429,64.7506139],[-20.2117712,64.7508701],[-20.212136,64.7509342],[-20.2122218,64.7511539],[-20.2111275,64.7515291],[-20.2103765,64.7515657],[-20.2100331,64.7515017],[-20.2097542,64.7515383],[-20.2097542,64.7516847],[-20.2091963,64.7518952],[-20.2064712,64.7520417],[-20.2026088,64.7531674],[-20.2022011,64.7531308],[-20.2010638,64.7534694],[-20.2012784,64.7536433],[-20.1999051,64.7540826],[-20.1995403,64.7543297],[-20.1990254,64.7541741],[-20.1975877,64.7546317],[-20.1972658,64.7549795],[-20.1965363,64.7550161],[-20.1959998,64.755437],[-20.1949055,64.755739],[-20.1946265,64.7556384],[-20.1941545,64.7556384],[-20.1928026,64.7561783],[-20.1902492,64.7566358],[-20.1892192,64.7565443],[-20.1881678,64.7569195],[-20.1872022,64.7568738],[-20.1869018,64.7571483],[-20.1815159,64.7578163],[-20.1810438,64.7575509],[-20.1800997,64.7577522],[-20.1787908,64.757679],[-20.1775891,64.7578437],[-20.1772029,64.7580359],[-20.1778896,64.7581274],[-20.1772458,64.7584843],[-20.1762373,64.7585575],[-20.1755507,64.7589143],[-20.1685769,64.7593718],[-20.1675685,64.7582555],[-20.1656641,64.7580267],[-20.1633949,64.7581365],[-20.1603157,64.7586855],[-20.1598866,64.7593581],[-20.1571185,64.7598384],[-20.1543291,64.7600306],[-20.1534386,64.7598636],[-20.1516093,64.7600317],[-20.1508529,64.760328],[-20.1441367,64.7601221],[-20.1423128,64.7603143],[-20.1371843,64.7598842],[-20.1333865,64.7592685]]],[[[-20.1333865,64.7592685],[-20.1330537,64.7582355],[-20.1315302,64.7561491],[-20.1307577,64.7555635],[-20.1301784,64.7545568],[-20.1285905,64.7533945],[-20.1276678,64.7520034],[-20.12608,64.7511796],[-20.1228613,64.7499715],[-20.1222176,64.7495504],[-20.1161665,64.7459071],[-20.1128835,64.7443966],[-20.1105661,64.7437191],[-20.1063174,64.7431606],[-20.1039786,64.7433987],[-20.1023907,64.743536],[-20.1000518,64.7431698],[-20.0992579,64.7425564],[-20.0997299,64.7418605],[-20.1025623,64.7417964],[-20.103764,64.7415858],[-20.1035709,64.7409174],[-20.1014251,64.739956],[-20.1008028,64.7397454]]],[[[-19.7884319,64.8676794],[-19.7891755,64.8680184],[-19.7888966,64.8683829],[-19.784884,64.8698592],[-19.7833176,64.871226],[-19.7834892,64.8717545],[-19.7798748,64.8739267],[-19.7791667,64.8751293],[-19.7781582,64.875931],[-19.7783084,64.8767965],[-19.7779865,64.8778624],[-19.7774501,64.8782997],[-19.7772999,64.8802309],[-19.7815271,64.8851948],[-19.7889729,64.8889741],[-19.7887583,64.8901761],[-19.7906466,64.8915692],[-19.7948308,64.8932536],[-19.8002381,64.8945282],[-19.8029204,64.8947741],[-19.8052807,64.8955297],[-19.8083921,64.895821],[-19.8097252,64.8955551],[-19.8110435,64.8954449],[-19.812331,64.895627],[-19.8182747,64.8955542],[-19.8206351,64.8957818],[-19.8253129,64.8956725],[-19.8316858,64.8959001],[-19.8335097,64.8957362],[-19.837651,64.8961459],[-19.839947,64.8961459],[-19.8425219,64.8959001],[-19.8470924,64.896765],[-19.8487846,64.897399],[-19.8522822,64.8979907],[-19.8602645,64.8982001],[-19.8614447,64.8986279],[-19.8621957,64.899702],[-19.8662297,64.9004939],[-19.8748128,64.9008853],[-19.8768513,64.9000206],[-19.874212,64.8971532],[-19.8737828,64.8961974],[-19.8743836,64.8955146],[-19.8761432,64.8951049],[-19.8800055,64.8954691],[-19.8887388,64.8954236],[-19.8928158,64.895378],[-19.8956696,64.8947225],[-19.8993604,64.894677],[-19.902858,64.8932203],[-19.9071495,64.8931293],[-19.9113337,64.8914631],[-19.9200241,64.8898696],[-19.9235646,64.8886858],[-19.9260752,64.8884855],[-19.9282853,64.8875475],[-19.9303667,64.8871651],[-19.9323623,64.8864092],[-19.9414174,64.8852526],[-19.9458377,64.88334],[-19.9490563,64.8827024],[-19.9562876,64.8813817],[-19.9569957,64.8806803],[-19.9602572,64.8798605],[-19.9627892,64.879651],[-19.9679391,64.8806074],[-19.9707286,64.8809263],[-19.9736254,64.8804435],[-19.9792044,64.8785305],[-19.9786679,64.8771914],[-19.9796335,64.8762986],[-19.9819939,64.8751871],[-19.9847404,64.8748227],[-19.9882166,64.8722259],[-19.9916069,64.8710414],[-19.9946968,64.8708591],[-19.9959413,64.8700573],[-19.9945895,64.8692371],[-19.9978082,64.8662115],[-20.0021641,64.8639968],[-20.0036161,64.8639282],[-20.0045817,64.8635454],[-20.0053971,64.8625473],[-20.0060566,64.8616995],[-20.0058064,64.8612904],[-20.0059388,64.860785],[-20.0063716,64.8602979],[-20.0072875,64.8600632],[-20.0080035,64.8595208],[-20.0106639,64.8597295],[-20.0108999,64.8593193],[-20.0086469,64.8583803],[-20.0085825,64.8573319],[-20.0094837,64.8564932],[-20.0092906,64.85477],[-20.0101918,64.8539038],[-20.0118226,64.8534844],[-20.0127238,64.8523719],[-20.0140327,64.8519069],[-20.0148481,64.8518522],[-20.0173587,64.8508491],[-20.0201482,64.8514874],[-20.0210923,64.8520345],[-20.0224441,64.8523628],[-20.0251693,64.8524084],[-20.0266928,64.8520072],[-20.0278729,64.8511044],[-20.0302333,64.85084],[-20.0333876,64.849162],[-20.0381726,64.8472286],[-20.0384516,64.8463804],[-20.0399107,64.8453407],[-20.0398463,64.8449393],[-20.039267,64.8449211],[-20.0387305,64.8450944],[-20.0384516,64.8454592],[-20.0381512,64.8454775],[-20.0365204,64.8452494],[-20.0361771,64.8446292],[-20.0370783,64.8441093],[-20.0398892,64.8441549],[-20.0403828,64.8443373],[-20.0408977,64.8447295],[-20.0434727,64.8449576],[-20.0440735,64.8447569],[-20.044567,64.8438539],[-20.0451893,64.8435803],[-20.0497168,64.8400683],[-20.0518626,64.8396578],[-20.0537294,64.8397581],[-20.05418,64.8395574],[-20.0542873,64.8391651],[-20.0547379,64.8390648],[-20.0548452,64.8386451],[-20.0543732,64.8382984],[-20.0546307,64.8380156],[-20.0549525,64.8378605],[-20.0554246,64.8378696],[-20.0561971,64.8376233],[-20.057227,64.837085],[-20.0585145,64.8369117],[-20.0595659,64.8362274],[-20.0594586,64.8354883],[-20.0590295,64.834731],[-20.0581926,64.8341014],[-20.0581497,64.8318749],[-20.058772,64.8315555],[-20.0593513,64.8314916],[-20.0595874,64.831008],[-20.0601238,64.8308072],[-20.0611538,64.8307251],[-20.0616902,64.8303418],[-20.0612611,64.8298763],[-20.0613898,64.8287903],[-20.0634068,64.8273392],[-20.0626129,64.8268554],[-20.0627417,64.8263534],[-20.0632566,64.8261526],[-20.064351,64.8261344],[-20.066604,64.8248474],[-20.0676769,64.8243362],[-20.0679773,64.8240076],[-20.0678915,64.8238068],[-20.0669044,64.8232408],[-20.0674409,64.822894],[-20.0680202,64.8229487],[-20.0686854,64.8225471],[-20.0687713,64.8223097],[-20.0703806,64.8213603],[-20.0700802,64.8209221],[-20.0706381,64.8202374],[-20.0707025,64.8198084],[-20.071196,64.8196623],[-20.072698,64.8196075],[-20.0729984,64.8191875],[-20.0721401,64.8181011],[-20.0690073,64.8166585],[-20.0679773,64.8159463],[-20.0672263,64.8159189],[-20.0670117,64.8161654],[-20.0662822,64.8161289],[-20.0656599,64.8158915],[-20.0659388,64.8155993],[-20.0657886,64.8152523],[-20.0662393,64.8150606],[-20.0666684,64.8150789],[-20.0679988,64.8154715],[-20.0692004,64.8147227],[-20.0698871,64.8147684],[-20.0712389,64.8131978],[-20.0725907,64.8123485],[-20.0729126,64.8118371],[-20.0741142,64.8115905],[-20.0744575,64.8113896],[-20.0748009,64.8108782],[-20.0751871,64.8107321],[-20.07626,64.8108508],[-20.0771183,64.8100745],[-20.0787705,64.8098553],[-20.0789637,64.8081474],[-20.0788135,64.8078826],[-20.0766033,64.8077821],[-20.0753373,64.8070697],[-20.0748438,64.8062842],[-20.0757021,64.8048318],[-20.0763244,64.8033976],[-20.0754446,64.8028678],[-20.0755948,64.8025389],[-20.0760883,64.8023836],[-20.0769252,64.802274],[-20.0775689,64.8016345],[-20.0771827,64.8014152],[-20.077526,64.8009767],[-20.0770968,64.8000722],[-20.0776977,64.7993596],[-20.0797361,64.798985],[-20.0801009,64.7985921],[-20.0801009,64.7983546],[-20.0804228,64.7982998],[-20.0812382,64.798519],[-20.0824183,64.7982906],[-20.0824827,64.7981627],[-20.0814742,64.7977424],[-20.0818604,64.7974683],[-20.081839,64.797249],[-20.0822467,64.7968744],[-20.082869,64.7968104],[-20.08362,64.7961343],[-20.0829333,64.79565],[-20.08259,64.7950012],[-20.0830835,64.7947819],[-20.0837702,64.7947179],[-20.0838989,64.794526],[-20.0843924,64.794325],[-20.0842852,64.7940965],[-20.0846714,64.793466],[-20.0837487,64.7928994],[-20.0839633,64.7927806],[-20.0851649,64.7927988],[-20.0878042,64.7906694],[-20.0888986,64.7892437],[-20.0884694,64.7884576],[-20.0885767,64.7881103],[-20.0880188,64.7876076],[-20.0874824,64.7853041],[-20.0881046,64.7847465],[-20.0881046,64.7844997],[-20.0868815,64.7841523],[-20.0868815,64.7832198],[-20.0879115,64.782589],[-20.08789,64.7824976],[-20.0876755,64.7822782],[-20.0884479,64.7816839],[-20.0884265,64.7811354],[-20.0874824,64.7809982],[-20.0872678,64.7808154],[-20.0875467,64.7805685],[-20.0869674,64.7801937],[-20.0869459,64.7791879],[-20.086152,64.7788953],[-20.0860447,64.7785113],[-20.086667,64.7781821],[-20.0870532,64.7773866],[-20.0875253,64.7771215],[-20.0875253,64.7763351],[-20.0891131,64.7753475],[-20.0896925,64.7745062],[-20.0881475,64.772229],[-20.0883836,64.7718632],[-20.0902075,64.7708937],[-20.0902289,64.77029],[-20.0891131,64.7687077],[-20.0885338,64.768479],[-20.0885767,64.7679119],[-20.0892419,64.7670063],[-20.0905508,64.7667045],[-20.092997,64.7666496],[-20.0941986,64.7664026],[-20.0954002,64.7663294],[-20.0967306,64.7655518],[-20.0968808,64.7652957],[-20.0962156,64.7647011],[-20.0967306,64.7645273],[-20.0982112,64.7638137],[-20.0980181,64.7631916],[-20.0944132,64.7616637],[-20.0927395,64.7606847],[-20.0928682,64.7605017],[-20.0941771,64.7603919],[-20.0944561,64.7584887],[-20.0947994,64.7572992],[-20.0943059,64.755835],[-20.0937003,64.7556275],[-20.0934214,64.7543463],[-20.0936574,64.7530834],[-20.0946016,64.7524519],[-20.094902,64.7513261],[-20.0952667,64.7511064],[-20.0959319,64.7511247],[-20.0964684,64.7508868],[-20.0971979,64.7500996],[-20.0971121,64.7496053],[-20.0951809,64.7489463],[-20.0939793,64.7478753],[-20.0909108,64.7473993],[-20.0899023,64.747143],[-20.0895805,64.7469599],[-20.090074,64.7467493],[-20.0905461,64.7467127],[-20.0935072,64.7452938],[-20.093357,64.7449367],[-20.0924129,64.7448452],[-20.0905031,64.7450374],[-20.0900096,64.7449642],[-20.0899667,64.7448452],[-20.0909537,64.7444515],[-20.09134,64.7439571],[-20.0928206,64.7434628],[-20.0930351,64.743124],[-20.0927991,64.7426204],[-20.0920266,64.7425197],[-20.0919408,64.7422908],[-20.0924772,64.7419246],[-20.0937003,64.7417323],[-20.0945157,64.7414302],[-20.0971121,64.7411006],[-20.099215,64.7403406],[-20.0986571,64.7399652],[-20.0989145,64.7398828],[-20.0995797,64.7399285],[-20.0998801,64.7397454],[-20.1008028,64.7397454]]],[[[-19.7884319,64.8676794],[-19.7881262,64.86754],[-19.7874886,64.8670078],[-19.7878748,64.8656134],[-19.7874338,64.865428]]],[[[-19.7874338,64.865428],[-19.785772,64.8647293],[-19.7853428,64.8635627],[-19.785772,64.8626968],[-19.7845489,64.8618582],[-19.7851283,64.8609649],[-19.7846991,64.8603723],[-19.7836906,64.8602174],[-19.7813303,64.8590323],[-19.7815448,64.8583668],[-19.7810513,64.8564067],[-19.779442,64.8562061],[-19.7793991,64.8557685],[-19.7798711,64.8554311],[-19.7798711,64.8547017],[-19.781223,64.8541273],[-19.7805792,64.8538082],[-19.7807294,64.8530149],[-19.7798711,64.8525134],[-19.7792703,64.8517566],[-19.779914,64.8509359],[-19.780944,64.8505255],[-19.780944,64.8503431],[-19.779163,64.8495224],[-19.7778327,64.8473154],[-19.7766525,64.8467226],[-19.7745067,64.8445062],[-19.7741205,64.8433204],[-19.7748715,64.8432566],[-19.7747642,64.8420434],[-19.7740776,64.8415417],[-19.7737557,64.8407207],[-19.7749359,64.8393067],[-19.7765881,64.8379199],[-19.7764379,64.8362503],[-19.7780901,64.8347448],[-19.778412,64.8337411],[-19.7817379,64.8334491],[-19.7817379,64.8329016],[-19.7831971,64.8325549],[-19.7840983,64.8321716],[-19.7865659,64.8320986],[-19.7918874,64.8304104],[-19.7957927,64.8298628],[-19.8001486,64.8300453],[-19.8033029,64.8308667],[-19.8054487,64.8325092],[-19.8115212,64.8340149],[-19.8143536,64.8338597],[-19.8166067,64.833221],[-19.8169285,64.8326735],[-19.8165637,64.8321899],[-19.818216,64.8302735],[-19.8179585,64.8297989],[-19.8204261,64.8276268],[-19.8204261,64.8271705],[-19.8196751,64.8269879],[-19.8161775,64.8272891],[-19.8153192,64.8271522],[-19.8142463,64.8262577],[-19.8136026,64.8260569],[-19.8134524,64.8251442],[-19.8139245,64.8246148],[-19.816671,64.8240671],[-19.8174221,64.823565],[-19.8187095,64.8238663],[-19.8192889,64.8248247],[-19.8202545,64.8244779],[-19.8213274,64.822424],[-19.8236448,64.82037],[-19.8256189,64.8201417],[-19.8275072,64.8190279],[-19.8279363,64.8185897],[-19.8275715,64.8182519],[-19.8317987,64.8154671],[-19.8325068,64.8156497],[-19.8352319,64.8145996],[-19.8364121,64.8136408],[-19.8401243,64.812198],[-19.8414117,64.8098966],[-19.8407036,64.8090929],[-19.8385579,64.8073849],[-19.8385579,64.8069739],[-19.8395235,64.8064898],[-19.8413474,64.8064715],[-19.843815,64.8071292],[-19.8456389,64.8084992],[-19.8474628,64.8082526],[-19.8484284,64.8076133],[-19.8498875,64.8075219],[-19.8503596,64.8070653],[-19.8492438,64.8065355],[-19.8469264,64.8056951],[-19.8468834,64.8051928],[-19.8476345,64.8046903],[-19.8483855,64.804599],[-19.8494584,64.8048],[-19.851175,64.8057591],[-19.8523981,64.8063071],[-19.8536426,64.8063528],[-19.8547155,64.8060605],[-19.8563248,64.8061519],[-19.8577625,64.8066999],[-19.860552,64.8068552],[-19.8613674,64.8067182],[-19.8615819,64.8048913],[-19.8594362,64.8036398],[-19.8551876,64.8030643],[-19.8498875,64.8034754],[-19.8446304,64.8029547],[-19.8376352,64.8028999],[-19.8361975,64.8023792],[-19.8340518,64.8023792],[-19.8293311,64.8037038],[-19.8269707,64.8041605],[-19.8220784,64.8045259],[-19.8207909,64.8047543],[-19.8177868,64.8046812],[-19.8165423,64.8041331],[-19.8153192,64.8025619],[-19.8141819,64.8022147],[-19.814139,64.8007804],[-19.814933,64.7989532],[-19.8158986,64.798405],[-19.8214132,64.7968791],[-19.8234087,64.7966233],[-19.8237735,64.7961024],[-19.8236233,64.7955267],[-19.8223359,64.7950699],[-19.8182589,64.7945033],[-19.8148257,64.7946586],[-19.8125726,64.7962395],[-19.8093969,64.7968974],[-19.8088604,64.7971715],[-19.8087102,64.7975644],[-19.8063928,64.7982679],[-19.8057491,64.7981583],[-19.8044616,64.7975187],[-19.8005563,64.7963309],[-19.797445,64.796075],[-19.7942263,64.7953257],[-19.7928745,64.7947774],[-19.7910506,64.7937905],[-19.7904068,64.7929498],[-19.7881538,64.792173],[-19.785493,64.7918988],[-19.7827465,64.7918074],[-19.7819954,64.7913048],[-19.7803861,64.7911403],[-19.7780472,64.7912774]]],[[[-19.7756225,64.7888371],[-19.7765881,64.7880785],[-19.7769529,64.7872558],[-19.7767383,64.7865246],[-19.777382,64.7859761],[-19.7772748,64.7857019],[-19.7778756,64.7851991],[-19.779957,64.7849066],[-19.7798497,64.7841936],[-19.7781331,64.7828223],[-19.7775966,64.7820452],[-19.7779614,64.7806098],[-19.7798497,64.7780954],[-19.7818751,64.775532],[-19.7819954,64.7753796],[-19.7841412,64.7741451],[-19.7869307,64.7725447],[-19.7892267,64.7720142],[-19.7930891,64.7717124],[-19.797166,64.7716941],[-19.7989899,64.7717581],[-19.8002774,64.7710722],[-19.8011357,64.7707978],[-19.8018867,64.7701576],[-19.8018223,64.7698374],[-19.8032171,64.7678983],[-19.8024231,64.7661146],[-19.8021013,64.7633427],[-19.8006422,64.7611286],[-19.7981745,64.7591797],[-19.7983891,64.7585118],[-19.7973162,64.7564071],[-19.7959215,64.7540277],[-19.7965008,64.7531583],[-19.7982174,64.7521058],[-19.8004705,64.7516482],[-19.801715,64.7498634],[-19.8047191,64.7486734],[-19.8179156,64.7464124],[-19.8208124,64.7460004],[-19.8212415,64.745561],[-19.8261768,64.7449659],[-19.8275715,64.7436842],[-19.8298246,64.7431807],[-19.8292238,64.7424025],[-19.8305756,64.7419447],[-19.8317987,64.7418806],[-19.8325497,64.74167],[-19.8331505,64.7409833],[-19.8339445,64.7408459],[-19.8379785,64.7412122],[-19.8420163,64.7413842],[-19.8434754,64.7413842],[-19.847209,64.7409264],[-19.8507281,64.7408165],[-19.851758,64.7403953],[-19.851286,64.7400474],[-19.8515005,64.7391317],[-19.8532172,64.7387105],[-19.854805,64.7386739],[-19.8551054,64.7385274],[-19.8572941,64.7386189],[-19.8605986,64.7377765],[-19.8625727,64.737923],[-19.8654909,64.7374102],[-19.8692246,64.7376666],[-19.8720141,64.7379963],[-19.8734303,64.7378864],[-19.8796101,64.7386006],[-19.8807259,64.7390035],[-19.8834725,64.7393515],[-19.8896952,64.73915],[-19.8923989,64.7393698],[-19.8946305,64.7390585]]],[[[-20.3689123,64.7020739],[-20.368063,64.7017674],[-20.3668452,64.7015367],[-20.3648153,64.701425],[-20.3634774,64.7016353],[-20.3610323,64.7024699],[-20.3601865,64.7025487],[-20.3582489,64.7024042],[-20.3564958,64.7025093],[-20.3558346,64.7028444],[-20.3538969,64.7031533],[-20.3534971,64.7030942],[-20.3532203,64.7026605],[-20.3525591,64.7027196],[-20.3522515,64.7030482],[-20.351744,64.7031862],[-20.3506522,64.7032584],[-20.3489145,64.7037184],[-20.3461157,64.704047],[-20.3438244,64.7046712],[-20.3421789,64.705348],[-20.3417791,64.7066423],[-20.3412409,64.7070169],[-20.341287,64.7074965],[-20.3397031,64.7085805],[-20.3399799,64.708955],[-20.3393647,64.7092309],[-20.3392417,64.7095003],[-20.338642,64.7091521],[-20.3380884,64.7092375],[-20.3381191,64.7081338],[-20.3374425,64.7082717],[-20.336812,64.7086988],[-20.3364275,64.7087645],[-20.3360431,64.7092506],[-20.3349359,64.7098025],[-20.3340747,64.7099667],[-20.3326446,64.7098944],[-20.3314451,64.7090141],[-20.3305685,64.7077067],[-20.3310606,64.7071548],[-20.3319064,64.7069643],[-20.3332443,64.7069052],[-20.3345976,64.7071483],[-20.3379807,64.7073979],[-20.339334,64.7067935],[-20.3397646,64.7060773],[-20.3415792,64.7054268],[-20.3417637,64.7048946],[-20.3416099,64.7046712],[-20.3408872,64.7044478],[-20.3400567,64.7045726],[-20.3393494,64.7045069],[-20.3373656,64.7047172],[-20.3371196,64.7055648],[-20.3350897,64.7058342],[-20.3346591,64.7063598],[-20.3326599,64.7061364],[-20.3323062,64.7054662],[-20.3315527,64.705026],[-20.3307069,64.7052691],[-20.3281388,64.7046909],[-20.3249863,64.7043492],[-20.3215788,64.7041538],[-20.3205839,64.7036877],[-20.3183737,64.7034401],[-20.3134814,64.703706],[-20.3117218,64.7042837],[-20.3104773,64.7045954],[-20.3100482,64.7046137],[-20.3097263,64.7045037],[-20.3088036,64.7046687],[-20.3056708,64.7046321],[-20.3052631,64.7045495],[-20.3050485,64.7046504],[-20.3052631,64.7049163],[-20.3058424,64.7050355],[-20.3063789,64.7056039],[-20.3067437,64.7055947],[-20.3068295,64.7062273],[-20.3061214,64.706484],[-20.3061429,64.7067682],[-20.3072587,64.7074467],[-20.3054133,64.7085926],[-20.3043833,64.7090051],[-20.3036752,64.7090509],[-20.3024521,64.7088584],[-20.3017655,64.7090143],[-20.3003922,64.7089043],[-20.299727,64.7085834],[-20.2991047,64.7086567],[-20.2981821,64.7084459],[-20.2971092,64.7074925],[-20.296444,64.7059798],[-20.2957359,64.7057231],[-20.2956071,64.7054114],[-20.2962509,64.7050355],[-20.2964869,64.7047054],[-20.2963152,64.7036235],[-20.2965727,64.7035043],[-20.2965513,64.7032934],[-20.2961865,64.7031467],[-20.2949634,64.7029083],[-20.2940622,64.7030092],[-20.2936974,64.7032384],[-20.2935472,64.7035777],[-20.2942124,64.7043295],[-20.2933541,64.7044762],[-20.2932468,64.7047054],[-20.2934614,64.705008],[-20.2934828,64.7055764],[-20.2938905,64.7058606],[-20.2942553,64.7068508],[-20.2940836,64.7070891],[-20.2933112,64.7071991],[-20.293161,64.707355],[-20.293397,64.7077584],[-20.2933112,64.7080517],[-20.2930108,64.7088218],[-20.2927318,64.7088676],[-20.2923027,64.7085284],[-20.2920452,64.7085192],[-20.2919164,64.7095918],[-20.2916589,64.7096285],[-20.2906504,64.7091151],[-20.2903285,64.7090601],[-20.2900925,64.7094634],[-20.2897063,64.7094726],[-20.2891484,64.7089868],[-20.2891698,64.7085926],[-20.2885476,64.7080242],[-20.2871743,64.7077033],[-20.2867451,64.7080884],[-20.2862945,64.7081525],[-20.2859726,64.7073916],[-20.2855864,64.7071075],[-20.285286,64.7072175],[-20.2852002,64.7080059],[-20.2847496,64.7084367],[-20.2846852,64.7090143],[-20.2849856,64.7095551],[-20.2848354,64.7097018],[-20.2842131,64.7097018],[-20.282003,64.7091976],[-20.2808228,64.7091334],[-20.2785912,64.7087851],[-20.2774539,64.7084001],[-20.2753296,64.7070983],[-20.2749649,64.7070799],[-20.273377,64.7075475],[-20.2723685,64.707465],[-20.2711668,64.7067591],[-20.2695361,64.7067957],[-20.2687421,64.7067407],[-20.2681484,64.7065115],[-20.267994,64.7061286],[-20.2684017,64.7057252],[-20.267994,64.7052851],[-20.267715,64.7051842],[-20.2668996,64.7053309],[-20.2644964,64.7051384],[-20.2644105,64.7053951],[-20.2648826,64.7062661],[-20.2647539,64.7068528],[-20.2649899,64.7074487],[-20.2643891,64.7081179],[-20.2644749,64.7085671],[-20.2648182,64.7086771],[-20.2649041,64.7091813],[-20.2644964,64.709713],[-20.264947,64.7108038],[-20.2646895,64.7112988],[-20.2660842,64.7130495],[-20.2658482,64.7137278],[-20.2653976,64.7138286],[-20.2661271,64.7148093],[-20.2661271,64.7149651],[-20.2653976,64.7152584],[-20.2647324,64.7153409],[-20.2637239,64.7150384],[-20.2627368,64.714406],[-20.2609773,64.7133245],[-20.2574368,64.7117021],[-20.2566429,64.7111338],[-20.2549048,64.710318],[-20.2546687,64.7100888],[-20.2546258,64.7098688],[-20.2550121,64.7096947],[-20.2550335,64.7095388],[-20.2545615,64.709438],[-20.2534886,64.709658],[-20.2521153,64.7095113],[-20.2504416,64.7086955],[-20.2501626,64.7083746],[-20.250227,64.7075037],[-20.2525444,64.7062936],[-20.2525874,64.705771],[-20.2541752,64.7053034],[-20.2542181,64.7051842],[-20.2526303,64.7050834],[-20.2518363,64.7053126],[-20.2516218,64.705936],[-20.2508278,64.7059452],[-20.250506,64.7061652],[-20.2495833,64.7065228],[-20.2494331,64.7069262],[-20.2487679,64.7074946],[-20.2483602,64.7075587],[-20.2479525,64.7080171],[-20.2465792,64.7080171],[-20.2463217,64.7081638],[-20.2463432,64.7086496],[-20.2470942,64.709383],[-20.246944,64.7097405],[-20.2469654,64.7101347],[-20.247931,64.710703],[-20.2484246,64.7112988],[-20.2481456,64.711693],[-20.2475448,64.7118396],[-20.2471156,64.7117755],[-20.24718,64.7121604],[-20.2475019,64.7123346],[-20.2475448,64.7125637],[-20.2473946,64.7127471],[-20.2474161,64.713407],[-20.2477379,64.7137644],[-20.2473088,64.7143327],[-20.2463432,64.7146718],[-20.2455063,64.7147818],[-20.2448411,64.7150384],[-20.2443047,64.7151301],[-20.2441545,64.7153042],[-20.2441974,64.7155333],[-20.243897,64.716294],[-20.2441545,64.7167339],[-20.2445407,64.7168897],[-20.2447338,64.7174762],[-20.244412,64.7178794],[-20.2432103,64.718585],[-20.2402063,64.7188874],[-20.2396055,64.7187683],[-20.2358933,64.7160374],[-20.2343698,64.7147451],[-20.2339406,64.7145435],[-20.2337046,64.7143327],[-20.2340479,64.7138653],[-20.2347775,64.7134345],[-20.2344771,64.7130404],[-20.2338548,64.7128845],[-20.2331467,64.7128937],[-20.2324171,64.7131962],[-20.2308936,64.713517],[-20.2300568,64.7140302],[-20.2290483,64.7142594],[-20.228426,64.7147176],[-20.2260871,64.7153317],[-20.2251215,64.7153225],[-20.224628,64.7154417],[-20.2227826,64.7155242],[-20.2209587,64.7152492],[-20.2197786,64.7153134],[-20.218813,64.7150934],[-20.2175899,64.7152034],[-20.2166243,64.715625],[-20.2142854,64.7159366],[-20.2121759,64.7163138],[-20.2116394,64.7163138],[-20.2113605,64.7161855],[-20.2087641,64.7162955],[-20.2082491,64.716543],[-20.2065754,64.7165613],[-20.2061033,64.7164788],[-20.2061033,64.7157915],[-20.2059531,64.715764],[-20.2056313,64.7160022],[-20.2055454,64.7163047],[-20.2047944,64.716378],[-20.2040649,64.7163505],[-20.2036786,64.7161397],[-20.2037645,64.7159381],[-20.2034855,64.7157915],[-20.2029062,64.7158189],[-20.2027345,64.7159931],[-20.2032066,64.7165796],[-20.2023268,64.7174319],[-20.2007175,64.71811],[-20.1994086,64.7182475],[-20.1993013,64.7183208]]],[[[-20.3893023,64.7016841],[-20.3885833,64.7021106],[-20.3883151,64.7028946],[-20.3886046,64.7032934],[-20.3888408,64.7046688],[-20.3861156,64.7073733],[-20.384399,64.7076759],[-20.3769746,64.7085926],[-20.3730908,64.7088034],[-20.3710952,64.7085834],[-20.368413,64.7077951],[-20.3665676,64.7077308],[-20.3652802,64.7067499],[-20.3647653,64.7062732],[-20.3647009,64.7053197],[-20.3638211,64.703596],[-20.3649155,64.7032843],[-20.368397,64.702763],[-20.3688844,64.7025078],[-20.3689913,64.7022845],[-20.3689123,64.7020739]]],[[[-20.467439,64.6956177],[-20.4668167,64.6950399],[-20.4673317,64.694407],[-20.467203,64.6941227],[-20.4655078,64.6941594],[-20.4643705,64.6934715],[-20.4629114,64.6930404],[-20.4632547,64.6936091],[-20.4621819,64.6939393],[-20.4595211,64.6940493],[-20.4576328,64.6943795],[-20.4565385,64.6941961],[-20.4557875,64.6942236],[-20.4490927,64.6943795],[-20.4468396,64.6937191],[-20.4432347,64.6943337],[-20.441561,64.6950216],[-20.4405096,64.6955168],[-20.4401019,64.6964798],[-20.4368189,64.6964982],[-20.4356602,64.6959754],[-20.4319909,64.696489],[-20.4293516,64.6961863],[-20.4274419,64.6962872],[-20.4249743,64.6968467],[-20.4211548,64.6969934],[-20.420275,64.6968834],[-20.417743,64.697076],[-20.4164341,64.6970301],[-20.4153183,64.6975345],[-20.4137948,64.697076],[-20.4133657,64.697076],[-20.4127005,64.6974061],[-20.4112199,64.697938],[-20.4099539,64.6980022],[-20.408881,64.6986717],[-20.4057053,64.699011],[-20.4046109,64.6990202],[-20.4045036,64.6984883],[-20.4031089,64.6988368],[-20.4010704,64.6990844],[-20.3982809,64.6991669],[-20.3979805,64.7001481],[-20.3972509,64.7005699],[-20.3957489,64.7006066],[-20.3943542,64.700359],[-20.3936461,64.7004599],[-20.392895,64.7008817],[-20.3893023,64.7016841]]],[[[-20.5085229,64.6844563],[-20.5078867,64.6840866],[-20.5065563,64.6837471],[-20.5052903,64.6837379],[-20.5015996,64.6846738],[-20.4991749,64.6855454],[-20.4953125,64.6880868],[-20.4931453,64.689206],[-20.4913428,64.6900408],[-20.4889825,64.6906921],[-20.4732755,64.6941044],[-20.4690698,64.6950949],[-20.467439,64.6956177]]],[[[-20.5374586,64.6758576],[-20.5319654,64.6773995],[-20.5288326,64.6780236],[-20.5256998,64.6791708],[-20.5193269,64.6810245],[-20.5150353,64.6817861],[-20.513426,64.6815292],[-20.5132543,64.6816577],[-20.5137908,64.6819697],[-20.5123317,64.6822082],[-20.5121815,64.6824468],[-20.5124604,64.682612],[-20.5109369,64.6828414],[-20.5100357,64.6834011],[-20.5098211,64.6838874],[-20.5090272,64.6842269],[-20.5085229,64.6844563]]],[[[-20.2176561,64.5046345],[-20.2190676,64.5037616],[-20.2226725,64.5046206],[-20.2257409,64.50487],[-20.2337232,64.5064586],[-20.2364698,64.5062277],[-20.239152,64.5045744],[-20.2401605,64.5046576],[-20.2430787,64.5054426],[-20.245482,64.5054888],[-20.2534857,64.5049808],[-20.2546659,64.5051286],[-20.2566185,64.5062646],[-20.2634206,64.5073729],[-20.2664891,64.5071789],[-20.2708235,64.5059506],[-20.2743426,64.5036139],[-20.27769,64.5025794],[-20.280458,64.5033091],[-20.2814236,64.5030781],[-20.2824536,64.5021637],[-20.2827111,64.5008612],[-20.2842775,64.50027],[-20.29035,64.4994941],[-20.2935687,64.4989675],[-20.2940836,64.4993555]]],[[[-20.2940836,64.4993555],[-20.2946415,64.500658],[-20.2963367,64.501905],[-20.297195,64.5034291],[-20.2974096,64.5049439],[-20.2969375,64.5060245],[-20.2971521,64.5071512],[-20.2960363,64.5084441],[-20.2960148,64.5087766],[-20.2965084,64.5093676],[-20.2965084,64.5096724],[-20.2960148,64.5101618],[-20.2958002,64.5107989],[-20.2965513,64.5112237],[-20.29668,64.5116392],[-20.2964011,64.5117685],[-20.2963581,64.5119994],[-20.2971092,64.5125626],[-20.2962294,64.5153325],[-20.2952209,64.5157757],[-20.2939334,64.5169112],[-20.2927533,64.5176313],[-20.2919379,64.5186468],[-20.2919379,64.5191915],[-20.2924099,64.5196807],[-20.2921095,64.5207607],[-20.2917233,64.52125],[-20.2909294,64.5215546],[-20.290865,64.5219607],[-20.2911868,64.5229114],[-20.2911225,64.5232806],[-20.2898565,64.5242682],[-20.289835,64.5248497],[-20.2901569,64.525145],[-20.293118,64.5265386],[-20.293397,64.5269262],[-20.2937189,64.5277291],[-20.2928391,64.5305897],[-20.2919808,64.5318354],[-20.2918306,64.5328503],[-20.2920452,64.5337269],[-20.2919808,64.5345849],[-20.2917903,64.5349],[-20.2909224,64.5356855],[-20.2903242,64.537441],[-20.2906626,64.5389336],[-20.2902066,64.5406985],[-20.2895053,64.5422035],[-20.2893248,64.5428879],[-20.2883,64.5442896],[-20.2880196,64.5451287],[-20.2872752,64.5458811],[-20.2871334,64.5461917],[-20.2873743,64.5465655],[-20.2881504,64.5468324],[-20.2903151,64.5466097]]],[[[-20.2903151,64.5466097],[-20.2911488,64.5485318],[-20.2932482,64.5485881],[-20.2948178,64.5491883],[-20.2959164,64.5492826],[-20.2979856,64.5489261],[-20.2987943,64.5492315],[-20.2991804,64.5496427],[-20.2992347,64.5503644],[-20.300643,64.5517818],[-20.3037263,64.5541758],[-20.3065505,64.5543274],[-20.3085808,64.5539058],[-20.3137172,64.5536152],[-20.315509,64.5527312],[-20.3177792,64.552381],[-20.3235295,64.5525236],[-20.3278375,64.5522047],[-20.3304089,64.5526383],[-20.3325482,64.5522733],[-20.3329215,64.5516427],[-20.3364372,64.551012],[-20.3377586,64.5492192],[-20.3392514,64.5479839],[-20.3424368,64.5475898],[-20.3468853,64.5475445],[-20.3512309,64.548157],[-20.3549563,64.5479357],[-20.3591232,64.5468606],[-20.3608791,64.5457824],[-20.3638859,64.5445777],[-20.3668973,64.5419279],[-20.3681675,64.5397834],[-20.3686701,64.5383632],[-20.3676715,64.5362217],[-20.3678237,64.533498],[-20.3658271,64.5281543],[-20.3655035,64.5268329],[-20.3655332,64.5254548],[-20.3665507,64.5239815],[-20.3668178,64.5230082],[-20.3676617,64.5222037],[-20.3679954,64.5213456],[-20.3679561,64.51972],[-20.368746,64.5189642],[-20.3680641,64.5180438],[-20.3678482,64.5137512],[-20.368432,64.508548],[-20.369486,64.5068483]]],[[[-20.3706463,64.5062287],[-20.3729992,64.5053831],[-20.3754216,64.5047795],[-20.3780756,64.5043529],[-20.3830111,64.5041139],[-20.3976411,64.5038825],[-20.4013641,64.504081],[-20.4048295,64.504686],[-20.4076619,64.5057389],[-20.410902,64.5056742],[-20.4174895,64.5050554],[-20.4259009,64.5057943],[-20.4331536,64.5051478],[-20.4422302,64.5065147],[-20.4570485,64.5123786],[-20.4643317,64.5176413],[-20.4671855,64.5209597],[-20.4696101,64.5244996],[-20.478224,64.5281138],[-20.4816847,64.5324986],[-20.4867119,64.5414398],[-20.4910679,64.549537],[-20.4891044,64.5541927],[-20.4887719,64.5573369],[-20.4907461,64.5598533],[-20.4913683,64.5620423],[-20.4911108,64.5627935],[-20.4899521,64.5635539],[-20.4892247,64.563857]]],[[[-20.4892247,64.563857],[-20.4874416,64.5645999],[-20.4858322,64.5658671],[-20.4853923,64.5669706],[-20.4859829,64.5679178]]],[[[-20.4859829,64.5679178],[-20.4860279,64.5679795],[-20.487119,64.5687269],[-20.4874525,64.568835],[-20.4881897,64.5690812],[-20.4907173,64.5699291],[-20.4945153,64.5702055],[-20.4980773,64.5694038],[-20.5028194,64.5676162]]],[[[-20.5028194,64.5676162],[-20.5042356,64.5676254],[-20.5061561,64.568616],[-20.5095357,64.569496],[-20.5140418,64.5701686],[-20.5200499,64.5702608],[-20.5465716,64.5691274],[-20.5562275,64.5697079],[-20.5585879,64.5703529]]],[[[-20.5585879,64.5703529],[-20.557515,64.5719837],[-20.5583089,64.5720482],[-20.5626649,64.5728129],[-20.5651754,64.5730893],[-20.5660337,64.5737342]]],[[[-20.5660337,64.5737342],[-20.5653256,64.5746831],[-20.5607337,64.57846],[-20.5553049,64.5804864],[-20.5520862,64.5827337],[-20.5503052,64.5855241],[-20.5497259,64.5894836],[-20.5497503,64.5899619],[-20.5498117,64.5911685],[-20.5507988,64.5918775]]],[[[-20.5507988,64.5918775],[-20.5530304,64.5921168],[-20.5558414,64.5919176],[-20.5579228,64.5915493],[-20.5594892,64.5918255],[-20.5622787,64.5917979],[-20.5626435,64.5915862],[-20.5623431,64.5912179],[-20.5599184,64.5908128],[-20.5596394,64.5903248],[-20.5612058,64.5898921],[-20.560841,64.588603],[-20.5619998,64.5868903],[-20.5655617,64.5853248],[-20.5696387,64.5843671],[-20.570497,64.5843671],[-20.5703683,64.5854445],[-20.5689306,64.5871942],[-20.5700035,64.5875625],[-20.5712266,64.587498],[-20.5717201,64.5871665],[-20.5713553,64.5867337],[-20.5737157,64.5863009],[-20.5768056,64.5863378],[-20.577578,64.5868258],[-20.5785222,64.5867614],[-20.5791659,64.586393],[-20.5791659,64.5857484],[-20.5797238,64.5856011],[-20.5814404,64.585905],[-20.5822343,64.585509],[-20.5834574,64.5836672],[-20.5846591,64.583483],[-20.5856676,64.5838145],[-20.5858822,64.5847999],[-20.5868048,64.5851406],[-20.5878777,64.5851959],[-20.5883927,64.584671],[-20.5880279,64.5840263],[-20.5883927,64.5828936],[-20.5931134,64.582737],[-20.5946154,64.5820002],[-20.5994005,64.5819726],[-20.6011815,64.5820647],[-20.6026835,64.5827738],[-20.60749,64.5830778],[-20.6092066,64.5826817],[-20.611567,64.5828659],[-20.6127042,64.5832619],[-20.6127042,64.5838145],[-20.6112022,64.5841184],[-20.6111378,64.5844315],[-20.6187616,64.5857838],[-20.6192059,64.5858681],[-20.6251497,64.5870376],[-20.6304497,64.5889713],[-20.6327242,64.5894593],[-20.6344409,64.590288],[-20.6343121,64.5912455],[-20.6355996,64.5917611],[-20.6352992,64.5927462],[-20.6358785,64.5931421],[-20.6355996,64.5947439],[-20.6380887,64.594928],[-20.6385178,64.5959682],[-20.6380887,64.5978369],[-20.6361575,64.5989138],[-20.6360287,64.5993464],[-20.6374449,64.5998342],[-20.637166,64.600414],[-20.6373806,64.6007546],[-20.6383032,64.600727],[-20.6421013,64.5979933],[-20.6429596,64.5949556],[-20.6426806,64.5919452],[-20.6439681,64.5907852],[-20.6452242,64.5905881]]],[[[-20.6452242,64.5905881],[-20.6459636,64.5904721],[-20.6480606,64.5893563],[-20.6495471,64.5891831]]],[[[-20.6495471,64.5891831],[-20.6506199,64.5895238],[-20.6502552,64.5908128],[-20.6487531,64.5924976],[-20.6484742,64.5937313],[-20.6493325,64.5940074],[-20.652122,64.5943389],[-20.6532807,64.5949556],[-20.6555123,64.5953284],[-20.6558988,64.5952554],[-20.6560992,64.5950284],[-20.6555268,64.594656],[-20.6529912,64.5943189],[-20.6531825,64.5940491],[-20.6541034,64.5940371],[-20.6565423,64.5940074],[-20.6580658,64.5947255],[-20.6590801,64.5949789],[-20.6597082,64.5953612],[-20.6617516,64.5953794],[-20.6637091,64.5958762],[-20.6659836,64.5971005],[-20.6659193,64.5981774],[-20.6643529,64.5993096],[-20.6619067,64.6001379],[-20.6614775,64.6006625],[-20.6586237,64.6019234],[-20.6585593,64.6039481],[-20.657701,64.6045923],[-20.6541819,64.6049603],[-20.6476802,64.6048039],[-20.6441826,64.6032395],[-20.642505,64.6023221]]],[[[-20.642505,64.6023221],[-20.6416077,64.6018314],[-20.6395907,64.6016749],[-20.6390972,64.6019234],[-20.638947,64.6026597],[-20.6382389,64.6030278],[-20.6363721,64.603175],[-20.6335826,64.6028437],[-20.6295056,64.6039481],[-20.627789,64.6042242],[-20.625772,64.605172],[-20.6227035,64.6055401],[-20.6224246,64.6061842],[-20.6232829,64.6066167],[-20.625772,64.6064879],[-20.6322951,64.6043714],[-20.6338615,64.6042242],[-20.6360073,64.6045002],[-20.6371168,64.605095]]],[[[-20.6371168,64.605095],[-20.6385822,64.6058806],[-20.6400842,64.6075001],[-20.6420154,64.6080889],[-20.6424446,64.6090366],[-20.6418652,64.6102327],[-20.640449,64.6112724],[-20.6390113,64.6114932],[-20.6375093,64.6114288],[-20.6365866,64.6117968],[-20.6334324,64.6122292],[-20.6321449,64.6123764]]],[[[-20.6321449,64.6123764],[-20.6299991,64.6117048],[-20.6285615,64.6096807],[-20.6277032,64.6096807],[-20.6267805,64.6100487],[-20.6259222,64.6099843],[-20.6246991,64.6094691],[-20.6218452,64.6093127],[-20.6206221,64.6101407],[-20.6204934,64.6108768],[-20.6212659,64.6119164],[-20.6211371,64.6126248],[-20.6196351,64.6137287],[-20.6192059,64.6142807],[-20.6194205,64.6155961],[-20.6184764,64.6158445],[-20.6173391,64.6172886],[-20.6171889,64.6184475],[-20.6191201,64.6194961],[-20.6182618,64.6199835],[-20.617618,64.6199835],[-20.6163306,64.619588],[-20.6151933,64.6182084],[-20.6144852,64.6169483],[-20.6138415,64.6162768],[-20.6104083,64.6159364],[-20.6092496,64.6160284],[-20.6085415,64.6164884],[-20.6066746,64.6167919],[-20.6063313,64.6178681],[-20.6038208,64.61968],[-20.6028981,64.6207837],[-20.6010956,64.6217309],[-20.5991001,64.6215194],[-20.5961604,64.6201675],[-20.5960316,64.6187878],[-20.5949587,64.618328],[-20.5939502,64.618328],[-20.5933709,64.6188154],[-20.5926628,64.6190914],[-20.5906027,64.6193456],[-20.589959,64.6190053],[-20.5891651,64.617598],[-20.5870837,64.6163379],[-20.5848735,64.6160067],[-20.5845088,64.6155468],[-20.5856675,64.6148109],[-20.5858821,64.6141945],[-20.5849379,64.614075],[-20.5840796,64.613891],[-20.583865,64.6133666],[-20.5842298,64.6128422],[-20.5854529,64.6124742],[-20.5860966,64.6118027],[-20.58644,64.6110943],[-20.5854529,64.6110023],[-20.5822342,64.6126306],[-20.5797881,64.6130906],[-20.5788654,64.6144705],[-20.5792302,64.6149305],[-20.5803031,64.6152064],[-20.5815905,64.6153628],[-20.5811614,64.6157859],[-20.5800026,64.6161907],[-20.5771488,64.6162459]]],[[[-20.5771488,64.6162459],[-20.5748528,64.6171381],[-20.5749386,64.6175336],[-20.5759257,64.617782],[-20.5782217,64.6174784],[-20.5818695,64.6163379],[-20.5842298,64.6165218],[-20.5851525,64.6169266],[-20.5888003,64.6198974],[-20.5915898,64.6213965],[-20.5924481,64.6249278],[-20.5928773,64.6259669],[-20.5916756,64.626583],[-20.5889832,64.6267666],[-20.58591,64.6274081],[-20.5820905,64.629247],[-20.5771338,64.6305525],[-20.5744516,64.6302032],[-20.5678212,64.6316006],[-20.5656111,64.6335219],[-20.5632293,64.6345423],[-20.5639159,64.637548],[-20.5619847,64.6390645],[-20.5599248,64.6397446],[-20.5574357,64.6399835],[-20.556749,64.6405166],[-20.5571567,64.6413161],[-20.5540454,64.6420329],[-20.5517494,64.6419135],[-20.5479728,64.6413161],[-20.5479085,64.6421892],[-20.5466639,64.6422443],[-20.5437886,64.641215],[-20.5424153,64.641454],[-20.5422866,64.6423362],[-20.5375015,64.6449643],[-20.5366647,64.6461129],[-20.5334889,64.6467928],[-20.5304205,64.6469214],[-20.5299269,64.647831],[-20.5312573,64.6488233],[-20.530914,64.6494664],[-20.5299484,64.649742],[-20.5271374,64.6500636],[-20.5261075,64.6506975],[-20.5265152,64.6514324],[-20.5279528,64.6516161],[-20.5276953,64.6518642],[-20.5253779,64.6521673],[-20.5226099,64.6535268],[-20.5219018,64.6542801],[-20.5207431,64.6545556],[-20.5211508,64.6550057],[-20.522803,64.6553548],[-20.5237471,64.6559885],[-20.5231249,64.6564753],[-20.5231034,64.6570815],[-20.5237686,64.6579816],[-20.5249058,64.6582755],[-20.5244123,64.6598551],[-20.5245411,64.6604796],[-20.525614,64.6616275],[-20.525571,64.6621142],[-20.5250775,64.6623254],[-20.5250775,64.6625826],[-20.5263006,64.6632988],[-20.528146,64.663611],[-20.5290257,64.664015],[-20.5292618,64.6654934],[-20.5294334,64.6656862],[-20.5309784,64.6661636],[-20.5319869,64.6669532],[-20.5317723,64.6677795],[-20.5292618,64.6686792],[-20.5293047,64.6691934],[-20.5300771,64.6699186],[-20.5302059,64.670855],[-20.5299484,64.6712222],[-20.5301415,64.6715435],[-20.5334889,64.6722503],[-20.533682,64.6725624],[-20.5343472,64.6726909],[-20.5338752,64.6728286],[-20.5340254,64.6730764],[-20.5345618,64.6730397],[-20.5364056,64.6734198],[-20.5367803,64.6738227],[-20.5358063,64.6740953],[-20.5359566,64.6742055],[-20.5364072,64.6742422],[-20.5378234,64.675105],[-20.5374586,64.6758576]]],[[[-19.6072201,63.6533926],[-19.6065548,63.653934],[-19.6064914,63.6542925],[-19.6066815,63.6547355],[-19.6067449,63.6549956],[-19.6067132,63.6551221],[-19.606866,63.6552476],[-19.60703,63.6551995],[-19.6071567,63.6549815],[-19.6073468,63.6549042],[-19.6077112,63.654855],[-19.6082974,63.6546511],[-19.6086142,63.6543769],[-19.6085984,63.6540676],[-19.6090261,63.6536528],[-19.6090578,63.6535684],[-19.6089152,63.6535122],[-19.6084875,63.6534348],[-19.6080914,63.6531888],[-19.6077904,63.6531958],[-19.6072201,63.6533926]]],[[[-19.6100646,63.5901332],[-19.6102356,63.5901871],[-19.610341,63.5904372],[-19.6106925,63.590617],[-19.6106222,63.5910313],[-19.610798,63.5912736],[-19.6106574,63.5920397],[-19.6113428,63.5925946],[-19.6117342,63.5930331],[-19.6131225,63.5936115],[-19.6145637,63.5939398],[-19.6149503,63.5942212],[-19.6157939,63.59444],[-19.6160575,63.5946667],[-19.6158818,63.5956671],[-19.6161981,63.5970894],[-19.615829,63.5977381],[-19.6159872,63.5980898],[-19.6155127,63.5984649],[-19.6154951,63.5979725],[-19.6151612,63.5983398],[-19.6151436,63.5986993],[-19.6154248,63.599176],[-19.6151612,63.5999496],[-19.61546,63.6000434],[-19.6161805,63.5999653],[-19.6163739,63.5997308],[-19.616655,63.5997152],[-19.6169011,63.5999965],[-19.6170065,63.6013718]]],[[[-19.6170065,63.6013718],[-19.6175514,63.6013562],[-19.6181313,63.6008483],[-19.6181665,63.6005904],[-19.6192209,63.5996292],[-19.6193615,63.5993245],[-19.6197482,63.5993323],[-19.6200645,63.5995902],[-19.6204512,63.5994964],[-19.6205742,63.599262],[-19.6210663,63.5990588],[-19.6211541,63.5994026],[-19.6209608,63.5997152],[-19.6211014,63.599723],[-19.6213826,63.599598],[-19.6214178,63.5991994],[-19.6226304,63.5987775],[-19.6230522,63.5989103],[-19.6231225,63.5991369],[-19.6244055,63.5999262],[-19.6247569,63.5998871],[-19.6250733,63.5990275],[-19.6250733,63.5964408],[-19.625829,63.5955811],[-19.6272877,63.5952607],[-19.6282719,63.5952059],[-19.6305214,63.5953857],[-19.6324546,63.5957374],[-19.6327534,63.5959093],[-19.6330873,63.5958468],[-19.6369713,63.596222],[-19.6373755,63.5963626],[-19.6380082,63.5964252],[-19.6381312,63.5970347],[-19.6387815,63.5978084],[-19.6383773,63.5984414],[-19.6377797,63.600059],[-19.6376567,63.6010983],[-19.6389924,63.6017937],[-19.6397832,63.601575],[-19.639959,63.6013484],[-19.6406796,63.6011764],[-19.6407499,63.6008951],[-19.640908,63.6008561],[-19.6410486,63.6002778],[-19.6413122,63.5996449],[-19.6422437,63.5995042],[-19.6427534,63.5997074],[-19.6431927,63.5997308],[-19.6432454,63.5995824],[-19.6436497,63.5994651],[-19.6441769,63.5995277],[-19.6447041,63.5999262],[-19.6449678,63.600395],[-19.6442999,63.6021532],[-19.6449853,63.6032549],[-19.6463034,63.603919],[-19.6462156,63.6046144],[-19.6467428,63.6051691],[-19.6469361,63.6052316],[-19.6471119,63.6051222],[-19.6471822,63.6043175],[-19.6474458,63.6041925],[-19.6472876,63.6039503],[-19.6476918,63.6039503],[-19.6490275,63.6045363],[-19.6495547,63.6044581],[-19.6493966,63.6041612],[-19.6496778,63.6040284],[-19.6499765,63.6040206],[-19.6502577,63.6041612],[-19.6509607,63.60388],[-19.6508904,63.6036143],[-19.6514879,63.6035596],[-19.652314,63.6028095],[-19.6524018,63.6025907],[-19.6529115,63.6025126],[-19.6529818,63.6020047],[-19.6527182,63.6017703],[-19.6531048,63.6013249],[-19.6545812,63.6008298],[-19.6555239,63.600082],[-19.6562749,63.6001774],[-19.6567685,63.6001011],[-19.6583134,63.5994714],[-19.6590001,63.5990039],[-19.661296,63.5980784],[-19.6618539,63.5973246],[-19.662605,63.5970956],[-19.6638495,63.5974964],[-19.6623904,63.5993092],[-19.6636564,63.5997577],[-19.665137,63.5998054],[-19.6660382,63.6001011],[-19.6673042,63.5998435],[-19.6681625,63.5999866],[-19.6679908,63.6004064],[-19.66842,63.6006449],[-19.6669823,63.6027438],[-19.6674758,63.602906],[-19.6685487,63.6028201],[-19.6690208,63.6040603],[-19.6698791,63.6043274],[-19.6733123,63.6038409],[-19.6747285,63.6037073],[-19.6751362,63.6031445],[-19.6756083,63.6032876],[-19.6761233,63.6032876],[-19.6763808,63.6036119],[-19.6772176,63.6039076],[-19.6779472,63.604604],[-19.6778184,63.6056533],[-19.6769816,63.6064737],[-19.6769601,63.6069697],[-19.6768099,63.6072081],[-19.6764272,63.6073547],[-19.6759766,63.6078412],[-19.6755904,63.6088141],[-19.6741956,63.60993],[-19.67426,63.610178],[-19.6747535,63.60993],[-19.6757191,63.6098251],[-19.6770495,63.6093005],[-19.6771568,63.6095294],[-19.676556,63.6099205],[-19.676556,63.6102257],[-19.6754831,63.6107502],[-19.6743887,63.611084],[-19.6728223,63.6111985],[-19.6722215,63.611599],[-19.672243,63.61199],[-19.671728,63.6128197],[-19.6723288,63.6131058],[-19.6726936,63.6131153],[-19.6731227,63.6127053],[-19.67323,63.6122666],[-19.6736377,63.6119709],[-19.6743244,63.6119233],[-19.6757835,63.6113415],[-19.6770066,63.6105213],[-19.6793455,63.6098728],[-19.6823066,63.6099872],[-19.6859115,63.6102257],[-19.6860832,63.6110935],[-19.6865338,63.6111985],[-19.6872848,63.6108074],[-19.6873492,63.6101303],[-19.6884435,63.6099491],[-19.689007,63.6098291],[-19.6892431,63.6096289],[-19.6896507,63.6095144],[-19.6899082,63.6092283],[-19.6915819,63.6088944],[-19.6921613,63.6089898],[-19.692054,63.6091997],[-19.6923544,63.6092283],[-19.6927407,63.609152],[-19.6931698,63.6092855],[-19.6927407,63.6096861],[-19.6917321,63.610058],[-19.6920326,63.610163],[-19.6928694,63.610182],[-19.6931913,63.6102393],[-19.6919253,63.6111548],[-19.6930625,63.6108592],[-19.6937277,63.6105158],[-19.6940496,63.6106494],[-19.6956589,63.6102488],[-19.6958949,63.610058],[-19.6977832,63.6100008],[-19.6981051,63.6102011],[-19.6978476,63.6107066],[-19.698384,63.6108592],[-19.6988561,63.6107447],[-19.7007229,63.6108496],[-19.7011735,63.6110785],[-19.7021177,63.6111739],[-19.7030403,63.6105254],[-19.7042634,63.6103632],[-19.704757,63.6109069],[-19.7054007,63.6109832],[-19.7063663,63.6127761],[-19.7068169,63.6129859],[-19.7061732,63.6138632],[-19.7010877,63.6169719],[-19.6989419,63.617954],[-19.6984699,63.6184021],[-19.6980836,63.6181447],[-19.6972897,63.6182209],[-19.6965601,63.6181256],[-19.6962597,63.6177156],[-19.6944787,63.6175726],[-19.6943929,63.6173437],[-19.6936204,63.6174009],[-19.6930196,63.6177442],[-19.6926977,63.6187835],[-19.6928909,63.6192983],[-19.692333,63.6197941],[-19.6926548,63.6199848],[-19.6922686,63.6203566],[-19.6929123,63.6205282],[-19.6937921,63.6199371],[-19.6934273,63.6193937],[-19.6943071,63.6191172],[-19.6951868,63.6193651],[-19.6963455,63.6193937],[-19.6976545,63.6190504],[-19.6977617,63.6188788],[-19.698148,63.6188407],[-19.6987059,63.6192125],[-19.6997573,63.6188693],[-19.7005512,63.6183068],[-19.7013881,63.6183068],[-19.70171,63.6190791],[-19.7024395,63.6190791],[-19.7028687,63.6189074],[-19.7036197,63.6189456],[-19.7046497,63.6186881],[-19.704993,63.6184974],[-19.7058727,63.6184402],[-19.7060015,63.6186977],[-19.7053363,63.6191744],[-19.7023322,63.6201946],[-19.7030618,63.6202899],[-19.7036841,63.6204138],[-19.7047999,63.6209096],[-19.704478,63.6213005],[-19.7026112,63.6217486],[-19.7024181,63.6223873],[-19.7032764,63.6224826],[-19.7035339,63.6226542],[-19.7027828,63.6232644],[-19.7030403,63.6236075],[-19.7028687,63.6240175],[-19.7042205,63.62417],[-19.7049072,63.6239603],[-19.7056153,63.6240556],[-19.7063019,63.6239507],[-19.7071602,63.6235694],[-19.7072246,63.6233311],[-19.7061517,63.6232834],[-19.7057225,63.6232262],[-19.7059586,63.6226828],[-19.70701,63.6223682],[-19.7073533,63.6219678],[-19.7079756,63.6219964],[-19.7086193,63.6223778],[-19.7084477,63.6229212],[-19.7089412,63.6230642],[-19.7100141,63.6226638],[-19.7107436,63.62315],[-19.7105934,63.6235122],[-19.711559,63.6235789],[-19.7123959,63.6238077],[-19.7128894,63.6243034],[-19.7159364,63.6250851],[-19.716666,63.6246561],[-19.7173311,63.6247991],[-19.7170737,63.6249898],[-19.7180822,63.62519],[-19.7188761,63.625047],[-19.7202923,63.625495],[-19.7204211,63.6260479],[-19.7196486,63.6273442],[-19.7182967,63.6284117],[-19.7167947,63.6284403],[-19.7162583,63.6286786],[-19.7170093,63.6291647],[-19.7163226,63.630175],[-19.7170093,63.630356],[-19.7180178,63.6296889],[-19.718168,63.6300225],[-19.7167915,63.63104],[-19.7158127,63.6317588]]],[[[-19.7158127,63.6317588],[-19.7151261,63.632321],[-19.7150831,63.6325021],[-19.7158771,63.6326165],[-19.7180873,63.6326928],[-19.7192889,63.6327118]]],[[[-19.7192889,63.6327118],[-19.7211772,63.6336743],[-19.7214252,63.6340446],[-19.722026,63.6341971],[-19.7221976,63.6345878],[-19.7232276,63.6350833],[-19.7237426,63.6358075],[-19.7247296,63.6359218],[-19.7247511,63.6360362],[-19.7239143,63.6362934],[-19.7240645,63.6363697],[-19.7289568,63.6367508],[-19.7293216,63.6367032],[-19.729386,63.6365317],[-19.7313601,63.6366269],[-19.7319394,63.636827],[-19.7330123,63.6368937],[-19.7327548,63.6373225],[-19.7323257,63.6374273],[-19.7320682,63.6372844],[-19.7314244,63.6376655],[-19.7317892,63.638323],[-19.7274977,63.6387994],[-19.7270256,63.6389518],[-19.7281414,63.6392281],[-19.7314244,63.6401047],[-19.7318965,63.6415623],[-19.7324544,63.6420672],[-19.7327548,63.6427722],[-19.7325617,63.6435534],[-19.7341066,63.6442869],[-19.7341281,63.6445631],[-19.7361666,63.6454966],[-19.7375184,63.6458777],[-19.73872,63.6466492],[-19.7390205,63.6471731],[-19.7383982,63.647516],[-19.7385698,63.6478779],[-19.7380549,63.6483542],[-19.7375613,63.6483446],[-19.7365528,63.6475446],[-19.7329479,63.6467921],[-19.7305876,63.6466873],[-19.7299224,63.6463635],[-19.7289139,63.6461539],[-19.7288066,63.6464016],[-19.72812,63.6465159],[-19.726339,63.6461539],[-19.7249442,63.6465825],[-19.7250515,63.6468302],[-19.7259527,63.6471636],[-19.7257167,63.6474112],[-19.7249657,63.6474588],[-19.7249871,63.6479732],[-19.7244507,63.6480113],[-19.7236997,63.6476303],[-19.7218329,63.6479256],[-19.723528,63.6485732],[-19.7245794,63.6486209],[-19.7260815,63.6483351],[-19.7268754,63.6479065],[-19.7285771,63.6474305],[-19.731124,63.647535],[-19.7318965,63.6477065],[-19.7321755,63.6481065],[-19.7313386,63.6481827],[-19.7317892,63.6487542],[-19.731639,63.6492495],[-19.7309095,63.6493828],[-19.730888,63.6495733],[-19.7312528,63.6496114],[-19.7317678,63.6495352],[-19.7324115,63.6495923],[-19.7327334,63.6498114],[-19.7321969,63.6502781],[-19.7305661,63.65104],[-19.7302657,63.6513543],[-19.7295576,63.6514685],[-19.7261673,63.6514019],[-19.7259742,63.6515733],[-19.727605,63.6524304],[-19.7275406,63.6528113],[-19.7267181,63.6532947]]],[[[-19.7267181,63.6532947],[-19.7237141,63.653209],[-19.7221048,63.6528757],[-19.7195728,63.6519805],[-19.7171695,63.6509329],[-19.7160108,63.6507329],[-19.7146804,63.6508091],[-19.7138007,63.6506472],[-19.7134788,63.6503138],[-19.7138007,63.64999],[-19.7136505,63.6496852],[-19.7120197,63.6484566],[-19.7108824,63.6481994],[-19.7097666,63.6483137],[-19.7069771,63.647466],[-19.7058613,63.6473613],[-19.7049172,63.6469231],[-19.7031362,63.6465516],[-19.7022779,63.6459801],[-19.6997244,63.6453133],[-19.6972354,63.6449609],[-19.6912701,63.6435796],[-19.689811,63.6434177],[-19.6893175,63.6432271],[-19.6872231,63.6431127],[-19.6868584,63.6433033],[-19.6868369,63.6435033],[-19.6860001,63.64337],[-19.6853992,63.6434081],[-19.6840259,63.6430365],[-19.6831891,63.6430937],[-19.6829316,63.6431985],[-19.6823093,63.6432747],[-19.682202,63.6434176],[-19.6828672,63.6436938],[-19.685528,63.6439511],[-19.6854207,63.6444178],[-19.6850988,63.6447131],[-19.6858284,63.645018],[-19.6881458,63.6450656],[-19.6894977,63.6454466],[-19.6911928,63.6456276],[-19.6925876,63.6462753],[-19.6973941,63.6472183],[-19.7007415,63.6475993],[-19.7031876,63.6487994],[-19.703767,63.6488566],[-19.7045609,63.6485708],[-19.7052261,63.6486661],[-19.7055694,63.649028],[-19.7056338,63.6495899],[-19.7062776,63.650009],[-19.7061273,63.6501995],[-19.7054192,63.6503519],[-19.7050759,63.6508281],[-19.7046468,63.6508852],[-19.7044107,63.6505042],[-19.7039387,63.6505709],[-19.7038957,63.6509995],[-19.7033378,63.6511423],[-19.7021791,63.6511804],[-19.7019002,63.6513804],[-19.7003552,63.6514947],[-19.6991107,63.6509042],[-19.6984455,63.6508566],[-19.6970508,63.6511233],[-19.6965358,63.651009],[-19.696407,63.6506757],[-19.6948835,63.6491042],[-19.6943042,63.6491613],[-19.6939823,63.6490947],[-19.6937034,63.6487708],[-19.6948192,63.6484184],[-19.6949264,63.6482089],[-19.6943471,63.6476755],[-19.6937463,63.6476184],[-19.69336,63.6478851],[-19.6929953,63.6478946],[-19.692845,63.6480375],[-19.6932957,63.6483232],[-19.6932742,63.6485137],[-19.6928236,63.6485327],[-19.6926734,63.6486661],[-19.692845,63.6488947],[-19.6921155,63.649028],[-19.6919867,63.6493328],[-19.6928236,63.6504281],[-19.693875,63.65079],[-19.6947119,63.6514661],[-19.6947548,63.6521994],[-19.6940038,63.6522852],[-19.6937677,63.6523613],[-19.693875,63.6526375],[-19.6936604,63.6527994],[-19.6932527,63.652828],[-19.6922442,63.6525423],[-19.6912786,63.652409],[-19.6891329,63.651828],[-19.6878883,63.6512757],[-19.6870515,63.6511042],[-19.6863648,63.6508471],[-19.6857211,63.6508185],[-19.685249,63.6510566],[-19.6855494,63.6513423],[-19.686794,63.6519614],[-19.6900341,63.6526375],[-19.690592,63.6528851],[-19.6911284,63.653447],[-19.6912572,63.6539803],[-19.6921799,63.6544469],[-19.6923086,63.6547706],[-19.6919438,63.6549992],[-19.6914288,63.6550849],[-19.6901843,63.6546278],[-19.6895835,63.6543707],[-19.6887252,63.6541231],[-19.6882102,63.6535898],[-19.6876523,63.6533803],[-19.6869013,63.6535993],[-19.6852919,63.6534089],[-19.6841547,63.6538088],[-19.6830174,63.6538469],[-19.6824595,63.6536279],[-19.6822879,63.6533232],[-19.6815154,63.6533613],[-19.6807429,63.6531232],[-19.6802279,63.6531803],[-19.6797559,63.6534755],[-19.6795198,63.6538184],[-19.6783611,63.6539707],[-19.6779105,63.6542469],[-19.6780607,63.6544469],[-19.6797344,63.654504],[-19.6827599,63.6548944],[-19.6843693,63.6549325],[-19.6848628,63.6551896],[-19.6849915,63.65558],[-19.6845195,63.6559038],[-19.6848413,63.6565132],[-19.6856138,63.6567322],[-19.6858069,63.6569988],[-19.685249,63.6577415],[-19.6849915,63.6579319],[-19.6843264,63.65777],[-19.6837685,63.6573225],[-19.6836397,63.6567893],[-19.6831891,63.6564275],[-19.6820733,63.6563227],[-19.6805069,63.656437],[-19.6797559,63.6571131],[-19.6790048,63.6571892],[-19.6774814,63.6571511],[-19.6765158,63.6568941],[-19.6762797,63.6565989],[-19.675872,63.6564275],[-19.6757647,63.6552087],[-19.6757862,63.6539041],[-19.6763441,63.6500566],[-19.6754,63.6487518],[-19.6755287,63.6479136],[-19.6762154,63.6474564],[-19.6761939,63.6472278],[-19.6752068,63.6466278],[-19.6747562,63.6465897],[-19.6742842,63.6468659],[-19.6743056,63.647085],[-19.6746919,63.6475136],[-19.6745417,63.6476184],[-19.6726319,63.6473802],[-19.6718594,63.6475993],[-19.6697566,63.6480565],[-19.6694991,63.6485232],[-19.6695206,63.6490852],[-19.6700355,63.65079],[-19.6688768,63.6521518],[-19.6688983,63.6533994],[-19.6684262,63.6544659],[-19.6690056,63.656018],[-19.6697137,63.6561799],[-19.6714088,63.6577034],[-19.6711513,63.658646],[-19.6699712,63.659541],[-19.6689841,63.6598647],[-19.6662804,63.6598266],[-19.6651003,63.6596552],[-19.6641347,63.6596362],[-19.6637484,63.6594267],[-19.6634051,63.6587603],[-19.6627828,63.6583223],[-19.6621177,63.6583318],[-19.6615383,63.6579414],[-19.6613881,63.6574939],[-19.6603367,63.6572464],[-19.6583626,63.6571607],[-19.6575686,63.6569131],[-19.6561095,63.6571226],[-19.6548864,63.6566274],[-19.6540281,63.6565418],[-19.6532986,63.6566655],[-19.6529123,63.6565418],[-19.6525905,63.6561609],[-19.651067,63.6555229],[-19.6499726,63.6556467],[-19.6495435,63.6560371],[-19.6500728,63.657269],[-19.6508238,63.657507],[-19.652476,63.6576213],[-19.6530339,63.6578974],[-19.6530339,63.6581545],[-19.6528408,63.6582354],[-19.6517465,63.6582211],[-19.651446,63.6583258],[-19.6498153,63.6582687],[-19.6493217,63.6581449],[-19.6482719,63.6582002],[-19.6476763,63.6577796],[-19.6470593,63.657778],[-19.6463188,63.6579841],[-19.6450946,63.6575737],[-19.6444294,63.6569357],[-19.6445796,63.6560311],[-19.6441719,63.6552217],[-19.6445796,63.6548408],[-19.6456525,63.6548123],[-19.6464893,63.6550694],[-19.647176,63.6550694],[-19.6474335,63.6549075],[-19.6470472,63.6542981],[-19.6465966,63.6541552],[-19.6458241,63.654279],[-19.644365,63.6542314],[-19.6433994,63.6537457],[-19.6435067,63.6534601],[-19.6424767,63.6527934],[-19.6424553,63.6524697],[-19.6420476,63.6522887],[-19.6415541,63.652403],[-19.6407601,63.6516887],[-19.6412537,63.6514887],[-19.6411893,63.6510888],[-19.6406099,63.6506221],[-19.6379063,63.6507459],[-19.6375415,63.6510602],[-19.6376488,63.6514411],[-19.638271,63.6516126],[-19.6391508,63.6514507],[-19.639816,63.6521268],[-19.6404812,63.652403],[-19.6409103,63.6528887],[-19.6409103,63.6533744],[-19.6415326,63.6539933],[-19.6417686,63.6544695],[-19.6409962,63.6546885],[-19.6403974,63.6554601],[-19.6409338,63.6559077],[-19.6429294,63.6563933],[-19.6435302,63.6573836],[-19.6433585,63.6576121],[-19.6420067,63.6577168],[-19.6409982,63.6574597],[-19.6402901,63.6568123],[-19.6392816,63.6563933],[-19.6383589,63.6564504],[-19.6380156,63.656241],[-19.6381658,63.6556696],[-19.6390884,63.6552602],[-19.6389597,63.6549555],[-19.6383589,63.6547841],[-19.6365299,63.6538248],[-19.6329375,63.6527226],[-19.6319296,63.6521462],[-19.6317267,63.6511558],[-19.630408,63.6504701],[-19.6302364,63.6500796],[-19.6304939,63.6498034],[-19.6303866,63.6492129],[-19.6297214,63.6483652],[-19.6297214,63.6476127],[-19.6295837,63.647411],[-19.6293476,63.647192],[-19.6290133,63.6470412],[-19.6287558,63.6471365],[-19.6288416,63.6473937],[-19.6287343,63.6474984],[-19.628391,63.647527],[-19.6279404,63.6472889],[-19.6277044,63.6470317],[-19.6272538,63.6469746]]],[[[-19.6272538,63.6469746],[-19.6270177,63.6472413],[-19.6267817,63.6478223],[-19.6265027,63.6479556],[-19.6263955,63.6483176],[-19.62661,63.6488795],[-19.6262238,63.649451],[-19.6263955,63.6502796],[-19.6263473,63.6512279],[-19.6259048,63.6581014],[-19.6257331,63.6584823],[-19.6265056,63.6595391],[-19.626402,63.6606853],[-19.6274964,63.6619134],[-19.6267883,63.6629416],[-19.6254579,63.6638745],[-19.6237842,63.6632748],[-19.622883,63.6643314],[-19.6232478,63.6676439],[-19.6222717,63.668335],[-19.6217243,63.6683768],[-19.6212951,63.6682816],[-19.6199862,63.6677296],[-19.6192566,63.6664446],[-19.619321,63.6658545],[-19.6182267,63.665131],[-19.6168319,63.665369],[-19.6148364,63.6640459],[-19.6148364,63.6633414],[-19.6142999,63.6630463],[-19.6131412,63.6627322],[-19.6120683,63.6615517],[-19.611134,63.6591808],[-19.61083,63.6578989],[-19.610924,63.6566033],[-19.6117476,63.6556885],[-19.6119274,63.6550023],[-19.6106266,63.6532305],[-19.6101354,63.6530488],[-19.6098803,63.6519721],[-19.6091951,63.651191],[-19.6090721,63.6508314],[-19.6092065,63.6504718],[-19.6100681,63.6490003],[-19.6108273,63.6481242],[-19.610755,63.6478915],[-19.6118132,63.6460893],[-19.611527,63.645693]]],[[[-19.611527,63.645693],[-19.6102251,63.6454472],[-19.6095349,63.6454668],[-19.6093596,63.6452767],[-19.6089054,63.6453058],[-19.6086872,63.6454777],[-19.6088672,63.6458035],[-19.6088658,63.6462273],[-19.6089088,63.6463518],[-19.6088111,63.6463703],[-19.6085274,63.6462236],[-19.6083176,63.646053],[-19.6080337,63.6461139],[-19.6078094,63.6463882],[-19.6073178,63.6464032],[-19.6068497,63.6460905],[-19.6065572,63.6462651],[-19.6061008,63.6470715],[-19.6056172,63.647427],[-19.6053797,63.6484429],[-19.6048874,63.6486283],[-19.6045577,63.6490735],[-19.604625,63.6500566],[-19.6051856,63.6502942],[-19.6060675,63.6502852],[-19.6065009,63.6506481],[-19.6068928,63.6506722],[-19.6071092,63.6508206],[-19.6066056,63.6510908],[-19.6062133,63.6516361],[-19.6062389,63.6519772],[-19.6064338,63.6523653],[-19.607027,63.6527049],[-19.606638,63.6530585],[-19.6063969,63.6531544],[-19.60627,63.6532874],[-19.6058554,63.653282],[-19.6052395,63.6538079],[-19.6049216,63.6539893],[-19.6047463,63.6540116],[-19.6046213,63.6538796],[-19.6043788,63.6538441],[-19.604184,63.6538937],[-19.603914,63.6539073],[-19.6029052,63.654333],[-19.6026568,63.6542666],[-19.602345,63.654404],[-19.6025243,63.6544922],[-19.6024593,63.6547492],[-19.6017603,63.655144],[-19.6000742,63.6554055],[-19.5981612,63.6554143],[-19.597198,63.6552339],[-19.5963384,63.6553251],[-19.5947271,63.6548855],[-19.5944831,63.6546602],[-19.5946882,63.6544595],[-19.5945407,63.6543256],[-19.5935178,63.6541774],[-19.5929759,63.6539283],[-19.5900341,63.6527614],[-19.5891807,63.6527935],[-19.5873831,63.6524256],[-19.5868944,63.6524672],[-19.5868778,63.6526041],[-19.5874257,63.6528828],[-19.5880826,63.652899],[-19.5883962,63.6530104],[-19.5884654,63.653157],[-19.5883464,63.653355],[-19.588323,63.6536557],[-19.5864737,63.6535335],[-19.5847766,63.6541876],[-19.5839342,63.6541721],[-19.5835774,63.6545167],[-19.5822832,63.6546128],[-19.5817434,63.654337],[-19.5796801,63.6543375],[-19.5790836,63.6536966],[-19.579045,63.6531319],[-19.5794437,63.652979],[-19.579713,63.6523517],[-19.5795251,63.6521205],[-19.5792853,63.6521392],[-19.5790103,63.652531],[-19.5784771,63.6525919],[-19.5777823,63.6524309],[-19.5776005,63.652159],[-19.5767777,63.6520329],[-19.5764688,63.6520606],[-19.5765445,63.6522904],[-19.5761489,63.6523144],[-19.5758354,63.6525585],[-19.5752216,63.6526312],[-19.5749809,63.6525098],[-19.5746616,63.6525851],[-19.5744377,63.6529751],[-19.5738751,63.6532843],[-19.5733363,63.6533723],[-19.5728737,63.6533592],[-19.5724112,63.6530222],[-19.5718652,63.6529389],[-19.571229,63.653001],[-19.5702079,63.6533214],[-19.5692498,63.6535295],[-19.5689424,63.6533478],[-19.5685097,63.6533808],[-19.5677981,63.6535947],[-19.5647822,63.6550917],[-19.5639978,63.6551984],[-19.5633732,63.6556023],[-19.5630411,63.655721],[-19.5627671,63.6556589],[-19.5623382,63.6552632],[-19.562129,63.6550084],[-19.5619145,63.6545418],[-19.5620218,63.6542085],[-19.5624509,63.6539038],[-19.5635453,63.6532562],[-19.5639744,63.6531038],[-19.5641461,63.6529229],[-19.5640173,63.6525324],[-19.5642748,63.6521515],[-19.5644679,63.6520182],[-19.5645108,63.6518849],[-19.5644036,63.6518087],[-19.5645752,63.6512658],[-19.5647254,63.6510849],[-19.5646611,63.6506754],[-19.564425,63.6506944],[-19.5642534,63.6508087],[-19.5639959,63.6507896],[-19.5638886,63.6506849],[-19.5635667,63.650723],[-19.5631376,63.6505801],[-19.5631161,63.6504373],[-19.5623222,63.6502373],[-19.5619359,63.650342]]],[[[-19.5619359,63.650342],[-19.5619145,63.6504754],[-19.5620315,63.6510133],[-19.561495,63.6513466],[-19.5614307,63.651718],[-19.5607011,63.6524513],[-19.5605938,63.6528704],[-19.5601003,63.6530227],[-19.5601003,63.6537274],[-19.5597355,63.6538798],[-19.559757,63.6543464],[-19.5602076,63.6551368],[-19.5584266,63.6551653],[-19.5582978,63.6553558],[-19.5586626,63.6556986],[-19.5598213,63.6561652],[-19.5601647,63.6568412],[-19.5597999,63.6578029],[-19.5589845,63.6585455],[-19.5584695,63.660326],[-19.5575254,63.6605544],[-19.5564944,63.6605692]]],[[[-19.5541994,63.6606021],[-19.5545857,63.6593548],[-19.5545427,63.6582218],[-19.5540492,63.65786],[-19.554178,63.6574792],[-19.5549934,63.6572221],[-19.5551006,63.6564984],[-19.5547362,63.6560475],[-19.5535,63.6560228],[-19.5529624,63.6553587],[-19.5516005,63.6547092],[-19.549724,63.6533839],[-19.5485223,63.6525173],[-19.5479001,63.6522697],[-19.547149,63.6522126],[-19.5464409,63.6516507],[-19.5467628,63.6513174],[-19.546634,63.6507079],[-19.5472134,63.6504031],[-19.5473207,63.650165],[-19.5467414,63.6502174],[-19.5463337,63.6496602]]],[[[-19.5463337,63.6496602],[-19.5460118,63.649403],[-19.5460762,63.6491173],[-19.5459689,63.6488411],[-19.5456685,63.6486316],[-19.5450033,63.6482601],[-19.5450462,63.6480696],[-19.5452393,63.6479934],[-19.545132,63.6477172],[-19.5445956,63.647441],[-19.5429004,63.6470504],[-19.5415915,63.6469742],[-19.5409907,63.6471457],[-19.5407761,63.647279],[-19.5407761,63.6474505],[-19.5411838,63.6476505],[-19.5418275,63.6477362],[-19.5422567,63.6478982],[-19.5421923,63.648203],[-19.541613,63.6483363],[-19.5414199,63.6485077],[-19.5414628,63.648984],[-19.5407332,63.649584],[-19.5400895,63.649603],[-19.5397676,63.649765],[-19.5395316,63.6502793],[-19.5396603,63.6511745],[-19.5401539,63.6518792],[-19.5424713,63.651803],[-19.5430506,63.6520792],[-19.5435656,63.652584],[-19.5429648,63.6528601],[-19.5437802,63.6537362],[-19.5436729,63.6539553],[-19.5432008,63.6540029],[-19.5428361,63.6542409],[-19.5413769,63.6539743],[-19.5404972,63.6539648],[-19.5398964,63.6536029],[-19.540068,63.6535553],[-19.540068,63.6533839],[-19.539596,63.6530315],[-19.5392606,63.6526468],[-19.5381485,63.6524123],[-19.5374852,63.6518189],[-19.536703,63.6515984],[-19.5357539,63.6514786],[-19.5350005,63.6515616],[-19.534011,63.6514731],[-19.5348644,63.6511457],[-19.5348407,63.6510564],[-19.5334555,63.6507166],[-19.5321407,63.6506228],[-19.5312121,63.6508148],[-19.5308593,63.6510326],[-19.5305294,63.6510915],[-19.5295987,63.6510932],[-19.5278955,63.6517139],[-19.5275871,63.6520205],[-19.5241151,63.6526958],[-19.523595,63.6530929],[-19.5228655,63.6531881],[-19.5226509,63.6532929],[-19.5220072,63.6533215],[-19.5214278,63.653131],[-19.5207197,63.6531881],[-19.5203764,63.6533596],[-19.5202906,63.6537881],[-19.5203978,63.6539595],[-19.5207412,63.6540357],[-19.5210416,63.6545118],[-19.5207197,63.6547023],[-19.5201833,63.6550546],[-19.5201833,63.655245],[-19.5203978,63.6553688],[-19.5216209,63.6556831],[-19.5224578,63.6560925],[-19.5224578,63.6562544],[-19.5221574,63.6564543],[-19.5221359,63.6566162],[-19.522372,63.6567686],[-19.522329,63.6571018],[-19.5219213,63.6571209],[-19.5216424,63.6570257],[-19.5211274,63.6565877],[-19.5201189,63.6560449],[-19.5176084,63.6551022],[-19.5166213,63.6548927],[-19.5166213,63.6547975],[-19.5173079,63.6546356],[-19.5178873,63.6542166],[-19.5181233,63.6542833],[-19.5186598,63.6540357],[-19.5187885,63.6537595],[-19.5194537,63.653531],[-19.5196468,63.6533881],[-19.5196468,63.6532358],[-19.5194966,63.6531405],[-19.5188314,63.6530167],[-19.5186812,63.6529406],[-19.5184023,63.6529215],[-19.5181877,63.653131],[-19.5176084,63.6531596],[-19.5171792,63.6530834],[-19.5169861,63.6530263],[-19.5165998,63.6530643],[-19.516278,63.6534834],[-19.5156557,63.6535215],[-19.5157844,63.6531977],[-19.5156342,63.6530358],[-19.5153124,63.6531405],[-19.5151836,63.6534357],[-19.5147974,63.6534643],[-19.5145184,63.6537976],[-19.5138962,63.6538262],[-19.5135529,63.6535881],[-19.5126302,63.6535881],[-19.5120079,63.6535119],[-19.5116002,63.6533977],[-19.5111833,63.6533669],[-19.5109888,63.6532363],[-19.5110356,63.6530874],[-19.5112241,63.6530467],[-19.5119863,63.6530065],[-19.5122447,63.6529549],[-19.5125418,63.6529607],[-19.5126581,63.6530524],[-19.5132782,63.6531269],[-19.5141567,63.6531441],[-19.5145443,63.6532072],[-19.5148027,63.6532187],[-19.5150869,63.6531613],[-19.5153768,63.6529025],[-19.5148618,63.6527215],[-19.5140678,63.6525787],[-19.5131666,63.6526263],[-19.5123941,63.6523977],[-19.5112569,63.6521787],[-19.5108277,63.6518168],[-19.5096261,63.6513787],[-19.5080168,63.651093],[-19.5065576,63.6509597],[-19.5051602,63.6507409],[-19.5049155,63.650572],[-19.5050922,63.6504031],[-19.5049349,63.6502422],[-19.5042451,63.6499467],[-19.5033523,63.6497708],[-19.5023368,63.6494864],[-19.5017659,63.6490075],[-19.5009746,63.6489364],[-19.500579,63.6488354],[-19.5004444,63.6485417],[-19.4999135,63.6481422],[-19.4993826,63.6482479],[-19.4989223,63.6484553],[-19.497619,63.6486439],[-19.4970326,63.6484238],[-19.4967896,63.6481657],[-19.4955165,63.6480313],[-19.4953092,63.6478212],[-19.4956168,63.6476302],[-19.4954598,63.6475097],[-19.4949521,63.6473828],[-19.4950705,63.647215],[-19.4949745,63.6470836],[-19.4946536,63.6469367],[-19.4938614,63.6468717],[-19.4927278,63.6465796],[-19.4918988,63.6464815],[-19.4914951,63.6465474],[-19.491302,63.6466617],[-19.4914093,63.6468046],[-19.4913449,63.6470141],[-19.4911089,63.6471665],[-19.4904437,63.6471475],[-19.4899072,63.6468522],[-19.4898214,63.6465379],[-19.4905295,63.6459283],[-19.4905081,63.6456234],[-19.4901862,63.6455091],[-19.4896498,63.645452],[-19.4891777,63.6453567],[-19.4889631,63.6451472],[-19.4890275,63.64489],[-19.489757,63.6445947],[-19.4901004,63.6441374],[-19.4900574,63.6433944],[-19.4905939,63.6430514],[-19.4905081,63.6428323],[-19.4906583,63.6426799],[-19.4910016,63.6426513],[-19.4913878,63.6428323],[-19.4913664,63.6429562],[-19.4914522,63.6431848],[-19.4917741,63.6432801],[-19.4923105,63.6432705],[-19.4929866,63.6434887],[-19.4936732,63.6429267],[-19.4936732,63.6426409],[-19.4927076,63.641793],[-19.492493,63.6413262],[-19.4918708,63.6408784],[-19.4898108,63.640726],[-19.4896606,63.6404687],[-19.4890384,63.6406593],[-19.488695,63.6406783],[-19.4883946,63.6403163],[-19.4879226,63.6402115],[-19.487429,63.6402972]]],[[[-19.487429,63.6402972],[-19.4872359,63.6405545],[-19.4883303,63.6414214],[-19.4882444,63.6418025],[-19.487429,63.642336],[-19.4874934,63.6429457],[-19.4862703,63.6434887],[-19.4854764,63.6436411],[-19.4825581,63.6436316],[-19.4818715,63.643241],[-19.4808415,63.6429838],[-19.4787387,63.6429552],[-19.4781808,63.6423741],[-19.477816,63.6422788],[-19.4775156,63.6420502],[-19.4779662,63.6418501],[-19.478803,63.642336],[-19.4794039,63.642317],[-19.4790176,63.6420502],[-19.4806055,63.6418501],[-19.4821504,63.6422026],[-19.4825581,63.642155],[-19.4824938,63.6418216],[-19.4818071,63.6416501],[-19.4819359,63.6409451],[-19.4828156,63.6406402],[-19.4826225,63.6400591],[-19.4832662,63.6399638],[-19.4851974,63.6404306],[-19.4865278,63.6403544],[-19.4872145,63.6402401]]],[[[-19.4872145,63.6402401],[-19.487193,63.6398876],[-19.4859699,63.6393445],[-19.4809274,63.6378677],[-19.4791893,63.6378391],[-19.4777087,63.638144],[-19.4776229,63.638649],[-19.4767646,63.6386775],[-19.4745973,63.6396113],[-19.4738249,63.6391444],[-19.4739751,63.6383345],[-19.4722799,63.6378962],[-19.469469,63.6378105],[-19.4689969,63.6370863],[-19.4695333,63.6366385],[-19.4731382,63.6361144],[-19.4740609,63.6356285],[-19.4754342,63.6350567],[-19.4753054,63.6346946],[-19.4746738,63.6346692],[-19.475575,63.6337782],[-19.4764333,63.6333779],[-19.4763904,63.6331873],[-19.4759612,63.6330063],[-19.4772272,63.6323201],[-19.4773774,63.6315005],[-19.4781285,63.6310335],[-19.4790082,63.6312146],[-19.4797378,63.6311765],[-19.4799738,63.6308239],[-19.4793515,63.6305856],[-19.4796949,63.6303188],[-19.4796949,63.6292036],[-19.4810896,63.629013],[-19.4810467,63.6287462],[-19.4801884,63.6284316],[-19.4801026,63.6282315],[-19.4807678,63.627936],[-19.4806605,63.6275261],[-19.4826775,63.627183],[-19.4838362,63.6272497],[-19.4838362,63.627345],[-19.4829779,63.6274118],[-19.4825702,63.6275643],[-19.4825702,63.6277549],[-19.4832568,63.6279169],[-19.4840508,63.6278883],[-19.4841581,63.6275071],[-19.4847589,63.6275071],[-19.4854455,63.6273736],[-19.4860463,63.6267255],[-19.4857674,63.6262393],[-19.4845443,63.6261059],[-19.4836431,63.6261536],[-19.4823771,63.626125],[-19.481154,63.6255149],[-19.4841581,63.6252861],[-19.4856386,63.6249048],[-19.4868832,63.6244568],[-19.4860678,63.6243424],[-19.4855528,63.6243805],[-19.4855099,63.6241517],[-19.4865828,63.6236179],[-19.4873338,63.6235226],[-19.4879132,63.6231222],[-19.4875484,63.6226646],[-19.4879775,63.6225025],[-19.488514,63.6229125],[-19.4883852,63.623513],[-19.488986,63.6234558],[-19.4894581,63.6235702],[-19.4893937,63.6238181],[-19.490016,63.6240088],[-19.4905739,63.6239611],[-19.4906383,63.6238372],[-19.4917326,63.6236084],[-19.4912176,63.6234654],[-19.4913249,63.6230269],[-19.4919257,63.6230745],[-19.4930201,63.6228076],[-19.4934922,63.6225597],[-19.4934492,63.6223881],[-19.4924836,63.6220545],[-19.4923978,63.6213776],[-19.4934492,63.6221307],[-19.4942432,63.6222833],[-19.4960242,63.6222737],[-19.4964748,63.6219877],[-19.4964962,63.6215969],[-19.4957023,63.6211392],[-19.4950371,63.6211488],[-19.4938569,63.6209772],[-19.493578,63.6207865],[-19.4927841,63.6208056],[-19.4921832,63.6211297],[-19.4911104,63.6208914],[-19.4901662,63.6211678],[-19.4897156,63.6211678],[-19.4890504,63.6213109],[-19.4887071,63.621206],[-19.4877844,63.6211297],[-19.4874411,63.6212441],[-19.4861536,63.6211774],[-19.4858318,63.6208818],[-19.4848447,63.6204433],[-19.4834714,63.6203384],[-19.4827633,63.6200238],[-19.4820552,63.6199666],[-19.481154,63.6195375],[-19.4801669,63.6192992],[-19.4801884,63.6186985],[-19.4812398,63.6183743],[-19.4809394,63.6182694],[-19.4795232,63.618422],[-19.4790941,63.6178404],[-19.4807463,63.617335],[-19.4825917,63.6175639],[-19.4825917,63.6179453],[-19.4842868,63.617869],[-19.4861751,63.6168583],[-19.486218,63.6159906],[-19.4853168,63.6153135],[-19.4842868,63.6152182],[-19.4839864,63.6150847],[-19.4833427,63.6149893],[-19.4826491,63.6147285]]],[[[-19.4826491,63.6147285],[-19.4822269,63.6145697],[-19.4822054,63.6144076],[-19.4834929,63.6144076],[-19.4869905,63.6144839],[-19.4896512,63.6149512],[-19.4934707,63.6153707],[-19.4962817,63.6154852],[-19.4984489,63.6151896],[-19.4984274,63.6149035],[-19.4979983,63.6144553],[-19.4979983,63.6142741],[-19.4983416,63.6141788],[-19.4982987,63.6139976],[-19.4979339,63.6137496],[-19.4981914,63.6123859],[-19.498642,63.6118995],[-19.4992857,63.6116897],[-19.4995432,63.6118423],[-19.5002942,63.6128341],[-19.500144,63.6131965],[-19.5007019,63.6133205],[-19.500938,63.6136829],[-19.5019465,63.613721],[-19.5032983,63.6136066],[-19.5038133,63.6131679],[-19.5038991,63.612672],[-19.5041566,63.6124813],[-19.5040922,63.6123192],[-19.5037275,63.6121666],[-19.503706,63.6118614],[-19.5055299,63.6114036],[-19.5054441,63.6108314],[-19.5046931,63.6102019],[-19.5061093,63.609973],[-19.5068388,63.6104785],[-19.5085125,63.6111652],[-19.5097571,63.6110317],[-19.5101219,63.6103641],[-19.5100789,63.6100493],[-19.510315,63.609973],[-19.5105081,63.6097155],[-19.5114093,63.6093054],[-19.5111089,63.6087141],[-19.5111518,63.6083039],[-19.5120101,63.6081799],[-19.513319,63.6085138],[-19.5140915,63.6085615],[-19.5147996,63.6087427],[-19.5160227,63.6095534],[-19.51613,63.6097918],[-19.5169025,63.6102401],[-19.5178037,63.6102401],[-19.5185976,63.6099635],[-19.5197349,63.6099158],[-19.5213657,63.6103259],[-19.5228892,63.6099444],[-19.5233398,63.6096964],[-19.5247989,63.6099635],[-19.5254855,63.6099635],[-19.5264511,63.6096964],[-19.5263439,63.6092863],[-19.5277171,63.6089525],[-19.5293479,63.6090097],[-19.5303564,63.6087904],[-19.5322233,63.6090383],[-19.5337467,63.6096297],[-19.5342832,63.6093436],[-19.5346051,63.6099158],[-19.5349269,63.60983],[-19.5345836,63.6090765],[-19.5359783,63.6092768],[-19.5365792,63.6092196],[-19.5367508,63.6088476],[-19.5379095,63.6092959],[-19.5378452,63.6095534],[-19.5382743,63.6100779],[-19.5391755,63.6103164],[-19.5403128,63.6102401],[-19.5405703,63.610097],[-19.5405488,63.6098777],[-19.5411926,63.6097727]]],[[[-19.5411926,63.6097727],[-19.5411067,63.6094103],[-19.5408278,63.6093054],[-19.5409351,63.608962],[-19.539712,63.6089716],[-19.5384031,63.6093531],[-19.5382529,63.6091528],[-19.5378666,63.6090574],[-19.5380383,63.6078175],[-19.5383601,63.6073596],[-19.5387249,63.607436],[-19.5392185,63.6073596],[-19.5395832,63.6075886],[-19.5403343,63.6072929],[-19.540227,63.6069686],[-19.5398193,63.6068541],[-19.5373302,63.6049654],[-19.5363646,63.6035154],[-19.5364933,63.6029717],[-19.5357423,63.6026091],[-19.5352059,63.60197],[-19.5346265,63.6004244],[-19.5348196,63.6001382],[-19.5346694,63.5998424],[-19.5342832,63.5994608],[-19.534648,63.5989933],[-19.5334678,63.5984112],[-19.5300989,63.5959018],[-19.5296912,63.5951765],[-19.52982,63.5946231],[-19.5311289,63.5932584],[-19.5313006,63.5923518],[-19.5319872,63.5920369],[-19.5321589,63.5916074],[-19.5326739,63.591512],[-19.5330601,63.5900709],[-19.5333605,63.5899468],[-19.5338326,63.5894696],[-19.5346909,63.5896127],[-19.5357423,63.5896605],[-19.5366221,63.5900422],[-19.5370083,63.5900136],[-19.5372307,63.5897783]]],[[[-19.5372307,63.5897783],[-19.5378022,63.5891737],[-19.5381027,63.5884674],[-19.5386606,63.5882002],[-19.5385533,63.5879615],[-19.539197,63.5875225],[-19.5402699,63.5872552],[-19.5405703,63.5876275],[-19.539948,63.5879233],[-19.5397549,63.5882861],[-19.5399051,63.5885247],[-19.540463,63.5889255],[-19.540227,63.5891832],[-19.5408063,63.5900518],[-19.5404415,63.5901949],[-19.5404415,63.590529],[-19.5416861,63.5914357],[-19.5419007,63.5918556],[-19.5424156,63.591951],[-19.5431452,63.5930676],[-19.54351,63.593163],[-19.5441323,63.5930199],[-19.5449047,63.5933539],[-19.5447974,63.5936879],[-19.5452051,63.5938787],[-19.545291,63.5941555],[-19.5456128,63.5943368],[-19.5462995,63.5944418],[-19.5474797,63.5953578],[-19.5481878,63.5963025],[-19.5483594,63.5973426],[-19.5487242,63.5984971],[-19.5490675,63.598812],[-19.549325,63.5991936],[-19.5497756,63.5995085],[-19.5507412,63.5995657],[-19.5515781,63.5992127],[-19.5523505,63.5995466],[-19.5533161,63.5997661],[-19.5544749,63.6002813],[-19.555419,63.5997088],[-19.5568137,63.6004053],[-19.5610409,63.6019986],[-19.5627665,63.6021758],[-19.5633113,63.6021758]]],[[[-19.5633113,63.6021758],[-19.5647173,63.601918],[-19.5648403,63.6010428],[-19.5664045,63.6006912],[-19.5680213,63.6012772],[-19.5695152,63.602168],[-19.569234,63.6031838],[-19.5702006,63.6033557],[-19.5707805,63.6029416],[-19.5740846,63.6032854],[-19.574067,63.6031603],[-19.5732058,63.6028634],[-19.572661,63.6025353],[-19.5713957,63.6020039],[-19.5712726,63.6016211],[-19.571712,63.6010272],[-19.5712199,63.6003552],[-19.5705872,63.6004099],[-19.5699018,63.5998551],[-19.5703236,63.5994253],[-19.5697261,63.5988236],[-19.5697612,63.5984016],[-19.5703939,63.5984328],[-19.5706751,63.598214],[-19.5711848,63.5985891],[-19.5724853,63.5987845],[-19.5736276,63.5993393],[-19.5737858,63.5998004],[-19.5740494,63.5998473],[-19.5746645,63.599605],[-19.5752621,63.5997613],[-19.5756311,63.600277],[-19.5755257,63.6007615],[-19.5758948,63.6009256],[-19.5775643,63.6008631],[-19.5780916,63.6003396],[-19.577494,63.5996441],[-19.5776346,63.5992065],[-19.578654,63.5991049],[-19.5781267,63.5984406],[-19.5771426,63.5982296],[-19.5755784,63.5973231],[-19.5745064,63.5973856],[-19.5723623,63.5960727],[-19.5730828,63.5958851],[-19.5742427,63.5966745],[-19.576545,63.596862],[-19.5772831,63.5967135],[-19.5778455,63.5969167],[-19.5783904,63.5969089],[-19.5784782,63.5966276],[-19.5778104,63.596354],[-19.5778983,63.5959945],[-19.5788649,63.595932],[-19.5795151,63.5967135],[-19.5792164,63.5971277],[-19.580552,63.5976904],[-19.5811496,63.5975966],[-19.5821513,63.5975732],[-19.5824852,63.5973544],[-19.5818877,63.5969871],[-19.5802708,63.5967292],[-19.5798315,63.5965729],[-19.5794097,63.5961118],[-19.5806575,63.5961508],[-19.5815011,63.5959242],[-19.5815889,63.5954553],[-19.582204,63.5954865],[-19.5830301,63.5951895],[-19.5833112,63.5949785],[-19.5838736,63.5951426],[-19.5833991,63.595338],[-19.5840142,63.5957757],[-19.5844887,63.5959476],[-19.5844184,63.5963853],[-19.5848754,63.5969011],[-19.5857365,63.5972215],[-19.5860353,63.5971824],[-19.5858596,63.5969167],[-19.5861408,63.5964791],[-19.5860177,63.5961821],[-19.5855081,63.5960102],[-19.5856662,63.5957913],[-19.5861759,63.5958148],[-19.5865801,63.5963931],[-19.5884606,63.597073],[-19.5894624,63.5970652],[-19.5893569,63.5974091],[-19.589726,63.5975029],[-19.590429,63.5974091],[-19.5910265,63.597667],[-19.592907,63.5969949],[-19.5931882,63.5962055],[-19.5942075,63.5959398],[-19.5948402,63.5962837],[-19.5950687,63.5972918],[-19.5942778,63.5980655],[-19.59361,63.5981202],[-19.5934694,63.5979092],[-19.5929421,63.5979952],[-19.5928543,63.5983078],[-19.5935748,63.5988079],[-19.5929773,63.5995972],[-19.5926434,63.6003317],[-19.5932058,63.6005271],[-19.5942778,63.6006912],[-19.5952444,63.6007224],[-19.5965449,63.6003474],[-19.5983903,63.6002536],[-19.5988824,63.6000582],[-19.5991636,63.599902],[-19.5996732,63.600277],[-19.6007277,63.6003943],[-19.6011143,63.6005271]]],[[[-19.6011143,63.6005271],[-19.6018876,63.6003239],[-19.6017294,63.6001755],[-19.6020809,63.6000192],[-19.6028718,63.5999645],[-19.6032233,63.5998394],[-19.6032057,63.5997066],[-19.603733,63.5994331],[-19.6035221,63.5992377],[-19.60303,63.5991518],[-19.60303,63.5989408],[-19.6035572,63.5989173],[-19.6034518,63.5985735],[-19.6040141,63.598339],[-19.6044184,63.5979952],[-19.6047171,63.5975966],[-19.6045414,63.5973231],[-19.604682,63.597245],[-19.6050511,63.5974716],[-19.6054201,63.5974325],[-19.6055783,63.5972606],[-19.6056486,63.5968073],[-19.6053498,63.5965572],[-19.6054728,63.596354],[-19.6052268,63.5960649],[-19.6048577,63.5960336],[-19.6045062,63.5958148],[-19.6046117,63.5955725],[-19.6050511,63.595338],[-19.6055783,63.5943923],[-19.6057013,63.5930949],[-19.6058595,63.5925634],[-19.606457,63.5922742],[-19.6066503,63.5919849],[-19.6078103,63.5911955],[-19.6081969,63.5912971],[-19.6082848,63.5910391],[-19.6087417,63.5910469],[-19.6092162,63.5906405],[-19.6096205,63.590531],[-19.6097083,63.5902574],[-19.6100646,63.5901332]]]]}}